project_id,project_type,state,district,land_area_hectares,affected_families,documentation_completeness,approval_progress,compensation_progress,legal_dispute_count,pending_notifications,ownership_conflict_count,rehabilitation_progress,stakeholder_responsiveness,department_coordination_score,possession_progress,current_stage,days_elapsed,target_duration_days,delay_status
LA-00001,Power,Maharashtra,Pune,10.99,76,89.01,100.0,58.85,0,3,2,54.38,58.73,61.62,75.34,Compensation,105,379,0
LA-00002,Railway,Madhya Pradesh,Bhopal,9.5,49,41.63,57.41,77.15,0,2,3,100.0,75.88,75.24,64.94,Notification,297,419,0
LA-00003,Power,Maharashtra,Thane,14.27,32,81.55,30.81,34.78,4,1,0,64.72,65.69,64.58,37.94,Rehabilitation,400,494,1
LA-00004,Highway,Gujarat,Ahmedabad,5.0,102,93.09,87.89,80.61,1,2,1,55.03,55.53,84.63,91.92,Valuation,394,511,0
LA-00005,Railway,Gujarat,Kutch,24.44,114,100.0,51.59,55.23,1,4,2,58.54,63.76,62.32,66.61,Valuation,469,607,0
LA-00006,Power,Telangana,Warangal,8.5,48,72.43,62.16,31.8,0,2,0,67.11,73.22,78.15,56.41,Rehabilitation,207,492,0
LA-00007,Urban Development,Karnataka,Bengaluru,5.0,74,79.02,100.0,59.77,0,3,1,67.24,51.96,94.91,90.35,Valuation,265,571,0
LA-00008,Power,Telangana,Nizamabad,15.46,93,69.44,38.99,65.51,3,1,3,34.5,77.47,74.09,66.56,Compensation,350,454,1
LA-00009,Railway,Madhya Pradesh,Jabalpur,20.9,56,88.5,94.34,68.98,0,1,0,80.34,71.5,48.1,85.21,Notification,428,573,0
LA-00010,Highway,Telangana,Hyderabad,5.0,119,85.02,86.44,100.0,1,6,1,54.11,52.93,52.67,88.2,Compensation,310,525,0
LA-00011,Irrigation,Karnataka,Bengaluru,5.0,7,70.41,87.13,68.71,2,1,1,30.1,89.15,70.92,75.09,Rehabilitation,292,551,0
LA-00012,Urban Development,Maharashtra,Aurangabad,5.0,99,100.0,81.42,88.98,3,1,2,82.9,81.03,62.54,84.51,Notification,281,490,1
LA-00013,Urban Development,Karnataka,Mangaluru,5.0,85,78.77,56.97,100.0,3,3,0,75.21,52.56,99.9,79.65,Compensation,372,518,0
LA-00014,Urban Development,Madhya Pradesh,Indore,20.35,189,95.55,39.61,53.35,0,1,2,90.41,53.85,53.32,61.32,Notification,181,358,0
LA-00015,Power,Madhya Pradesh,Jabalpur,25.39,160,75.82,60.69,65.29,3,1,5,100.0,81.74,71.28,75.34,Notification,356,583,1
LA-00016,Railway,Maharashtra,Aurangabad,5.1,49,92.44,77.14,48.76,2,4,0,81.59,74.15,57.95,78.01,Compensation,363,599,0
LA-00017,Industrial,Tamil Nadu,Coimbatore,21.0,96,89.59,63.79,71.13,4,5,1,56.88,26.2,100.0,71.78,Compensation,493,620,0
LA-00018,Irrigation,Madhya Pradesh,Jabalpur,8.7,59,81.94,41.04,33.04,2,2,0,42.76,63.73,57.72,47.15,Notification,567,590,1
LA-00019,Urban Development,Rajasthan,Ajmer,12.83,67,81.81,70.25,66.15,3,4,0,41.45,100.0,55.45,57.5,Valuation,201,500,0
LA-00020,Railway,Uttar Pradesh,Varanasi,8.33,1,84.16,81.43,85.35,0,2,0,77.81,97.53,91.23,80.19,Compensation,356,355,0
LA-00021,Power,Madhya Pradesh,Jabalpur,6.77,75,82.41,76.05,97.36,3,2,0,67.5,89.21,97.74,78.74,Notification,366,516,0
LA-00022,Railway,Gujarat,Rajkot,25.56,193,100.0,65.02,85.37,3,2,5,75.49,95.37,87.67,83.99,Rehabilitation,456,603,0
LA-00023,Irrigation,Maharashtra,Nashik,5.0,71,55.82,83.39,72.07,0,4,0,37.44,51.69,59.94,53.98,Possession,387,474,0
LA-00024,Power,Tamil Nadu,Coimbatore,7.64,47,81.64,67.75,59.14,0,1,1,74.74,83.15,58.72,49.41,Rehabilitation,350,529,0
LA-00025,Industrial,Uttar Pradesh,Kanpur,6.67,35,50.69,74.07,47.36,0,1,0,25.87,100.0,85.87,57.03,Compensation,448,560,0
LA-00026,Railway,Madhya Pradesh,Ujjain,11.37,66,66.64,97.91,35.19,2,1,0,14.07,86.83,63.13,53.3,Possession,331,470,0
LA-00027,Irrigation,Telangana,Khammam,6.1,36,68.19,85.11,75.02,2,2,0,36.54,73.6,20.66,58.92,Rehabilitation,238,483,1
LA-00028,Irrigation,Madhya Pradesh,Bhopal,9.15,51,78.81,52.79,55.54,0,4,0,84.15,56.46,73.06,65.98,Possession,519,510,0
LA-00029,Industrial,Maharashtra,Pune,5.0,56,84.71,61.58,70.38,2,3,0,100.0,68.37,100.0,81.83,Notification,397,496,0
LA-00030,Railway,Rajasthan,Udaipur,13.69,93,87.67,52.5,55.19,3,1,1,72.23,92.95,97.18,71.46,Possession,448,528,1
LA-00031,Highway,Telangana,Karimnagar,13.54,44,92.78,97.11,73.1,0,1,2,100.0,81.09,69.0,87.71,Possession,476,414,0
LA-00032,Industrial,Karnataka,Mangaluru,13.21,95,85.52,75.0,38.93,4,5,2,27.81,100.0,89.28,56.16,Notification,279,615,1
LA-00033,Power,Maharashtra,Thane,5.65,151,73.59,39.94,58.59,5,0,3,53.45,52.02,67.04,56.68,Compensation,418,607,0
LA-00034,Power,Tamil Nadu,Chennai,12.67,59,68.7,69.34,52.04,2,3,0,42.89,70.13,44.66,50.16,Compensation,530,451,1
LA-00035,Industrial,Rajasthan,Udaipur,5.0,43,79.68,67.39,75.01,0,1,3,34.72,46.38,81.09,73.42,Notification,346,455,0
LA-00036,Power,Karnataka,Mangaluru,6.37,21,64.12,96.32,25.43,0,2,2,78.15,39.74,69.32,72.27,Valuation,345,472,1
LA-00037,Urban Development,Maharashtra,Nagpur,41.44,149,67.41,61.64,35.65,1,2,4,62.42,100.0,98.27,52.29,Possession,473,599,1
LA-00038,Urban Development,Madhya Pradesh,Bhopal,5.0,99,65.66,73.74,47.38,1,3,3,45.32,39.87,59.64,59.22,Compensation,509,667,1
LA-00039,Railway,Gujarat,Kutch,8.53,65,100.0,69.05,29.73,3,2,1,50.39,66.51,81.17,62.34,Compensation,376,451,0
LA-00040,Industrial,Gujarat,Ahmedabad,17.54,70,88.76,39.47,62.73,0,6,1,79.64,70.68,44.71,64.66,Compensation,438,434,1
LA-00041,Irrigation,Madhya Pradesh,Indore,23.51,107,95.54,40.29,69.88,1,1,5,81.35,57.65,95.37,90.27,Valuation,269,512,1
LA-00042,Urban Development,Maharashtra,Pune,5.0,62,64.32,49.88,40.88,1,2,3,13.59,43.85,49.79,46.95,Rehabilitation,472,507,1
LA-00043,Highway,Rajasthan,Jodhpur,5.0,49,87.44,57.54,53.09,4,3,1,55.97,72.06,42.72,70.61,Rehabilitation,404,644,0
LA-00044,Urban Development,Rajasthan,Kota,9.66,43,79.78,35.03,36.34,1,2,1,81.22,48.99,100.0,54.56,Possession,465,463,1
LA-00045,Urban Development,Telangana,Warangal,8.95,94,93.86,78.43,72.92,5,2,1,77.16,92.13,55.3,78.38,Possession,371,551,0
LA-00046,Power,Madhya Pradesh,Jabalpur,7.67,113,55.05,99.9,68.7,5,2,2,66.4,59.97,37.42,77.14,Rehabilitation,385,553,1
LA-00047,Power,Tamil Nadu,Salem,25.85,98,68.56,100.0,32.14,2,1,2,7.23,81.0,68.21,71.02,Possession,206,483,0
LA-00048,Industrial,Maharashtra,Nashik,8.98,48,66.62,71.48,58.95,2,6,0,82.81,61.14,73.54,74.67,Valuation,477,504,1
LA-00049,Highway,Tamil Nadu,Chennai,5.0,75,50.95,81.29,50.04,1,0,1,83.9,36.32,83.69,74.4,Possession,278,528,0
LA-00050,Urban Development,Madhya Pradesh,Ujjain,5.0,99,100.0,52.47,64.83,0,1,3,53.54,66.28,95.19,77.27,Valuation,281,502,0
LA-00051,Highway,Maharashtra,Pune,5.0,125,79.95,89.0,59.65,3,0,1,91.61,61.59,77.63,81.71,Valuation,337,521,1
LA-00052,Highway,Gujarat,Rajkot,10.48,31,87.59,59.95,68.66,2,3,1,86.19,65.79,100.0,72.98,Notification,394,568,0
LA-00053,Urban Development,Madhya Pradesh,Jabalpur,14.02,94,87.06,44.92,94.29,1,2,1,78.65,67.49,91.11,82.39,Rehabilitation,391,497,0
LA-00054,Railway,Rajasthan,Ajmer,5.0,92,76.52,86.15,36.59,1,2,0,86.59,53.84,32.29,63.86,Possession,482,495,0
LA-00055,Industrial,Madhya Pradesh,Gwalior,5.59,60,72.53,100.0,72.4,2,1,0,70.32,82.55,70.94,84.65,Rehabilitation,329,507,0
LA-00056,Railway,Maharashtra,Pune,9.75,1,100.0,52.58,72.87,2,3,1,37.48,80.89,72.71,69.45,Rehabilitation,450,633,1
LA-00057,Irrigation,Telangana,Karimnagar,8.65,100,59.7,83.37,40.03,1,2,4,99.15,79.29,76.4,54.66,Rehabilitation,463,461,1
LA-00058,Power,Gujarat,Ahmedabad,12.28,77,80.13,66.54,64.34,2,2,0,33.69,39.2,73.05,58.37,Notification,599,591,0
LA-00059,Industrial,Tamil Nadu,Chennai,5.0,179,54.38,37.09,86.5,5,1,4,100.0,64.22,79.96,70.1,Valuation,317,553,0
LA-00060,Railway,Madhya Pradesh,Ujjain,5.0,117,51.3,50.21,84.7,2,2,3,36.42,63.51,74.03,73.14,Rehabilitation,341,544,0
LA-00061,Railway,Telangana,Warangal,5.89,95,86.49,44.07,89.29,2,3,1,52.78,51.29,100.0,64.19,Compensation,465,546,1
LA-00062,Industrial,Madhya Pradesh,Indore,6.66,133,100.0,39.26,69.89,3,5,1,95.03,34.29,40.79,70.66,Rehabilitation,288,494,0
LA-00063,Urban Development,Maharashtra,Pune,8.91,10,83.62,86.67,20.14,0,6,0,68.98,48.19,81.33,55.48,Possession,514,467,0
LA-00064,Highway,Maharashtra,Nashik,5.0,26,72.62,94.26,67.12,0,2,1,100.0,75.87,55.85,67.32,Valuation,306,356,0
LA-00065,Industrial,Uttar Pradesh,Varanasi,14.43,88,82.27,69.97,55.53,1,6,0,71.14,44.24,63.65,58.42,Valuation,470,596,0
LA-00066,Industrial,Gujarat,Surat,8.65,79,91.9,97.8,76.27,1,1,0,60.25,41.76,79.14,82.46,Rehabilitation,200,400,0
LA-00067,Highway,Telangana,Nizamabad,5.0,102,100.0,94.38,59.3,0,1,3,95.78,60.66,57.28,81.76,Rehabilitation,302,462,0
LA-00068,Irrigation,Telangana,Khammam,15.33,1,93.88,42.66,59.06,2,0,0,31.92,31.96,62.95,56.57,Rehabilitation,360,546,1
LA-00069,Railway,Madhya Pradesh,Jabalpur,7.3,104,80.03,50.54,90.32,0,1,2,56.2,40.56,40.96,78.08,Valuation,268,490,1
LA-00070,Highway,Gujarat,Rajkot,31.84,104,93.66,98.21,90.72,1,1,3,66.64,83.99,74.27,83.32,Notification,433,492,0
LA-00071,Highway,Uttar Pradesh,Prayagraj,5.0,100,98.16,84.38,85.91,2,1,3,41.84,97.11,100.0,88.83,Possession,268,565,0
LA-00072,Railway,Gujarat,Kutch,6.24,30,44.57,100.0,39.73,2,6,2,54.69,62.46,51.3,63.53,Notification,392,518,0
LA-00073,Railway,Maharashtra,Thane,5.0,102,99.05,70.43,70.79,2,5,1,100.0,84.57,53.32,87.0,Notification,337,505,0
LA-00074,Power,Madhya Pradesh,Gwalior,23.5,152,67.63,67.32,64.32,3,4,4,41.16,80.97,42.54,68.93,Notification,628,551,1
LA-00075,Urban Development,Madhya Pradesh,Ujjain,32.75,194,100.0,89.13,50.25,3,4,2,79.87,51.13,67.57,78.31,Possession,371,529,0
LA-00076,Highway,Maharashtra,Aurangabad,5.0,65,61.69,62.56,87.95,0,2,0,100.0,98.86,60.5,81.53,Possession,256,369,0
LA-00077,Urban Development,Tamil Nadu,Madurai,11.14,59,58.11,12.55,63.39,2,2,3,100.0,66.0,66.33,48.8,Valuation,368,466,1
LA-00078,Power,Tamil Nadu,Coimbatore,5.0,52,77.76,72.03,39.12,1,4,1,17.69,47.47,84.3,46.67,Compensation,309,510,1
LA-00079,Industrial,Rajasthan,Kota,5.0,61,70.75,59.16,77.93,2,2,2,49.21,46.56,17.42,62.27,Rehabilitation,217,566,1
LA-00080,Irrigation,Maharashtra,Pune,38.32,178,78.97,57.06,62.7,2,2,7,44.92,80.05,68.9,56.11,Rehabilitation,554,599,0
LA-00081,Urban Development,Maharashtra,Pune,5.25,127,79.93,41.23,84.22,5,3,4,43.96,57.07,60.72,65.65,Possession,450,632,0
LA-00082,Railway,Karnataka,Mysuru,8.7,81,100.0,68.41,73.95,2,0,2,34.5,76.57,55.5,72.56,Compensation,406,540,1
LA-00083,Highway,Madhya Pradesh,Jabalpur,21.19,90,41.93,57.84,92.53,1,2,1,59.45,54.75,33.47,68.56,Compensation,297,599,0
LA-00084,Railway,Uttar Pradesh,Prayagraj,19.69,52,83.51,46.42,90.13,0,3,2,48.85,72.02,51.99,60.87,Compensation,415,521,0
LA-00085,Urban Development,Gujarat,Kutch,5.0,113,82.64,83.01,42.74,4,2,0,63.6,74.64,73.43,72.2,Compensation,425,539,1
LA-00086,Power,Maharashtra,Nashik,12.09,124,69.05,83.19,55.5,1,1,2,68.15,55.08,51.03,57.14,Compensation,617,588,0
LA-00087,Highway,Maharashtra,Thane,7.9,58,65.53,70.72,71.65,0,2,3,87.92,31.8,57.62,82.63,Valuation,378,462,0
LA-00088,Irrigation,Karnataka,Mangaluru,5.0,149,90.62,71.51,28.76,7,2,0,54.09,51.14,62.27,52.01,Valuation,435,542,1
LA-00089,Power,Tamil Nadu,Coimbatore,6.27,77,96.44,58.45,74.56,2,1,0,100.0,70.07,31.08,70.96,Compensation,379,584,0
LA-00090,Urban Development,Uttar Pradesh,Agra,5.0,88,86.65,38.38,83.69,1,2,1,48.41,70.94,54.01,60.61,Notification,417,600,0
LA-00091,Highway,Telangana,Nizamabad,5.0,139,76.32,70.38,79.58,4,0,1,65.6,67.34,66.25,71.67,Notification,278,464,1
LA-00092,Highway,Tamil Nadu,Coimbatore,5.0,114,99.88,79.42,82.6,2,6,3,100.0,53.09,52.24,94.31,Compensation,193,520,1
LA-00093,Railway,Uttar Pradesh,Prayagraj,21.08,158,68.44,65.82,26.96,5,2,0,40.66,78.93,70.12,47.93,Rehabilitation,502,608,1
LA-00094,Urban Development,Gujarat,Ahmedabad,26.55,97,81.89,74.79,83.89,2,5,1,23.05,38.27,66.97,65.87,Notification,383,428,0
LA-00095,Power,Rajasthan,Ajmer,6.27,182,82.96,87.99,100.0,2,2,6,87.06,73.38,63.82,92.05,Notification,357,545,0
LA-00096,Irrigation,Rajasthan,Udaipur,7.09,13,63.67,82.8,48.04,0,6,1,65.77,19.61,90.98,66.54,Valuation,424,454,0
LA-00097,Highway,Karnataka,Hubballi,7.28,61,97.11,88.95,47.0,1,2,1,69.77,57.29,85.42,78.3,Notification,400,541,0
LA-00098,Irrigation,Madhya Pradesh,Bhopal,19.03,108,96.19,69.47,44.6,1,1,2,56.09,53.1,70.54,69.04,Notification,342,502,0
LA-00099,Irrigation,Telangana,Khammam,5.0,41,64.92,51.2,82.25,0,2,2,55.35,50.91,76.03,66.98,Valuation,587,533,0
LA-00100,Railway,Rajasthan,Jodhpur,8.6,116,61.45,79.53,75.12,2,2,1,85.45,100.0,55.2,81.7,Rehabilitation,350,539,0
LA-00101,Highway,Rajasthan,Kota,5.0,126,73.36,54.45,80.03,5,2,3,48.28,87.31,92.25,70.41,Rehabilitation,371,598,1
LA-00102,Power,Madhya Pradesh,Jabalpur,19.36,111,75.88,13.35,64.37,2,4,3,25.4,63.81,87.48,63.78,Valuation,339,502,1
LA-00103,Power,Maharashtra,Aurangabad,5.0,149,62.69,82.77,56.77,1,1,2,74.48,37.49,49.59,63.99,Notification,353,378,0
LA-00104,Industrial,Madhya Pradesh,Bhopal,7.48,79,87.3,46.38,88.52,2,0,2,77.17,82.36,87.66,70.03,Rehabilitation,303,392,0
LA-00105,Irrigation,Karnataka,Mysuru,8.49,91,74.21,99.8,28.78,0,1,2,40.12,68.42,74.15,51.77,Valuation,343,461,0
LA-00106,Highway,Madhya Pradesh,Gwalior,11.54,98,71.72,44.04,98.72,2,3,0,31.92,84.97,50.4,62.49,Compensation,459,536,0
LA-00107,Irrigation,Maharashtra,Nagpur,6.35,61,74.93,97.46,15.34,0,1,0,96.8,59.42,80.59,54.03,Compensation,592,510,0
LA-00108,Power,Telangana,Khammam,5.0,100,68.12,70.53,76.59,3,2,1,57.96,43.13,47.49,71.48,Compensation,382,597,0
LA-00109,Highway,Maharashtra,Nagpur,7.27,56,64.47,76.78,47.32,2,4,2,22.41,54.31,84.23,43.3,Valuation,379,565,1
LA-00110,Urban Development,Karnataka,Bengaluru,5.0,85,74.78,39.2,100.0,2,6,0,73.18,100.0,47.46,72.02,Notification,367,575,0
LA-00111,Urban Development,Telangana,Nizamabad,5.04,119,95.63,84.81,43.05,3,0,1,70.14,54.49,70.61,60.88,Compensation,434,487,0
LA-00112,Industrial,Maharashtra,Aurangabad,10.7,35,57.63,87.27,76.75,4,2,1,48.95,45.29,78.65,68.07,Possession,423,569,0
LA-00113,Railway,Karnataka,Bengaluru,5.43,87,100.0,100.0,77.35,5,4,1,55.6,89.16,86.88,89.65,Rehabilitation,133,574,0
LA-00114,Highway,Madhya Pradesh,Jabalpur,5.0,62,76.78,39.64,56.15,2,3,2,81.37,79.5,61.38,52.78,Rehabilitation,414,554,1
LA-00115,Highway,Tamil Nadu,Tiruchirappalli,17.98,178,79.19,57.2,41.95,5,3,1,33.56,78.82,67.24,64.98,Compensation,407,690,1
LA-00116,Power,Maharashtra,Nagpur,5.0,32,61.73,76.88,62.93,0,2,1,60.79,52.83,36.77,54.56,Possession,245,379,1
LA-00117,Irrigation,Telangana,Nizamabad,15.78,31,79.49,77.92,62.17,0,3,0,64.46,91.8,88.25,60.36,Rehabilitation,469,533,0
LA-00118,Power,Karnataka,Mangaluru,9.22,128,97.88,65.41,63.04,4,2,0,23.25,78.29,54.44,60.47,Valuation,474,594,0
LA-00119,Railway,Telangana,Karimnagar,29.95,168,56.03,83.79,52.93,3,1,2,66.32,100.0,64.59,77.79,Valuation,479,657,0
LA-00120,Urban Development,Karnataka,Belagavi,8.72,119,93.08,54.73,64.83,3,5,3,76.4,63.81,60.11,74.45,Possession,364,533,1
LA-00121,Highway,Karnataka,Hubballi,13.94,85,82.29,62.48,100.0,1,1,0,35.56,83.81,76.12,79.28,Valuation,351,573,0
LA-00122,Industrial,Tamil Nadu,Salem,5.0,1,87.06,90.98,53.73,2,4,0,43.97,88.11,73.15,93.37,Rehabilitation,268,506,0
LA-00123,Industrial,Madhya Pradesh,Ujjain,5.41,148,59.25,77.18,42.27,2,1,3,72.83,53.81,47.35,57.15,Rehabilitation,637,532,1
LA-00124,Power,Rajasthan,Jaipur,5.0,81,85.57,28.16,95.08,2,4,0,92.2,21.39,53.34,72.27,Compensation,292,467,0
LA-00125,Urban Development,Tamil Nadu,Chennai,6.65,85,32.36,75.19,62.99,3,0,5,41.64,89.93,58.74,47.05,Valuation,372,527,0
LA-00126,Power,Karnataka,Mysuru,5.13,63,93.99,79.92,64.97,0,4,1,64.6,56.81,47.42,58.61,Valuation,311,471,0
LA-00127,Railway,Gujarat,Ahmedabad,12.44,33,74.57,69.87,77.17,1,6,1,76.04,53.59,79.52,76.34,Valuation,361,483,0
LA-00128,Industrial,Maharashtra,Aurangabad,23.41,106,94.0,49.35,72.75,1,1,1,100.0,63.64,70.28,81.02,Rehabilitation,450,479,0
LA-00129,Power,Madhya Pradesh,Gwalior,15.51,39,79.67,68.94,32.72,0,2,1,86.52,88.89,79.67,69.63,Rehabilitation,293,527,1
LA-00130,Industrial,Madhya Pradesh,Bhopal,7.01,94,51.4,71.91,58.2,6,1,0,76.3,61.96,83.62,72.04,Notification,349,527,0
LA-00131,Highway,Telangana,Warangal,5.0,104,57.58,83.84,93.37,0,6,4,75.11,78.0,44.81,78.54,Valuation,307,375,1
LA-00132,Power,Uttar Pradesh,Lucknow,8.16,133,97.91,81.17,60.47,4,2,4,60.03,42.46,97.97,83.65,Possession,427,602,0
LA-00133,Railway,Maharashtra,Aurangabad,5.0,61,49.87,80.78,67.32,1,0,0,78.37,51.85,67.32,77.18,Valuation,376,512,0
LA-00134,Industrial,Tamil Nadu,Salem,5.62,105,64.33,87.91,50.11,3,1,4,66.08,84.41,58.01,63.85,Possession,317,507,1
LA-00135,Power,Telangana,Khammam,6.02,66,76.95,79.59,83.24,1,1,0,44.41,95.39,49.51,67.46,Rehabilitation,459,520,0
LA-00136,Railway,Uttar Pradesh,Varanasi,6.55,61,83.12,73.68,100.0,1,1,0,68.4,47.92,48.65,59.87,Compensation,557,530,0
LA-00137,Railway,Karnataka,Mangaluru,10.13,1,73.26,86.9,62.92,1,4,0,26.28,99.26,65.07,63.35,Rehabilitation,515,456,1
LA-00138,Power,Madhya Pradesh,Jabalpur,6.51,1,92.68,52.15,72.85,0,1,1,29.0,73.82,50.11,62.43,Rehabilitation,355,529,0
LA-00139,Highway,Karnataka,Mysuru,10.19,103,86.84,50.44,48.99,2,0,4,43.76,26.26,59.48,55.57,Compensation,298,480,1
LA-00140,Irrigation,Tamil Nadu,Tiruchirappalli,6.36,149,74.5,69.11,37.29,5,1,5,100.0,39.98,71.01,61.19,Notification,492,669,1
LA-00141,Railway,Rajasthan,Jodhpur,5.0,90,52.21,85.01,54.84,3,3,2,32.88,98.68,72.48,55.72,Rehabilitation,417,467,0
LA-00142,Power,Rajasthan,Jodhpur,5.0,115,70.26,52.22,85.02,3,2,3,81.03,97.45,50.28,71.18,Notification,432,547,0
LA-00143,Industrial,Telangana,Nizamabad,19.39,128,85.93,100.0,43.12,6,1,3,100.0,72.59,100.0,80.32,Possession,402,504,0
LA-00144,Industrial,Telangana,Hyderabad,6.11,118,79.8,95.27,45.38,5,0,2,73.04,72.0,49.66,87.1,Valuation,473,674,0
LA-00145,Industrial,Telangana,Khammam,5.0,102,76.88,79.01,54.52,0,2,1,56.49,30.69,88.52,72.83,Notification,173,526,0
LA-00146,Urban Development,Telangana,Karimnagar,5.0,7,29.85,60.98,76.14,1,3,2,88.81,58.74,69.52,62.2,Notification,278,403,0
LA-00147,Irrigation,Karnataka,Belagavi,5.62,84,61.63,65.87,77.42,1,2,3,63.77,58.7,64.8,59.67,Rehabilitation,413,400,1
LA-00148,Urban Development,Madhya Pradesh,Gwalior,5.0,90,72.34,68.13,52.35,3,7,3,23.65,74.43,74.21,56.28,Valuation,497,612,0
LA-00149,Irrigation,Telangana,Karimnagar,12.48,63,100.0,16.71,78.8,1,1,3,17.65,94.16,48.78,63.56,Notification,364,476,1
LA-00150,Industrial,Tamil Nadu,Salem,17.64,32,87.73,79.01,22.86,0,3,0,32.12,62.34,88.88,71.16,Valuation,265,451,0
LA-00151,Industrial,Rajasthan,Ajmer,5.0,71,79.42,59.6,56.11,1,2,1,58.04,68.83,77.97,71.66,Possession,353,440,1
LA-00152,Highway,Telangana,Khammam,5.0,130,73.43,58.18,78.41,2,2,2,75.26,57.03,17.67,60.02,Possession,223,480,0
LA-00153,Power,Gujarat,Ahmedabad,12.02,116,75.08,66.61,46.26,2,0,2,27.71,41.66,83.97,50.53,Rehabilitation,277,497,0
LA-00154,Railway,Uttar Pradesh,Kanpur,11.16,66,98.1,79.64,48.69,1,5,2,93.63,45.17,100.0,73.34,Notification,118,412,0
LA-00155,Irrigation,Telangana,Nizamabad,15.52,113,100.0,75.91,78.6,2,3,3,42.62,82.71,100.0,65.7,Valuation,313,513,0
LA-00156,Industrial,Tamil Nadu,Madurai,13.54,49,90.07,91.46,71.16,1,1,0,53.13,25.7,50.72,88.59,Rehabilitation,275,422,0
LA-00157,Irrigation,Telangana,Nizamabad,27.05,190,64.86,70.01,68.32,4,4,4,40.85,50.38,57.18,71.93,Notification,476,706,1
LA-00158,Industrial,Gujarat,Kutch,18.88,4,90.05,54.8,70.32,1,0,1,96.84,54.86,91.06,77.56,Notification,379,488,0
LA-00159,Irrigation,Madhya Pradesh,Indore,22.98,26,54.39,58.1,57.78,0,2,0,45.14,93.54,76.08,48.54,Notification,499,417,1
LA-00160,Highway,Madhya Pradesh,Bhopal,18.35,50,83.55,100.0,79.46,2,2,0,84.86,84.39,100.0,80.98,Notification,363,497,0
LA-00161,Urban Development,Rajasthan,Jodhpur,5.0,79,98.07,100.0,78.46,1,3,4,29.51,95.99,45.84,63.62,Valuation,418,496,1
LA-00162,Industrial,Maharashtra,Thane,6.09,60,75.36,85.32,86.23,2,3,2,89.37,44.5,66.74,77.96,Valuation,295,437,0
LA-00163,Industrial,Karnataka,Hubballi,5.0,15,65.95,100.0,52.43,2,2,0,64.27,32.07,96.83,68.12,Valuation,240,469,1
LA-00164,Urban Development,Maharashtra,Nashik,12.69,182,98.24,74.25,86.59,4,1,3,86.54,56.72,91.64,88.54,Compensation,293,600,0
LA-00165,Highway,Gujarat,Rajkot,8.64,75,85.41,19.36,79.01,4,2,1,63.03,100.0,55.02,54.66,Possession,510,542,0
LA-00166,Power,Telangana,Karimnagar,5.0,90,98.54,92.83,51.69,3,3,2,90.46,72.26,72.62,73.04,Valuation,526,548,1
LA-00167,Highway,Madhya Pradesh,Indore,5.0,66,69.21,59.04,52.16,1,3,1,56.74,70.53,56.78,65.93,Compensation,425,509,1
LA-00168,Power,Maharashtra,Thane,11.91,63,74.28,68.17,62.22,0,4,1,61.25,46.79,90.76,80.74,Notification,74,470,0
LA-00169,Irrigation,Telangana,Nizamabad,8.07,102,62.43,92.69,33.34,0,3,2,46.41,50.05,46.38,60.48,Notification,326,482,0
LA-00170,Urban Development,Tamil Nadu,Chennai,5.0,98,68.93,94.42,44.71,3,2,2,100.0,33.05,52.62,83.28,Rehabilitation,220,508,1
LA-00171,Industrial,Maharashtra,Aurangabad,18.43,14,57.94,75.27,100.0,0,2,0,27.4,74.62,96.12,83.07,Compensation,386,408,0
LA-00172,Power,Uttar Pradesh,Kanpur,23.88,80,67.6,100.0,31.57,0,3,2,15.66,70.39,53.96,54.56,Rehabilitation,638,558,0
LA-00173,Railway,Karnataka,Mangaluru,8.88,129,81.81,88.08,57.46,4,1,3,91.49,53.5,73.6,64.38,Possession,369,581,0
LA-00174,Industrial,Uttar Pradesh,Varanasi,19.03,196,52.85,95.18,89.22,2,2,4,36.64,88.14,84.25,82.91,Possession,193,536,1
LA-00175,Irrigation,Tamil Nadu,Coimbatore,12.86,118,61.24,64.32,90.28,2,3,1,81.47,51.33,58.51,74.22,Notification,501,549,1
LA-00176,Irrigation,Uttar Pradesh,Kanpur,5.0,31,77.4,53.78,39.49,0,4,2,66.21,72.25,100.0,61.9,Rehabilitation,311,405,0
LA-00177,Urban Development,Telangana,Nizamabad,19.19,36,90.43,81.81,60.87,1,4,0,68.13,69.46,67.3,82.13,Notification,219,493,0
LA-00178,Industrial,Tamil Nadu,Coimbatore,19.75,97,100.0,52.8,100.0,1,6,2,69.09,75.56,71.31,80.76,Rehabilitation,362,443,0
LA-00179,Railway,Tamil Nadu,Madurai,10.37,84,53.59,43.68,70.18,3,2,0,8.82,87.91,100.0,43.23,Compensation,319,434,1
LA-00180,Irrigation,Karnataka,Mangaluru,17.39,16,73.15,71.69,100.0,1,2,0,81.52,34.56,44.64,74.55,Notification,417,516,0
LA-00181,Urban Development,Madhya Pradesh,Indore,5.0,67,40.99,73.57,95.43,1,0,1,24.62,65.87,61.83,61.55,Valuation,602,565,0
LA-00182,Power,Telangana,Karimnagar,7.56,91,77.62,76.44,63.76,3,2,1,40.49,84.47,60.54,73.27,Possession,262,478,1
LA-00183,Railway,Uttar Pradesh,Varanasi,5.0,20,42.72,68.28,60.69,0,1,1,52.16,50.18,75.75,64.75,Rehabilitation,252,435,0
LA-00184,Highway,Maharashtra,Nagpur,8.81,80,72.46,66.71,68.67,1,2,0,36.16,47.68,70.62,48.42,Valuation,531,548,0
LA-00185,Industrial,Madhya Pradesh,Jabalpur,6.19,44,69.44,68.11,61.05,0,1,1,69.89,60.0,74.85,67.11,Possession,295,486,1
LA-00186,Irrigation,Uttar Pradesh,Prayagraj,10.91,95,92.65,45.01,39.62,1,2,1,26.35,94.4,87.62,43.16,Possession,606,614,1
LA-00187,Irrigation,Telangana,Khammam,22.83,90,72.42,86.02,39.58,0,2,0,87.53,58.96,55.79,65.68,Compensation,335,498,0
LA-00188,Irrigation,Uttar Pradesh,Agra,27.74,172,100.0,60.6,54.56,7,2,5,54.09,79.91,30.47,57.91,Compensation,597,665,1
LA-00189,Irrigation,Madhya Pradesh,Indore,18.56,82,98.29,58.89,67.51,4,4,1,73.71,73.94,99.18,70.42,Valuation,351,507,0
LA-00190,Irrigation,Maharashtra,Thane,5.0,159,81.81,63.07,28.55,0,0,5,53.7,61.27,82.09,69.2,Valuation,485,579,1
LA-00191,Railway,Madhya Pradesh,Gwalior,5.0,84,95.14,59.01,27.8,2,1,2,96.13,43.84,65.47,64.12,Compensation,368,632,0
LA-00192,Power,Karnataka,Bengaluru,5.0,43,100.0,70.99,80.91,0,3,0,45.4,75.26,76.26,75.96,Valuation,355,495,1
LA-00193,Irrigation,Madhya Pradesh,Jabalpur,18.05,159,73.76,100.0,18.72,3,1,3,68.55,79.02,66.5,61.97,Valuation,586,631,1
LA-00194,Irrigation,Gujarat,Kutch,5.0,149,84.13,52.73,63.31,3,0,2,60.43,77.45,70.41,53.18,Valuation,428,507,0
LA-00195,Irrigation,Gujarat,Ahmedabad,5.0,4,76.96,58.96,100.0,0,1,0,100.0,72.35,64.12,83.15,Possession,236,517,0
LA-00196,Irrigation,Rajasthan,Udaipur,41.21,83,94.26,80.34,59.13,3,4,0,59.46,54.22,68.12,74.25,Notification,380,525,0
LA-00197,Highway,Karnataka,Belagavi,8.82,35,69.48,98.53,71.24,2,1,2,80.17,49.71,59.63,76.09,Rehabilitation,460,600,0
LA-00198,Industrial,Tamil Nadu,Coimbatore,6.07,59,72.8,82.67,48.64,0,0,2,100.0,29.77,71.44,65.02,Notification,417,469,0
LA-00199,Irrigation,Uttar Pradesh,Lucknow,5.0,139,76.07,74.43,91.16,5,2,6,35.23,63.99,74.17,82.94,Notification,491,545,1
LA-00200,Industrial,Uttar Pradesh,Lucknow,5.48,70,72.55,44.57,61.84,0,2,2,32.2,34.37,56.77,67.17,Possession,345,471,1
LA-00201,Power,Gujarat,Surat,8.36,78,79.13,15.74,69.64,4,3,2,71.6,24.03,93.75,59.5,Valuation,462,571,1
LA-00202,Urban Development,Karnataka,Bengaluru,8.08,60,91.49,64.05,58.58,1,1,1,83.67,53.76,69.83,72.79,Valuation,395,608,0
LA-00203,Highway,Telangana,Khammam,6.83,28,55.75,100.0,60.48,0,4,1,82.48,68.22,80.1,61.96,Possession,191,446,0
LA-00204,Urban Development,Madhya Pradesh,Ujjain,5.0,80,67.35,79.88,1.2,0,4,1,39.44,45.48,70.82,51.44,Rehabilitation,449,601,1
LA-00205,Industrial,Uttar Pradesh,Agra,5.0,60,100.0,69.19,69.37,3,2,1,23.49,96.7,63.75,77.82,Possession,184,521,1
LA-00206,Industrial,Karnataka,Mangaluru,12.92,8,78.55,11.91,77.01,1,4,0,61.73,77.43,29.3,44.3,Possession,441,457,0
LA-00207,Highway,Maharashtra,Nashik,7.04,100,82.95,30.09,39.33,1,0,1,82.31,66.06,34.11,41.17,Valuation,302,481,0
LA-00208,Irrigation,Maharashtra,Nashik,7.67,131,94.54,54.42,68.47,4,3,1,49.02,71.71,59.8,55.69,Valuation,693,624,1
LA-00209,Railway,Maharashtra,Nashik,5.27,14,61.44,84.07,35.24,3,0,0,21.65,68.89,38.58,53.8,Notification,389,529,1
LA-00210,Industrial,Uttar Pradesh,Prayagraj,18.22,14,62.43,90.93,80.72,0,4,1,82.49,56.22,77.6,92.78,Rehabilitation,112,460,0
LA-00211,Irrigation,Gujarat,Surat,35.12,158,66.88,70.55,62.96,2,2,4,22.03,80.99,80.47,58.65,Compensation,560,599,1
LA-00212,Power,Karnataka,Belagavi,16.21,65,78.55,56.55,68.91,1,3,0,18.19,57.08,71.42,68.47,Notification,319,450,0
LA-00213,Power,Madhya Pradesh,Jabalpur,5.0,84,67.67,61.91,48.9,4,3,2,25.62,89.6,86.97,61.08,Possession,392,616,1
LA-00214,Power,Madhya Pradesh,Gwalior,14.55,136,70.24,62.54,100.0,4,0,3,57.5,55.31,90.25,88.46,Notification,404,524,0
LA-00215,Urban Development,Madhya Pradesh,Bhopal,8.02,57,47.72,25.39,68.99,1,3,1,46.52,79.04,82.24,38.02,Compensation,325,452,1
LA-00216,Railway,Maharashtra,Pune,24.47,77,69.75,72.48,50.23,2,2,3,62.3,56.13,50.97,65.68,Valuation,327,484,0
LA-00217,Irrigation,Karnataka,Belagavi,8.05,97,83.49,95.68,92.49,2,4,1,73.06,44.11,75.14,79.66,Notification,370,564,0
LA-00218,Industrial,Karnataka,Belagavi,5.0,20,89.48,79.44,44.57,0,3,0,95.2,78.79,85.63,58.13,Compensation,360,482,1
LA-00219,Urban Development,Uttar Pradesh,Varanasi,12.84,97,89.18,68.61,37.89,1,1,0,85.39,95.17,63.62,55.1,Notification,562,552,0
LA-00220,Urban Development,Gujarat,Vadodara,10.3,19,90.99,68.94,51.88,2,5,1,64.03,86.9,72.29,67.59,Compensation,307,589,0
LA-00221,Urban Development,Karnataka,Bengaluru,9.94,108,76.29,68.85,73.03,3,0,2,54.45,57.25,81.8,62.44,Notification,416,655,0
LA-00222,Railway,Gujarat,Rajkot,5.0,45,63.66,74.44,65.71,1,3,0,60.14,85.17,84.56,64.9,Possession,310,444,1
LA-00223,Highway,Rajasthan,Udaipur,5.64,69,90.33,72.73,91.01,3,2,1,59.72,67.84,72.85,76.7,Possession,451,608,0
LA-00224,Power,Uttar Pradesh,Agra,15.64,36,100.0,55.33,49.26,1,5,0,38.98,90.97,71.01,57.63,Valuation,187,564,0
LA-00225,Urban Development,Telangana,Karimnagar,28.05,85,89.42,58.55,34.17,1,3,2,69.95,78.46,48.03,39.86,Notification,389,358,0
LA-00226,Industrial,Tamil Nadu,Salem,22.45,86,100.0,66.78,33.76,3,1,1,66.77,64.55,53.61,76.74,Compensation,409,512,0
LA-00227,Irrigation,Maharashtra,Nashik,5.0,150,63.45,70.71,78.35,2,4,2,20.85,44.52,55.8,69.38,Compensation,385,619,1
LA-00228,Industrial,Uttar Pradesh,Agra,5.0,72,82.13,89.03,75.59,2,2,2,55.42,64.04,67.79,80.44,Rehabilitation,476,511,1
LA-00229,Urban Development,Gujarat,Vadodara,10.25,98,79.38,69.24,100.0,1,1,0,88.42,68.75,65.08,83.83,Notification,168,549,0
LA-00230,Irrigation,Karnataka,Hubballi,7.38,150,78.33,46.22,62.9,5,5,2,34.89,77.47,100.0,78.63,Notification,319,589,1
LA-00231,Industrial,Gujarat,Kutch,5.0,89,52.55,95.62,49.36,2,3,0,77.33,44.34,65.45,76.25,Rehabilitation,391,572,0
LA-00232,Industrial,Gujarat,Surat,7.5,127,72.43,4.5,46.01,3,3,1,89.01,67.32,54.08,43.09,Possession,350,445,1
LA-00233,Irrigation,Uttar Pradesh,Varanasi,5.0,109,86.62,68.85,33.3,2,2,2,43.01,40.22,75.4,55.12,Notification,415,558,0
LA-00234,Railway,Karnataka,Mangaluru,18.65,85,74.87,53.09,63.69,2,4,0,58.5,72.82,70.91,74.94,Valuation,293,486,0
LA-00235,Irrigation,Uttar Pradesh,Varanasi,5.0,79,89.66,67.17,89.66,1,2,0,72.74,15.5,100.0,87.3,Notification,424,513,1
LA-00236,Highway,Madhya Pradesh,Bhopal,15.78,76,82.57,49.07,45.76,3,1,1,27.24,53.79,70.8,63.14,Compensation,629,699,1
LA-00237,Urban Development,Gujarat,Kutch,5.0,95,66.42,89.36,85.86,3,2,0,92.97,52.56,98.97,88.67,Rehabilitation,281,580,0
LA-00238,Highway,Madhya Pradesh,Indore,6.69,66,61.57,94.18,49.45,1,3,1,49.63,75.56,53.87,65.57,Rehabilitation,262,580,1
LA-00239,Highway,Rajasthan,Udaipur,17.29,73,100.0,95.85,100.0,2,2,1,67.33,89.93,30.56,95.92,Compensation,299,595,0
LA-00240,Urban Development,Karnataka,Belagavi,19.77,80,67.9,42.15,92.23,1,2,4,100.0,91.99,89.06,78.34,Rehabilitation,360,547,0
LA-00241,Industrial,Madhya Pradesh,Gwalior,6.69,91,66.85,65.29,43.33,3,2,2,86.86,75.79,30.03,47.3,Possession,527,595,0
LA-00242,Railway,Telangana,Warangal,27.35,106,72.3,100.0,77.79,2,1,0,43.95,63.51,75.63,91.38,Possession,276,454,0
LA-00243,Urban Development,Rajasthan,Jaipur,5.0,61,90.46,44.52,87.07,1,4,1,71.71,83.75,72.33,72.77,Compensation,428,526,0
LA-00244,Industrial,Tamil Nadu,Tiruchirappalli,8.6,71,50.81,100.0,36.84,3,3,5,35.23,59.19,100.0,58.46,Compensation,527,632,1
LA-00245,Highway,Karnataka,Hubballi,24.69,76,77.75,33.97,49.39,3,1,2,14.25,82.19,70.35,46.55,Possession,417,525,1
LA-00246,Urban Development,Uttar Pradesh,Kanpur,5.0,82,81.85,76.13,64.07,1,3,4,43.37,66.91,76.02,80.26,Rehabilitation,306,446,1
LA-00247,Urban Development,Uttar Pradesh,Agra,7.92,60,86.36,70.82,47.82,3,2,1,59.36,65.7,63.77,70.59,Compensation,259,461,0
LA-00248,Urban Development,Telangana,Karimnagar,11.04,84,91.7,71.51,41.45,2,3,2,65.92,48.09,56.77,49.22,Compensation,338,508,1
LA-00249,Railway,Madhya Pradesh,Ujjain,5.94,76,80.54,71.96,73.59,0,4,3,80.25,54.15,58.14,68.31,Rehabilitation,471,521,0
LA-00250,Railway,Telangana,Hyderabad,8.16,115,58.0,67.96,85.78,4,2,2,30.67,76.39,68.34,66.4,Compensation,541,616,0
LA-00251,Power,Uttar Pradesh,Varanasi,5.0,51,58.47,75.12,94.11,1,2,0,36.02,77.2,74.08,66.0,Rehabilitation,390,408,0
LA-00252,Power,Rajasthan,Udaipur,5.0,47,77.3,81.12,50.99,1,2,0,15.68,59.43,72.69,66.59,Notification,540,633,1
LA-00253,Railway,Tamil Nadu,Chennai,13.19,88,90.92,62.12,46.97,0,1,0,79.46,68.61,28.07,54.79,Rehabilitation,380,521,0
LA-00254,Highway,Uttar Pradesh,Lucknow,8.46,107,94.28,100.0,75.14,3,2,3,34.66,62.86,64.59,80.65,Valuation,378,603,0
LA-00255,Industrial,Rajasthan,Jaipur,5.0,51,70.07,40.34,46.01,0,2,0,32.79,77.22,75.2,44.48,Rehabilitation,410,547,0
LA-00256,Irrigation,Tamil Nadu,Tiruchirappalli,5.0,15,90.31,95.82,100.0,1,1,0,31.21,81.98,80.98,67.69,Rehabilitation,279,516,0
LA-00257,Power,Maharashtra,Nagpur,5.0,137,67.71,88.21,98.62,3,4,4,70.96,65.42,54.67,74.57,Possession,322,502,1
LA-00258,Industrial,Tamil Nadu,Salem,8.59,72,100.0,50.31,54.07,0,2,0,75.71,69.86,89.52,70.27,Possession,358,502,0
LA-00259,Highway,Maharashtra,Nashik,5.0,44,47.14,80.74,90.96,2,1,0,55.6,86.24,57.96,75.06,Compensation,266,485,1
LA-00260,Railway,Maharashtra,Aurangabad,15.36,11,68.46,63.41,100.0,0,6,1,53.4,23.98,40.62,62.98,Notification,247,360,1
LA-00261,Power,Maharashtra,Aurangabad,5.0,77,73.99,63.45,10.67,3,2,0,28.93,65.77,95.95,46.0,Valuation,413,503,0
LA-00262,Power,Karnataka,Bengaluru,7.5,106,68.53,58.27,50.37,1,3,2,38.19,100.0,63.61,44.83,Notification,455,650,1
LA-00263,Irrigation,Gujarat,Rajkot,8.95,113,45.82,76.23,37.87,3,3,1,50.46,52.72,85.77,52.05,Compensation,448,592,1
LA-00264,Irrigation,Telangana,Warangal,5.0,1,91.23,66.59,11.06,0,0,1,25.04,59.57,77.53,51.91,Valuation,196,298,1
LA-00265,Urban Development,Telangana,Khammam,13.52,76,55.05,100.0,71.04,1,4,0,26.23,47.27,66.34,68.16,Valuation,497,550,0
LA-00266,Railway,Rajasthan,Jaipur,7.26,96,92.05,71.72,51.08,2,3,2,47.23,75.71,91.32,76.13,Possession,416,532,0
LA-00267,Industrial,Madhya Pradesh,Gwalior,5.0,58,71.01,90.43,55.67,0,1,1,100.0,99.63,62.68,78.46,Possession,412,517,0
LA-00268,Railway,Madhya Pradesh,Gwalior,9.31,33,34.96,65.46,60.88,2,1,0,63.25,82.57,79.08,66.23,Compensation,180,428,0
LA-00269,Industrial,Karnataka,Bengaluru,5.0,114,78.33,42.21,55.57,0,6,1,73.0,67.43,72.14,64.27,Rehabilitation,395,450,0
LA-00270,Irrigation,Rajasthan,Jaipur,40.79,102,49.59,100.0,74.32,1,3,1,48.19,94.56,71.36,81.06,Rehabilitation,426,545,0
LA-00271,Irrigation,Karnataka,Belagavi,10.16,70,100.0,74.61,54.17,1,1,0,68.1,48.4,34.77,59.99,Compensation,277,517,0
LA-00272,Industrial,Karnataka,Mysuru,16.75,52,98.69,62.36,97.13,0,3,0,100.0,63.33,74.04,89.65,Rehabilitation,204,468,1
LA-00273,Industrial,Maharashtra,Nashik,10.25,69,79.93,79.18,59.86,0,3,2,57.51,85.97,70.68,74.25,Rehabilitation,506,596,1
LA-00274,Urban Development,Tamil Nadu,Tiruchirappalli,5.0,33,57.87,68.3,67.82,0,5,1,100.0,58.89,56.67,76.52,Compensation,352,478,0
LA-00275,Power,Karnataka,Bengaluru,21.47,121,72.57,80.86,65.65,3,4,2,91.65,65.87,40.85,68.47,Rehabilitation,415,621,0
LA-00276,Irrigation,Gujarat,Kutch,7.32,79,52.86,60.25,32.4,2,3,2,76.65,82.33,73.23,65.95,Notification,356,543,0
LA-00277,Urban Development,Uttar Pradesh,Agra,5.0,42,48.82,42.57,59.36,0,2,1,94.17,73.71,72.52,56.43,Valuation,413,450,0
LA-00278,Urban Development,Tamil Nadu,Coimbatore,7.24,81,67.73,63.14,18.11,4,2,2,83.37,73.98,76.51,57.92,Valuation,457,539,1
LA-00279,Urban Development,Karnataka,Mysuru,5.22,153,64.96,57.92,54.14,5,3,3,30.84,74.77,52.13,53.07,Notification,254,510,1
LA-00280,Power,Gujarat,Rajkot,8.69,24,77.55,24.61,59.4,0,2,2,38.34,74.78,70.53,56.07,Rehabilitation,198,409,0
LA-00281,Highway,Tamil Nadu,Coimbatore,5.0,203,71.36,73.67,51.35,6,2,5,45.2,100.0,26.97,52.72,Notification,599,533,1
LA-00282,Irrigation,Tamil Nadu,Salem,10.53,222,73.61,80.2,49.71,8,3,2,67.09,63.24,26.16,65.47,Valuation,483,630,0
LA-00283,Railway,Rajasthan,Ajmer,32.05,135,66.96,64.41,100.0,0,3,3,37.29,71.69,62.44,55.87,Compensation,387,626,0
LA-00284,Urban Development,Karnataka,Mysuru,5.0,3,72.03,68.81,92.8,0,1,0,15.15,76.31,53.68,78.75,Compensation,46,401,0
LA-00285,Industrial,Karnataka,Hubballi,19.98,149,72.31,34.12,51.53,0,2,1,45.6,55.29,73.75,55.62,Notification,496,480,0
LA-00286,Industrial,Maharashtra,Nashik,10.02,86,60.73,36.97,54.16,3,2,2,83.56,73.5,89.81,57.56,Valuation,623,614,1
LA-00287,Power,Telangana,Khammam,7.61,128,76.81,19.55,60.66,1,3,4,85.44,34.95,51.28,63.82,Compensation,371,542,0
LA-00288,Highway,Telangana,Hyderabad,36.33,142,79.39,34.95,45.06,2,1,2,76.14,71.33,71.85,37.85,Compensation,645,677,1
LA-00289,Urban Development,Maharashtra,Aurangabad,39.27,148,72.05,65.95,57.57,5,1,0,50.31,70.73,70.46,56.95,Compensation,580,675,1
LA-00290,Power,Karnataka,Mangaluru,11.97,183,67.9,43.2,59.23,5,2,1,100.0,85.9,82.35,48.88,Rehabilitation,479,644,0
LA-00291,Power,Tamil Nadu,Chennai,16.62,144,79.6,49.27,45.73,2,4,2,100.0,48.03,79.34,71.79,Valuation,506,570,0
LA-00292,Industrial,Gujarat,Kutch,5.0,46,60.54,41.29,51.25,2,2,1,14.22,57.03,84.23,51.99,Possession,444,559,1
LA-00293,Irrigation,Madhya Pradesh,Indore,5.73,82,96.22,39.87,20.76,1,2,0,45.91,85.25,39.49,50.0,Rehabilitation,546,556,1
LA-00294,Power,Karnataka,Belagavi,5.56,134,87.63,25.18,64.12,6,4,0,80.69,41.13,70.89,67.19,Notification,641,583,0
LA-00295,Railway,Gujarat,Ahmedabad,5.0,26,72.2,80.69,78.58,1,2,2,63.39,59.11,67.43,74.64,Compensation,332,452,0
LA-00296,Industrial,Maharashtra,Pune,5.0,87,77.31,84.91,66.06,3,0,1,56.1,50.58,82.71,75.29,Valuation,296,576,1
LA-00297,Urban Development,Rajasthan,Udaipur,5.0,123,100.0,52.78,75.75,2,2,2,42.56,77.25,47.81,62.85,Rehabilitation,458,493,1
LA-00298,Irrigation,Telangana,Khammam,14.32,100,68.69,100.0,64.77,1,4,0,40.75,45.06,69.7,76.77,Valuation,359,558,0
LA-00299,Industrial,Maharashtra,Aurangabad,5.53,12,99.94,87.3,53.24,0,0,0,45.22,82.49,78.07,70.01,Possession,298,405,0
LA-00300,Industrial,Karnataka,Bengaluru,14.84,28,47.87,62.73,100.0,0,2,1,77.07,29.55,100.0,71.91,Compensation,434,420,0
LA-00301,Railway,Uttar Pradesh,Varanasi,7.04,44,85.09,93.34,63.49,0,0,0,90.69,87.63,82.05,80.73,Valuation,76,362,0
LA-00302,Irrigation,Maharashtra,Nagpur,5.46,51,59.35,100.0,100.0,1,0,1,32.11,99.64,60.93,82.34,Possession,173,396,0
LA-00303,Power,Tamil Nadu,Chennai,5.97,138,98.39,69.35,62.08,3,2,3,100.0,88.88,69.62,84.32,Rehabilitation,338,420,0
LA-00304,Irrigation,Madhya Pradesh,Indore,5.0,48,86.46,80.75,78.13,0,1,1,19.34,88.13,29.88,60.76,Rehabilitation,424,521,1
LA-00305,Highway,Madhya Pradesh,Ujjain,22.95,132,75.32,76.17,50.79,4,0,2,63.35,100.0,56.19,62.89,Notification,331,562,1
LA-00306,Highway,Tamil Nadu,Coimbatore,15.31,93,81.16,88.4,86.42,2,6,1,45.74,55.68,63.76,71.94,Valuation,238,522,1
LA-00307,Urban Development,Madhya Pradesh,Indore,8.17,114,100.0,56.17,82.95,0,3,4,34.08,67.89,87.56,75.4,Possession,239,536,1
LA-00308,Railway,Madhya Pradesh,Bhopal,5.61,139,79.89,96.36,34.12,2,4,0,49.36,62.23,62.22,77.51,Compensation,329,565,1
LA-00309,Railway,Gujarat,Rajkot,5.0,43,100.0,49.24,34.22,1,1,1,77.63,100.0,42.19,39.69,Valuation,433,398,0
LA-00310,Railway,Karnataka,Mysuru,12.76,3,98.1,30.41,60.74,0,4,2,51.18,58.8,76.44,60.2,Notification,405,517,0
LA-00311,Power,Gujarat,Surat,5.0,95,100.0,69.27,63.95,3,2,0,97.63,31.33,74.69,70.32,Notification,284,560,0
LA-00312,Irrigation,Madhya Pradesh,Ujjain,5.0,72,83.21,61.25,68.0,1,2,2,70.55,66.03,78.85,68.77,Compensation,239,433,1
LA-00313,Highway,Rajasthan,Kota,11.68,45,53.91,36.63,59.25,1,1,1,35.6,78.35,61.01,49.0,Notification,569,580,0
LA-00314,Railway,Telangana,Khammam,5.0,41,70.16,24.94,71.39,0,1,0,53.45,87.4,48.72,61.47,Notification,340,431,0
LA-00315,Power,Maharashtra,Aurangabad,24.78,48,68.41,62.59,60.64,0,2,1,51.7,100.0,75.37,54.08,Rehabilitation,402,431,0
LA-00316,Irrigation,Maharashtra,Aurangabad,13.5,46,72.35,84.06,100.0,2,4,2,54.53,39.86,38.6,68.46,Possession,382,446,0
LA-00317,Railway,Gujarat,Kutch,17.33,79,99.57,79.83,37.09,2,1,2,94.19,13.93,76.11,68.78,Compensation,347,526,1
LA-00318,Industrial,Gujarat,Ahmedabad,9.27,103,78.19,61.02,68.45,3,4,0,73.85,54.78,60.48,63.73,Rehabilitation,210,495,0
LA-00319,Industrial,Telangana,Hyderabad,7.89,62,51.15,53.64,72.61,2,2,0,73.96,65.2,72.19,78.09,Rehabilitation,445,500,0
LA-00320,Power,Uttar Pradesh,Lucknow,5.64,75,90.02,99.5,59.74,0,4,2,65.24,93.78,45.13,74.62,Notification,202,419,0
LA-00321,Irrigation,Rajasthan,Jaipur,5.87,88,73.41,39.13,99.07,3,1,2,62.48,45.18,63.02,72.55,Valuation,364,452,0
LA-00322,Irrigation,Tamil Nadu,Salem,5.0,73,49.07,53.81,68.13,5,6,0,41.11,72.07,27.19,53.04,Possession,470,584,1
LA-00323,Urban Development,Karnataka,Belagavi,24.82,118,81.96,47.3,45.86,0,1,0,42.07,62.48,63.9,48.4,Possession,417,533,0
LA-00324,Urban Development,Telangana,Hyderabad,6.73,39,66.62,50.43,100.0,2,2,1,73.27,49.27,47.15,82.95,Notification,346,496,0
LA-00325,Power,Madhya Pradesh,Gwalior,5.34,4,46.14,73.69,54.16,0,2,1,18.5,70.88,68.48,55.9,Rehabilitation,353,475,1
LA-00326,Railway,Telangana,Nizamabad,7.89,65,82.56,84.3,62.88,0,2,0,60.39,70.87,83.94,75.41,Rehabilitation,245,434,0
LA-00327,Industrial,Telangana,Hyderabad,5.0,38,98.25,67.06,15.16,0,2,0,26.41,81.69,89.26,59.24,Compensation,381,486,0
LA-00328,Industrial,Tamil Nadu,Madurai,23.75,145,76.62,100.0,82.92,4,2,4,73.64,89.73,95.3,90.58,Compensation,379,573,0
LA-00329,Railway,Uttar Pradesh,Lucknow,77.35,116,48.92,62.14,29.5,2,0,1,24.18,57.88,66.77,52.52,Notification,427,555,0
LA-00330,Highway,Maharashtra,Aurangabad,5.0,79,100.0,88.16,73.82,4,5,1,59.94,67.77,50.26,82.29,Notification,419,602,0
LA-00331,Power,Tamil Nadu,Coimbatore,6.05,60,78.18,43.28,30.47,1,3,1,77.14,78.75,79.95,73.25,Possession,413,442,1
LA-00332,Highway,Tamil Nadu,Chennai,5.0,1,100.0,52.72,61.22,0,2,0,38.15,81.9,100.0,48.66,Rehabilitation,319,426,0
LA-00333,Irrigation,Telangana,Hyderabad,7.38,54,100.0,100.0,44.91,0,3,0,73.37,64.54,62.16,77.34,Compensation,190,435,0
LA-00334,Urban Development,Karnataka,Hubballi,5.0,1,91.57,68.38,61.35,1,0,0,52.79,41.97,77.98,69.66,Notification,524,422,0
LA-00335,Urban Development,Madhya Pradesh,Bhopal,5.0,42,78.55,35.48,64.49,0,4,2,100.0,82.05,76.32,50.58,Rehabilitation,316,470,0
LA-00336,Railway,Maharashtra,Nagpur,5.8,16,70.26,43.05,44.23,0,3,0,73.22,53.33,73.25,50.02,Possession,471,373,0
LA-00337,Irrigation,Maharashtra,Nagpur,5.0,76,81.92,53.22,50.27,0,3,0,41.71,60.01,69.88,59.62,Possession,524,611,1
LA-00338,Railway,Telangana,Khammam,5.0,37,62.86,27.8,93.47,0,4,0,43.52,91.27,62.63,62.19,Possession,417,514,0
LA-00339,Urban Development,Gujarat,Kutch,7.51,28,76.86,48.51,46.79,0,5,0,80.48,59.41,46.58,53.32,Compensation,543,527,0
LA-00340,Highway,Rajasthan,Kota,17.58,62,73.89,90.2,34.7,1,4,1,35.55,35.9,90.1,64.75,Compensation,370,538,1
LA-00341,Irrigation,Tamil Nadu,Chennai,5.03,74,74.82,100.0,57.6,0,5,0,50.82,53.64,100.0,91.64,Valuation,379,538,1
LA-00342,Railway,Telangana,Hyderabad,5.0,63,66.58,44.92,51.79,0,5,0,26.34,100.0,83.84,49.06,Valuation,437,482,1
LA-00343,Power,Gujarat,Ahmedabad,6.5,101,78.89,71.54,77.04,5,3,3,94.05,87.61,100.0,82.8,Possession,325,550,1
LA-00344,Railway,Telangana,Karimnagar,27.31,41,68.96,80.02,42.39,0,3,0,98.53,92.48,83.79,67.1,Rehabilitation,244,520,1
LA-00345,Irrigation,Rajasthan,Kota,5.0,110,97.01,42.63,71.23,3,0,4,85.37,36.93,81.99,70.63,Compensation,183,501,1
LA-00346,Power,Tamil Nadu,Tiruchirappalli,21.62,128,99.33,86.01,100.0,3,2,1,73.41,64.87,100.0,94.01,Possession,314,691,0
LA-00347,Highway,Gujarat,Surat,64.63,144,63.08,41.86,59.16,2,3,2,56.94,48.41,72.94,67.67,Valuation,493,546,1
LA-00348,Urban Development,Gujarat,Ahmedabad,5.52,97,89.83,60.7,55.69,0,5,0,52.84,34.95,83.04,51.55,Compensation,310,455,1
LA-00349,Industrial,Telangana,Karimnagar,5.0,93,78.58,36.38,70.81,2,4,1,71.42,91.35,56.05,54.41,Possession,427,502,0
LA-00350,Industrial,Telangana,Nizamabad,5.0,75,64.71,72.48,100.0,0,4,1,50.65,81.74,56.35,70.31,Valuation,381,454,0
LA-00351,Urban Development,Maharashtra,Nagpur,5.0,171,73.19,29.5,67.48,9,4,4,60.8,100.0,63.2,46.87,Rehabilitation,543,642,1
LA-00352,Highway,Karnataka,Mangaluru,25.64,27,49.78,100.0,100.0,0,1,1,33.1,67.83,51.3,88.63,Rehabilitation,371,499,0
LA-00353,Urban Development,Karnataka,Bengaluru,9.53,94,68.8,54.5,42.07,1,0,1,37.61,81.98,58.68,50.07,Valuation,254,516,0
LA-00354,Industrial,Gujarat,Ahmedabad,5.0,119,93.91,78.73,72.83,6,1,6,65.87,59.66,64.15,74.59,Valuation,250,624,1
LA-00355,Irrigation,Madhya Pradesh,Bhopal,15.24,78,100.0,55.92,40.8,3,0,0,58.39,100.0,69.3,70.37,Compensation,439,480,0
LA-00356,Irrigation,Tamil Nadu,Chennai,7.3,16,74.09,66.88,62.56,0,2,0,28.19,82.08,61.78,62.81,Notification,97,491,0
LA-00357,Industrial,Telangana,Warangal,7.15,74,65.67,60.99,41.83,2,2,1,33.2,64.98,56.08,51.74,Valuation,496,530,1
LA-00358,Industrial,Madhya Pradesh,Ujjain,19.54,225,90.32,100.0,94.7,5,2,3,65.8,74.03,93.84,83.27,Possession,261,695,0
LA-00359,Power,Tamil Nadu,Chennai,9.44,70,57.74,100.0,47.29,2,4,2,75.93,100.0,62.0,78.18,Rehabilitation,388,528,1
LA-00360,Power,Gujarat,Vadodara,5.62,62,83.34,78.78,82.33,1,2,3,90.79,69.56,84.69,74.75,Notification,362,556,0
LA-00361,Industrial,Maharashtra,Nagpur,17.15,94,74.14,78.0,100.0,4,0,0,17.68,50.07,15.44,69.7,Possession,253,461,0
LA-00362,Industrial,Telangana,Karimnagar,5.0,77,53.81,79.23,43.66,1,3,3,49.18,73.88,83.97,57.08,Compensation,432,578,0
LA-00363,Highway,Telangana,Hyderabad,5.0,28,95.81,51.09,45.93,0,2,0,72.9,44.38,49.27,76.14,Compensation,254,415,0
LA-00364,Railway,Uttar Pradesh,Agra,12.15,101,92.24,95.78,39.57,5,6,1,92.77,66.87,63.92,68.14,Notification,517,655,1
LA-00365,Industrial,Maharashtra,Nashik,7.52,1,75.9,62.55,74.82,0,3,0,34.25,75.96,99.75,68.09,Rehabilitation,282,496,0
LA-00366,Urban Development,Telangana,Khammam,13.88,165,100.0,74.34,53.78,4,3,2,31.75,77.37,88.29,64.5,Notification,194,507,1
LA-00367,Industrial,Karnataka,Hubballi,5.0,92,56.15,43.95,18.92,0,1,2,50.83,95.81,93.69,62.19,Valuation,485,498,1
LA-00368,Irrigation,Rajasthan,Jaipur,5.08,7,58.38,87.1,69.81,0,1,0,91.53,67.69,42.41,62.54,Possession,469,516,0
LA-00369,Power,Maharashtra,Thane,5.0,97,48.51,47.55,65.13,1,2,1,95.27,56.76,44.28,69.15,Possession,396,553,1
LA-00370,Railway,Tamil Nadu,Madurai,5.0,92,74.03,78.43,81.77,1,0,2,62.78,72.57,87.13,64.18,Valuation,300,445,0
LA-00371,Railway,Maharashtra,Nashik,5.0,47,71.62,69.02,69.18,0,1,2,0.0,41.74,77.09,53.9,Compensation,286,445,0
LA-00372,Railway,Rajasthan,Ajmer,14.52,111,58.55,74.93,92.58,0,2,2,39.35,50.24,100.0,72.85,Valuation,280,447,0
LA-00373,Power,Maharashtra,Nashik,7.47,44,79.71,28.65,68.81,1,4,0,91.13,63.15,90.68,54.85,Rehabilitation,427,509,1
LA-00374,Industrial,Uttar Pradesh,Prayagraj,12.22,124,88.91,49.41,53.35,2,2,2,59.9,67.17,56.12,54.84,Possession,551,603,1
LA-00375,Irrigation,Tamil Nadu,Coimbatore,5.0,100,74.02,66.08,73.01,5,2,0,45.67,76.9,85.31,76.31,Rehabilitation,286,507,1
LA-00376,Highway,Uttar Pradesh,Varanasi,5.81,44,89.96,51.88,46.15,0,7,1,78.08,70.68,64.61,51.83,Compensation,508,464,1
LA-00377,Irrigation,Gujarat,Rajkot,5.0,135,100.0,52.73,65.52,2,1,2,77.09,70.06,38.85,71.26,Possession,297,553,0
LA-00378,Highway,Karnataka,Belagavi,5.9,140,82.99,84.6,94.62,2,5,4,60.53,74.34,96.42,85.28,Rehabilitation,289,704,0
LA-00379,Highway,Gujarat,Rajkot,14.25,46,83.82,75.93,49.99,1,3,1,68.35,89.46,73.94,61.31,Compensation,207,496,0
LA-00380,Highway,Maharashtra,Thane,6.34,17,72.56,72.89,23.66,0,1,0,39.99,54.4,77.7,67.64,Possession,236,561,1
LA-00381,Urban Development,Telangana,Karimnagar,13.16,100,69.11,80.06,87.07,0,3,3,36.34,66.82,66.02,73.39,Possession,287,437,1
LA-00382,Urban Development,Gujarat,Vadodara,5.95,32,100.0,36.38,53.0,1,1,4,66.71,87.72,58.29,56.13,Possession,451,604,0
LA-00383,Power,Madhya Pradesh,Jabalpur,5.0,119,64.2,46.34,65.92,3,1,4,17.81,98.54,100.0,81.58,Possession,579,498,0
LA-00384,Industrial,Rajasthan,Jaipur,9.6,77,66.29,68.73,34.03,2,3,0,26.02,94.02,66.26,61.75,Rehabilitation,202,503,0
LA-00385,Highway,Tamil Nadu,Chennai,5.0,54,52.71,47.5,72.55,2,6,1,31.83,62.51,61.77,50.07,Possession,561,536,0
LA-00386,Power,Rajasthan,Jaipur,20.73,118,48.31,62.31,52.96,2,6,3,96.75,74.74,49.72,53.85,Valuation,404,557,0
LA-00387,Power,Uttar Pradesh,Varanasi,18.12,127,94.59,70.18,32.86,2,1,5,83.47,98.1,84.07,78.66,Possession,286,524,0
LA-00388,Urban Development,Rajasthan,Kota,5.0,57,97.26,100.0,78.18,3,2,1,44.29,57.79,60.59,72.91,Compensation,327,470,0
LA-00389,Irrigation,Telangana,Karimnagar,9.58,107,98.56,69.51,100.0,3,0,0,81.79,74.54,54.97,95.9,Compensation,384,676,0
LA-00390,Power,Gujarat,Rajkot,13.09,116,89.36,93.04,65.37,1,0,2,81.4,63.02,75.61,78.16,Notification,473,540,0
LA-00391,Irrigation,Maharashtra,Thane,5.0,33,24.65,67.26,38.88,1,1,1,61.44,96.23,84.14,51.4,Rehabilitation,354,603,0
LA-00392,Irrigation,Karnataka,Mangaluru,44.85,121,79.18,76.85,42.98,4,2,1,53.75,75.41,81.04,59.19,Valuation,485,618,0
LA-00393,Irrigation,Maharashtra,Thane,8.04,86,52.45,89.91,44.61,3,0,3,62.17,69.82,39.08,65.82,Valuation,509,516,1
LA-00394,Irrigation,Karnataka,Belagavi,10.38,58,91.22,40.82,69.17,0,4,1,12.37,62.66,68.14,52.8,Valuation,632,487,1
LA-00395,Urban Development,Maharashtra,Nagpur,7.17,52,50.53,52.63,16.32,2,5,1,38.14,50.22,67.12,33.31,Possession,466,530,1
LA-00396,Industrial,Tamil Nadu,Coimbatore,5.0,56,75.76,65.95,67.84,0,3,1,71.24,73.14,75.06,84.81,Possession,234,387,0
LA-00397,Highway,Telangana,Khammam,5.0,9,77.13,38.37,72.55,0,1,0,76.37,54.23,84.2,52.52,Compensation,224,398,0
LA-00398,Highway,Tamil Nadu,Madurai,9.25,116,77.63,34.64,100.0,2,0,2,100.0,82.45,85.77,80.64,Valuation,361,610,0
LA-00399,Railway,Tamil Nadu,Salem,13.54,74,22.89,75.94,63.96,0,5,2,63.36,70.15,87.97,69.46,Valuation,644,620,1
LA-00400,Railway,Rajasthan,Jodhpur,19.88,59,69.59,60.54,48.35,0,3,3,100.0,96.45,96.74,53.21,Notification,269,481,0
LA-00401,Irrigation,Maharashtra,Thane,5.06,117,73.66,74.97,69.04,3,2,4,43.83,52.96,97.66,69.55,Possession,336,672,0
LA-00402,Power,Gujarat,Rajkot,7.15,230,89.5,61.81,40.77,8,0,5,14.87,47.5,43.42,58.31,Possession,471,648,1
LA-00403,Railway,Telangana,Warangal,5.0,109,95.46,57.38,30.55,3,2,3,7.0,85.65,88.49,67.95,Valuation,398,571,1
LA-00404,Railway,Rajasthan,Udaipur,5.03,81,67.95,33.22,46.76,1,7,0,63.14,50.87,33.82,36.48,Notification,702,614,1
LA-00405,Industrial,Tamil Nadu,Coimbatore,5.24,112,91.39,79.23,80.42,4,5,3,57.24,28.2,75.98,74.61,Rehabilitation,456,584,0
LA-00406,Urban Development,Karnataka,Belagavi,5.0,95,100.0,54.24,68.65,3,4,2,26.64,65.63,49.03,47.7,Valuation,496,589,1
LA-00407,Urban Development,Madhya Pradesh,Jabalpur,14.12,97,79.73,76.13,66.04,1,3,2,89.83,84.23,84.85,80.96,Rehabilitation,272,424,0
LA-00408,Railway,Tamil Nadu,Tiruchirappalli,8.55,90,97.8,82.51,60.28,2,0,3,92.46,20.7,59.59,78.55,Rehabilitation,359,524,1
LA-00409,Industrial,Karnataka,Belagavi,10.57,97,57.57,78.8,59.51,3,2,2,16.31,72.29,66.9,72.76,Possession,273,537,0
LA-00410,Urban Development,Telangana,Warangal,6.25,85,63.53,83.31,100.0,2,2,1,41.12,74.65,50.18,79.91,Valuation,388,584,0
LA-00411,Urban Development,Rajasthan,Kota,5.0,68,54.24,97.57,73.6,2,3,0,74.38,53.89,82.99,57.41,Notification,561,600,1
LA-00412,Power,Uttar Pradesh,Agra,17.57,177,55.48,100.0,80.66,4,2,5,70.01,48.31,100.0,80.92,Possession,315,523,0
LA-00413,Highway,Maharashtra,Nagpur,14.61,87,95.58,89.23,89.28,2,1,1,45.03,61.52,73.81,89.34,Notification,228,505,0
LA-00414,Railway,Karnataka,Belagavi,22.34,75,83.44,80.39,82.52,1,2,1,82.57,71.73,71.09,95.83,Possession,405,523,0
LA-00415,Railway,Telangana,Hyderabad,7.67,3,79.29,79.41,70.72,0,4,1,78.93,68.03,57.87,85.04,Valuation,175,372,1
LA-00416,Industrial,Tamil Nadu,Chennai,10.85,101,98.65,67.1,72.93,0,1,2,60.39,48.26,73.13,68.53,Rehabilitation,352,408,0
LA-00417,Highway,Telangana,Khammam,5.0,80,74.92,82.47,59.71,3,2,1,42.57,59.27,88.87,60.94,Compensation,391,556,0
LA-00418,Railway,Telangana,Hyderabad,10.33,132,100.0,55.19,9.12,1,4,1,87.51,62.27,43.05,56.93,Compensation,596,575,0
LA-00419,Railway,Gujarat,Rajkot,28.93,25,57.09,59.14,56.16,0,2,0,95.17,98.31,90.64,59.17,Notification,438,417,0
LA-00420,Power,Tamil Nadu,Coimbatore,5.0,63,95.9,80.1,100.0,2,2,2,49.39,84.88,80.13,82.74,Valuation,255,559,0
LA-00421,Highway,Karnataka,Belagavi,5.81,152,100.0,82.8,85.34,2,0,0,65.67,75.7,84.37,92.78,Valuation,375,647,0
LA-00422,Power,Uttar Pradesh,Varanasi,15.21,40,92.7,95.5,100.0,0,0,3,66.34,47.04,73.55,70.96,Possession,359,495,0
LA-00423,Highway,Maharashtra,Pune,11.12,92,87.02,67.61,63.24,2,2,1,81.74,99.84,59.42,58.56,Compensation,600,569,0
LA-00424,Railway,Rajasthan,Ajmer,10.25,18,49.0,77.43,44.62,1,2,2,86.14,34.33,72.12,47.04,Possession,340,378,1
LA-00425,Urban Development,Telangana,Hyderabad,9.34,1,51.32,57.26,68.56,1,3,1,54.26,100.0,57.51,58.55,Compensation,180,457,0
LA-00426,Railway,Karnataka,Bengaluru,11.39,98,85.99,96.92,46.57,2,2,4,63.95,63.5,63.25,82.73,Notification,373,487,1
LA-00427,Railway,Telangana,Khammam,13.75,109,59.01,26.72,73.14,2,2,5,72.7,60.71,100.0,70.59,Rehabilitation,226,518,1
LA-00428,Highway,Maharashtra,Aurangabad,5.8,133,98.19,53.68,38.62,2,2,8,71.92,80.7,100.0,72.43,Possession,416,471,1
LA-00429,Urban Development,Gujarat,Kutch,11.17,27,71.49,57.88,53.29,0,3,3,82.65,47.76,64.09,70.94,Possession,351,548,0
LA-00430,Railway,Rajasthan,Kota,32.53,102,66.73,74.16,66.92,3,2,1,21.52,31.7,100.0,75.7,Rehabilitation,480,563,0
LA-00431,Highway,Tamil Nadu,Coimbatore,5.93,22,87.63,57.03,16.56,0,7,0,51.09,61.95,79.56,44.48,Possession,242,400,1
LA-00432,Industrial,Rajasthan,Jaipur,9.43,50,70.18,72.64,45.22,3,2,1,34.38,48.44,67.25,60.97,Possession,438,631,0
LA-00433,Irrigation,Maharashtra,Thane,7.25,66,84.43,53.05,56.66,0,1,0,25.92,76.75,56.49,30.16,Possession,544,533,0
LA-00434,Urban Development,Gujarat,Vadodara,5.0,139,100.0,67.09,71.64,1,3,2,36.29,65.06,75.1,67.94,Rehabilitation,175,433,0
LA-00435,Highway,Telangana,Nizamabad,10.68,76,82.37,65.43,78.68,1,2,2,22.92,54.82,93.92,76.38,Compensation,336,454,0
LA-00436,Power,Gujarat,Rajkot,6.18,110,67.16,86.17,61.15,2,4,1,99.23,61.33,67.66,74.8,Notification,296,563,1
LA-00437,Irrigation,Madhya Pradesh,Indore,13.63,134,86.48,31.15,60.58,4,3,1,32.26,64.34,54.3,55.66,Possession,574,569,1
LA-00438,Power,Tamil Nadu,Coimbatore,9.21,83,89.81,61.27,87.58,0,2,3,67.09,54.41,83.93,77.66,Notification,369,508,0
LA-00439,Irrigation,Tamil Nadu,Coimbatore,5.0,1,73.19,69.0,59.18,1,2,0,65.83,79.89,64.91,62.68,Rehabilitation,397,500,1
LA-00440,Power,Uttar Pradesh,Kanpur,5.0,94,64.6,79.13,55.92,3,3,0,38.48,79.47,39.45,49.5,Valuation,472,627,1
LA-00441,Highway,Uttar Pradesh,Lucknow,22.21,78,100.0,100.0,61.12,2,6,1,46.14,70.14,61.0,71.68,Compensation,487,596,0
LA-00442,Railway,Gujarat,Surat,5.62,96,92.2,72.38,47.96,4,2,4,49.41,73.81,68.5,75.02,Notification,165,426,1
LA-00443,Irrigation,Karnataka,Mangaluru,14.39,114,94.29,100.0,88.11,3,3,1,64.72,49.08,69.81,79.16,Rehabilitation,333,615,1
LA-00444,Urban Development,Uttar Pradesh,Agra,5.0,105,81.95,89.91,76.66,5,4,3,52.92,58.74,64.2,72.0,Notification,498,507,0
LA-00445,Power,Madhya Pradesh,Jabalpur,5.0,55,76.38,62.23,59.25,0,1,1,68.02,71.2,49.93,60.46,Compensation,170,471,0
LA-00446,Highway,Tamil Nadu,Madurai,6.62,105,83.89,49.83,30.35,4,2,1,96.9,96.28,88.95,47.28,Notification,566,578,0
LA-00447,Irrigation,Telangana,Karimnagar,12.16,113,94.46,32.29,75.2,0,1,2,81.63,53.97,51.42,70.09,Rehabilitation,414,648,0
LA-00448,Industrial,Tamil Nadu,Coimbatore,5.0,73,89.11,71.38,61.08,1,3,3,88.25,41.75,69.76,64.38,Rehabilitation,293,484,0
LA-00449,Power,Uttar Pradesh,Agra,17.23,103,84.0,55.75,34.72,1,2,0,50.09,67.6,90.22,72.07,Possession,333,636,1
LA-00450,Irrigation,Maharashtra,Aurangabad,9.94,39,89.45,65.06,21.63,1,2,0,100.0,59.32,62.36,63.71,Notification,320,463,0
LA-00451,Industrial,Rajasthan,Ajmer,5.06,15,100.0,70.7,100.0,0,2,1,62.22,62.35,62.39,75.44,Compensation,402,438,0
LA-00452,Irrigation,Maharashtra,Pune,16.85,135,93.94,86.6,72.2,3,3,2,65.28,88.65,48.7,71.42,Compensation,215,489,1
LA-00453,Power,Karnataka,Hubballi,5.16,57,79.64,37.71,32.2,1,5,0,68.69,66.85,59.68,55.19,Rehabilitation,434,536,0
LA-00454,Urban Development,Telangana,Warangal,5.0,77,75.25,76.62,80.49,3,5,3,74.62,61.36,95.63,91.44,Rehabilitation,330,532,0
LA-00455,Irrigation,Uttar Pradesh,Lucknow,34.04,64,77.48,93.26,51.55,0,1,0,48.35,78.64,37.96,76.49,Compensation,116,451,0
LA-00456,Urban Development,Telangana,Nizamabad,6.41,45,84.23,54.09,100.0,2,0,2,84.65,84.17,76.08,83.13,Notification,295,487,0
LA-00457,Highway,Telangana,Nizamabad,12.17,165,57.63,61.47,55.43,2,1,5,92.54,85.66,79.3,70.08,Possession,443,618,1
LA-00458,Power,Rajasthan,Jaipur,14.56,1,100.0,87.26,45.74,0,3,1,53.24,55.26,57.53,63.67,Valuation,335,464,0
LA-00459,Urban Development,Uttar Pradesh,Lucknow,5.0,51,71.51,84.8,60.18,1,4,1,69.98,83.06,64.0,66.84,Valuation,323,521,1
LA-00460,Highway,Madhya Pradesh,Jabalpur,9.92,146,46.39,56.3,61.93,3,4,3,69.9,99.52,88.04,59.99,Compensation,487,672,0
LA-00461,Industrial,Gujarat,Kutch,5.23,93,62.26,45.81,91.34,4,6,3,77.45,20.18,51.64,75.39,Valuation,390,541,1
LA-00462,Power,Uttar Pradesh,Agra,19.15,132,53.53,100.0,89.94,1,3,4,18.92,75.43,84.76,71.82,Compensation,440,493,1
LA-00463,Industrial,Maharashtra,Thane,5.0,117,77.12,53.82,76.87,3,3,4,74.68,56.51,63.96,66.34,Valuation,422,503,1
LA-00464,Urban Development,Tamil Nadu,Salem,8.03,74,55.83,66.01,65.38,1,3,0,49.35,36.71,50.52,56.76,Compensation,341,593,0
LA-00465,Power,Karnataka,Mysuru,16.53,104,83.69,100.0,33.94,1,3,2,26.53,79.4,64.16,43.76,Notification,536,602,1
LA-00466,Highway,Rajasthan,Udaipur,25.02,189,54.1,36.16,81.51,3,2,1,92.77,63.5,73.28,73.65,Possession,306,528,0
LA-00467,Industrial,Maharashtra,Nagpur,5.15,1,66.77,76.05,51.93,0,2,0,54.68,55.78,65.67,49.05,Compensation,421,477,0
LA-00468,Power,Uttar Pradesh,Kanpur,5.85,63,90.04,66.77,59.16,4,3,2,60.67,69.56,73.37,65.89,Possession,373,519,1
LA-00469,Irrigation,Uttar Pradesh,Kanpur,8.58,97,60.54,37.98,77.76,4,3,1,95.63,67.35,66.06,67.47,Notification,257,559,0
LA-00470,Railway,Maharashtra,Aurangabad,16.31,79,64.45,72.48,77.53,2,3,2,88.89,38.21,51.16,77.48,Valuation,276,453,1
LA-00471,Power,Uttar Pradesh,Lucknow,5.0,93,88.87,83.07,74.0,4,2,0,30.52,42.45,90.82,84.66,Compensation,427,481,1
LA-00472,Power,Tamil Nadu,Chennai,5.0,101,59.44,61.3,77.74,3,3,0,70.28,28.12,50.64,68.39,Possession,469,517,1
LA-00473,Urban Development,Karnataka,Hubballi,5.0,17,86.17,64.98,69.08,1,3,0,100.0,61.96,98.57,82.88,Valuation,389,487,0
LA-00474,Power,Rajasthan,Kota,17.41,96,57.44,85.15,45.57,2,0,3,0.66,83.63,65.17,56.3,Possession,528,624,1
LA-00475,Railway,Maharashtra,Nashik,6.74,24,93.87,80.06,100.0,0,2,1,35.63,26.56,66.31,74.88,Valuation,327,424,1
LA-00476,Railway,Uttar Pradesh,Lucknow,8.71,80,74.26,84.6,55.83,0,2,1,46.25,86.21,57.0,72.39,Compensation,251,447,0
LA-00477,Urban Development,Tamil Nadu,Salem,16.77,142,61.02,45.55,39.65,2,1,2,92.03,51.44,82.34,53.48,Possession,505,549,1
LA-00478,Railway,Maharashtra,Pune,11.86,154,82.19,77.94,73.68,7,4,2,31.14,97.99,77.75,78.2,Compensation,412,621,1
LA-00479,Industrial,Uttar Pradesh,Prayagraj,5.0,96,87.26,48.11,60.91,1,3,0,51.95,80.55,68.13,55.74,Rehabilitation,388,463,0
LA-00480,Industrial,Maharashtra,Nashik,22.3,46,77.29,89.41,36.32,3,4,2,75.28,100.0,51.47,65.67,Compensation,414,432,1
LA-00481,Power,Maharashtra,Aurangabad,8.43,92,69.24,81.73,45.7,5,1,0,43.8,56.65,100.0,82.28,Rehabilitation,425,683,0
LA-00482,Power,Tamil Nadu,Coimbatore,5.0,174,60.41,63.63,75.89,2,2,4,71.32,62.9,82.39,68.92,Possession,520,658,1
LA-00483,Power,Rajasthan,Jodhpur,30.58,120,89.93,51.99,56.06,5,1,3,90.53,56.64,54.76,50.69,Rehabilitation,549,583,0
LA-00484,Urban Development,Gujarat,Ahmedabad,6.18,107,52.52,93.88,92.62,3,0,0,12.04,53.89,59.25,70.71,Possession,372,620,0
LA-00485,Railway,Karnataka,Mysuru,14.29,45,67.74,99.17,66.38,2,4,2,24.71,72.91,65.41,54.75,Valuation,481,508,1
LA-00486,Irrigation,Madhya Pradesh,Jabalpur,5.0,34,70.1,79.62,42.27,0,0,1,35.23,70.75,71.65,53.76,Possession,443,486,1
LA-00487,Irrigation,Maharashtra,Nagpur,5.0,26,59.22,78.67,59.1,0,5,0,19.63,62.47,77.81,62.62,Valuation,297,445,0
LA-00488,Power,Karnataka,Mysuru,10.67,69,84.52,52.21,54.22,3,3,1,30.42,100.0,59.44,37.4,Compensation,385,461,1
LA-00489,Urban Development,Maharashtra,Thane,12.66,98,71.2,58.34,94.92,0,3,1,64.82,65.95,79.73,91.72,Valuation,452,492,1
LA-00490,Urban Development,Rajasthan,Jodhpur,5.66,96,85.38,54.94,39.3,2,0,0,100.0,58.32,72.25,62.81,Possession,442,523,0
LA-00491,Power,Tamil Nadu,Tiruchirappalli,9.58,34,63.46,64.53,40.85,0,3,0,48.59,55.7,55.15,55.28,Notification,325,540,0
LA-00492,Highway,Maharashtra,Pune,5.39,7,79.59,89.67,58.88,0,3,0,10.56,74.84,70.45,68.77,Possession,131,489,1
LA-00493,Irrigation,Madhya Pradesh,Ujjain,30.45,147,88.88,77.13,49.45,5,4,1,55.19,72.83,68.19,71.1,Rehabilitation,373,687,1
LA-00494,Urban Development,Gujarat,Vadodara,8.69,128,77.7,63.31,76.44,7,4,2,66.54,88.61,82.05,71.81,Possession,269,505,0
LA-00495,Irrigation,Karnataka,Belagavi,6.19,140,80.41,96.64,91.42,2,1,2,29.41,51.66,86.03,83.24,Valuation,308,432,0
LA-00496,Power,Telangana,Nizamabad,5.0,8,92.28,100.0,49.78,0,2,1,48.51,78.31,84.38,73.76,Rehabilitation,384,424,0
LA-00497,Highway,Gujarat,Surat,5.0,77,74.12,82.32,63.69,0,2,0,55.28,79.82,67.18,75.28,Rehabilitation,314,513,1
LA-00498,Industrial,Uttar Pradesh,Varanasi,11.07,95,56.17,96.75,80.87,4,3,0,84.04,76.01,60.17,74.34,Valuation,257,511,1
LA-00499,Irrigation,Rajasthan,Kota,8.02,67,37.95,100.0,87.9,3,2,2,70.7,64.91,82.85,80.89,Compensation,277,501,1
LA-00500,Power,Tamil Nadu,Salem,15.37,85,81.67,100.0,96.76,3,7,0,79.96,70.43,100.0,92.07,Valuation,326,559,0
LA-00501,Irrigation,Maharashtra,Nagpur,5.0,55,75.36,61.88,32.58,1,6,0,55.55,50.17,71.01,71.38,Valuation,99,401,1
LA-00502,Industrial,Maharashtra,Nagpur,7.71,62,80.08,71.75,47.92,1,2,1,65.89,43.15,55.66,50.77,Rehabilitation,418,504,0
LA-00503,Railway,Rajasthan,Jaipur,6.44,71,100.0,89.0,43.72,1,1,2,62.4,27.96,48.96,63.51,Notification,482,535,0
LA-00504,Irrigation,Telangana,Khammam,5.0,73,76.66,93.97,64.32,0,5,0,49.88,88.9,70.06,70.72,Rehabilitation,420,563,0
LA-00505,Railway,Rajasthan,Kota,6.24,86,85.25,87.31,54.5,1,3,1,48.99,65.15,86.63,67.48,Possession,255,422,1
LA-00506,Power,Tamil Nadu,Coimbatore,6.02,99,81.35,85.47,40.88,1,3,3,51.83,63.49,47.2,52.77,Valuation,308,473,1
LA-00507,Industrial,Uttar Pradesh,Varanasi,11.82,50,98.08,45.5,77.53,1,4,0,99.44,99.35,83.47,80.13,Compensation,187,381,1
LA-00508,Industrial,Gujarat,Ahmedabad,11.34,23,88.41,81.39,65.58,0,2,0,54.18,87.24,54.52,79.98,Rehabilitation,230,472,0
LA-00509,Urban Development,Uttar Pradesh,Kanpur,25.36,160,91.22,71.49,64.5,2,2,3,78.33,45.43,92.9,64.11,Valuation,488,701,0
LA-00510,Urban Development,Tamil Nadu,Chennai,7.03,83,44.51,65.14,87.27,1,2,1,75.17,76.65,37.26,80.96,Notification,295,425,0
LA-00511,Irrigation,Uttar Pradesh,Prayagraj,12.0,66,60.33,52.63,30.27,1,3,2,29.67,68.75,67.26,64.23,Rehabilitation,429,419,1
LA-00512,Irrigation,Gujarat,Ahmedabad,27.21,142,51.09,79.31,38.6,2,2,0,32.68,53.64,61.23,35.42,Rehabilitation,355,517,1
LA-00513,Railway,Karnataka,Hubballi,5.0,72,87.54,60.66,80.82,3,1,2,69.43,77.24,68.03,82.24,Rehabilitation,300,491,0
LA-00514,Irrigation,Gujarat,Vadodara,5.0,40,90.54,64.87,83.49,0,3,0,89.04,73.57,61.26,68.51,Notification,485,518,0
LA-00515,Urban Development,Madhya Pradesh,Jabalpur,5.67,8,83.28,47.7,46.55,0,0,0,31.42,54.3,100.0,61.38,Possession,396,504,0
LA-00516,Irrigation,Maharashtra,Aurangabad,8.99,64,52.03,65.61,69.17,3,2,1,50.7,34.69,71.63,69.33,Possession,453,495,0
LA-00517,Industrial,Karnataka,Mangaluru,14.61,128,79.12,57.98,81.15,2,1,4,58.56,51.35,71.72,68.81,Possession,289,597,0
LA-00518,Highway,Rajasthan,Jaipur,6.0,99,85.44,63.99,22.2,4,3,2,54.31,74.57,64.55,54.84,Rehabilitation,414,515,1
LA-00519,Irrigation,Tamil Nadu,Tiruchirappalli,5.0,1,73.83,39.63,65.02,0,4,0,77.97,61.88,63.17,55.52,Compensation,340,514,0
LA-00520,Railway,Madhya Pradesh,Ujjain,6.58,1,59.16,38.59,71.41,0,1,0,47.56,57.24,97.15,53.65,Possession,217,431,1
LA-00521,Industrial,Gujarat,Ahmedabad,7.2,28,69.88,76.04,57.24,0,3,0,58.85,66.44,23.2,69.01,Notification,434,544,0
LA-00522,Railway,Tamil Nadu,Salem,5.0,1,100.0,85.9,100.0,1,3,0,89.7,99.57,100.0,100.0,Possession,277,465,0
LA-00523,Industrial,Rajasthan,Ajmer,5.0,112,100.0,88.33,87.26,4,0,0,58.06,26.98,87.05,84.08,Possession,432,623,0
LA-00524,Railway,Tamil Nadu,Tiruchirappalli,8.68,54,86.71,75.8,64.97,1,2,0,82.33,54.78,68.2,75.75,Compensation,290,469,0
LA-00525,Railway,Telangana,Khammam,5.0,72,80.51,50.76,55.41,0,2,0,91.94,96.72,75.12,61.96,Compensation,506,471,0
LA-00526,Urban Development,Tamil Nadu,Tiruchirappalli,5.0,52,86.69,57.46,39.14,2,4,0,65.87,66.05,92.86,73.28,Possession,285,490,1
LA-00527,Urban Development,Uttar Pradesh,Prayagraj,5.0,38,66.26,58.07,24.03,1,1,0,78.96,67.0,96.49,59.4,Compensation,275,438,0
LA-00528,Industrial,Gujarat,Rajkot,9.26,93,81.64,67.2,78.29,2,2,1,93.53,74.61,73.62,74.84,Compensation,395,465,0
LA-00529,Power,Maharashtra,Aurangabad,7.9,100,77.49,80.49,56.61,1,1,1,66.45,49.47,60.4,55.64,Possession,430,550,0
LA-00530,Irrigation,Gujarat,Kutch,9.67,151,50.57,68.8,28.3,4,4,2,2.88,53.32,51.18,39.71,Rehabilitation,663,562,1
LA-00531,Irrigation,Madhya Pradesh,Indore,9.01,82,73.23,59.42,65.51,1,2,3,85.49,52.89,100.0,67.77,Possession,492,571,0
LA-00532,Industrial,Rajasthan,Ajmer,6.55,136,58.09,69.59,78.08,1,2,4,100.0,58.83,71.65,81.24,Possession,526,580,0
LA-00533,Industrial,Rajasthan,Jodhpur,17.66,108,38.18,75.99,55.07,2,6,1,72.89,56.11,62.39,51.04,Notification,487,558,1
LA-00534,Urban Development,Maharashtra,Nashik,5.88,79,81.57,81.11,42.39,1,1,0,50.32,98.08,73.72,62.8,Notification,306,497,0
LA-00535,Industrial,Tamil Nadu,Salem,5.13,86,100.0,47.3,35.28,2,6,4,39.36,34.65,87.83,49.46,Valuation,375,464,1
LA-00536,Industrial,Madhya Pradesh,Gwalior,5.0,118,71.86,86.15,60.77,1,1,4,0.0,66.97,76.97,62.1,Possession,367,572,0
LA-00537,Urban Development,Uttar Pradesh,Lucknow,9.46,66,63.17,43.81,73.21,1,0,0,26.71,64.43,54.13,54.78,Valuation,443,504,0
LA-00538,Urban Development,Madhya Pradesh,Ujjain,16.06,39,79.24,56.89,68.29,0,2,1,46.73,46.84,86.0,80.35,Compensation,300,514,1
LA-00539,Power,Uttar Pradesh,Prayagraj,7.49,102,100.0,66.66,86.98,2,2,2,45.27,81.57,36.25,74.16,Rehabilitation,329,500,1
LA-00540,Irrigation,Rajasthan,Udaipur,16.0,115,78.9,42.9,23.41,6,3,1,71.7,100.0,76.53,61.12,Possession,350,616,1
LA-00541,Irrigation,Tamil Nadu,Madurai,7.75,71,100.0,44.3,94.25,2,2,1,32.7,100.0,64.66,60.12,Possession,362,450,0
LA-00542,Industrial,Madhya Pradesh,Bhopal,14.76,1,100.0,100.0,68.15,0,3,0,29.51,87.26,81.9,81.24,Compensation,397,479,0
LA-00543,Urban Development,Karnataka,Mysuru,5.0,63,75.92,72.75,90.67,0,6,0,44.35,62.39,58.91,69.5,Compensation,211,533,1
LA-00544,Irrigation,Madhya Pradesh,Gwalior,7.14,26,100.0,69.65,48.13,1,8,0,78.79,86.48,64.87,76.06,Compensation,251,454,0
LA-00545,Industrial,Tamil Nadu,Tiruchirappalli,14.71,1,100.0,100.0,58.26,0,1,1,60.23,69.52,38.16,75.94,Compensation,434,434,0
LA-00546,Irrigation,Maharashtra,Thane,25.19,158,76.65,74.29,61.88,5,3,2,89.7,62.85,59.91,66.83,Possession,512,705,1
LA-00547,Industrial,Telangana,Nizamabad,17.74,146,100.0,60.02,48.19,1,1,3,78.8,100.0,70.2,70.22,Valuation,540,487,1
LA-00548,Irrigation,Gujarat,Rajkot,5.6,42,65.59,100.0,39.36,1,0,1,95.35,61.39,91.19,89.3,Notification,122,382,0
LA-00549,Irrigation,Uttar Pradesh,Agra,5.0,28,79.46,80.11,20.82,0,3,0,48.62,42.3,64.36,47.85,Rehabilitation,220,447,0
LA-00550,Railway,Madhya Pradesh,Ujjain,5.99,117,84.9,68.6,46.46,6,0,3,69.13,81.81,76.29,68.37,Compensation,554,628,1
LA-00551,Urban Development,Karnataka,Mysuru,7.83,183,91.43,70.99,48.82,2,0,6,57.34,99.09,94.66,74.78,Notification,456,654,1
LA-00552,Urban Development,Madhya Pradesh,Bhopal,9.34,115,94.77,71.13,51.73,3,1,2,91.92,50.25,69.85,79.59,Notification,396,590,0
LA-00553,Power,Madhya Pradesh,Bhopal,5.0,53,83.56,59.5,47.85,0,4,0,78.77,78.5,27.01,50.96,Notification,369,436,1
LA-00554,Highway,Telangana,Nizamabad,6.24,55,76.29,60.93,75.53,1,0,1,79.64,60.41,64.34,83.17,Rehabilitation,111,456,1
LA-00555,Highway,Rajasthan,Jaipur,5.0,77,95.19,68.34,77.01,3,2,1,55.46,66.36,80.15,72.66,Possession,193,555,0
LA-00556,Railway,Telangana,Karimnagar,5.0,135,32.43,100.0,62.5,3,2,2,68.16,46.74,93.92,88.82,Rehabilitation,389,481,0
LA-00557,Power,Madhya Pradesh,Jabalpur,5.0,8,100.0,67.18,56.83,1,3,3,62.72,91.42,71.94,58.81,Compensation,312,399,0
LA-00558,Irrigation,Gujarat,Ahmedabad,5.03,73,68.1,98.28,54.97,0,8,1,68.42,43.38,63.64,69.39,Possession,320,541,0
LA-00559,Railway,Gujarat,Surat,32.8,114,96.69,62.97,90.07,3,4,3,85.48,85.85,47.0,72.07,Rehabilitation,506,610,1
LA-00560,Railway,Gujarat,Vadodara,5.0,119,100.0,100.0,68.11,5,2,5,75.02,95.4,58.47,89.18,Rehabilitation,324,515,0
LA-00561,Railway,Karnataka,Bengaluru,5.0,148,96.18,69.92,68.06,1,2,2,54.05,56.18,75.92,67.52,Notification,521,564,0
LA-00562,Irrigation,Maharashtra,Nagpur,10.69,106,69.06,48.34,76.21,1,2,3,42.08,59.99,40.54,77.89,Compensation,316,486,0
LA-00563,Industrial,Uttar Pradesh,Kanpur,18.45,21,73.52,55.35,70.73,1,4,0,55.6,77.19,100.0,75.86,Possession,438,473,0
LA-00564,Industrial,Karnataka,Mysuru,6.39,175,46.98,55.23,50.21,5,2,5,100.0,100.0,68.5,69.97,Notification,495,685,1
LA-00565,Irrigation,Rajasthan,Udaipur,18.5,89,81.53,89.72,96.81,2,4,1,52.79,50.36,59.36,92.91,Compensation,302,498,0
LA-00566,Power,Rajasthan,Jaipur,5.0,90,14.12,80.07,31.94,1,2,1,15.17,28.24,52.17,39.52,Compensation,562,627,1
LA-00567,Irrigation,Madhya Pradesh,Bhopal,22.21,100,100.0,57.57,20.98,2,1,1,22.69,80.07,81.31,38.0,Possession,615,637,1
LA-00568,Power,Telangana,Karimnagar,12.16,85,97.33,86.4,100.0,1,2,2,48.23,83.59,46.42,77.65,Possession,154,405,0
LA-00569,Irrigation,Maharashtra,Aurangabad,5.0,99,60.49,100.0,84.6,1,4,1,55.38,69.31,56.4,67.66,Notification,424,500,0
LA-00570,Railway,Rajasthan,Udaipur,21.85,109,49.85,82.93,96.44,4,4,2,37.77,62.76,51.35,69.01,Compensation,553,752,0
LA-00571,Railway,Gujarat,Rajkot,11.74,105,100.0,56.7,32.52,1,2,2,58.32,45.27,74.17,53.56,Rehabilitation,620,589,1
LA-00572,Railway,Uttar Pradesh,Agra,24.63,119,83.43,65.11,45.48,4,1,0,51.34,97.16,100.0,82.78,Compensation,314,624,0
LA-00573,Irrigation,Gujarat,Rajkot,5.89,147,88.98,84.08,83.58,5,1,3,70.1,51.64,72.21,76.38,Compensation,419,559,1
LA-00574,Power,Madhya Pradesh,Indore,7.5,128,76.4,70.79,90.37,3,1,3,38.17,80.23,95.54,65.89,Notification,487,570,0
LA-00575,Industrial,Karnataka,Mysuru,6.11,123,71.34,70.57,73.27,2,2,2,35.63,66.57,87.77,63.88,Rehabilitation,321,566,1
LA-00576,Power,Karnataka,Bengaluru,7.15,69,72.81,75.98,50.28,0,4,2,62.0,61.33,59.22,61.4,Compensation,354,584,0
LA-00577,Irrigation,Madhya Pradesh,Bhopal,5.42,65,72.37,75.58,26.38,0,3,1,84.89,100.0,81.99,62.43,Valuation,442,456,1
LA-00578,Industrial,Rajasthan,Udaipur,5.0,110,92.3,81.49,53.06,0,2,2,77.15,74.18,85.03,63.67,Possession,420,572,0
LA-00579,Irrigation,Telangana,Khammam,5.47,88,91.46,58.56,49.9,5,4,1,99.81,38.33,81.07,65.05,Rehabilitation,108,453,1
LA-00580,Urban Development,Madhya Pradesh,Bhopal,7.02,140,84.74,53.34,87.45,3,1,2,60.43,68.75,55.73,84.13,Possession,307,474,1
LA-00581,Highway,Uttar Pradesh,Prayagraj,5.0,39,66.72,42.5,68.48,1,2,0,26.14,80.85,82.97,58.16,Compensation,651,540,0
LA-00582,Highway,Maharashtra,Pune,5.0,122,69.98,84.45,68.56,3,0,4,37.18,66.26,79.26,65.49,Possession,388,602,0
LA-00583,Urban Development,Madhya Pradesh,Ujjain,12.31,94,67.86,80.57,76.02,4,1,1,87.78,35.8,92.77,74.83,Possession,214,644,0
LA-00584,Railway,Rajasthan,Kota,21.82,91,91.77,100.0,69.53,5,3,3,75.72,74.58,59.61,69.31,Possession,415,549,0
LA-00585,Industrial,Maharashtra,Nashik,5.0,98,90.91,54.25,94.52,1,3,1,70.14,54.03,69.66,77.58,Possession,394,553,1
LA-00586,Industrial,Maharashtra,Thane,5.0,39,100.0,85.81,75.45,0,1,0,89.66,27.6,81.91,86.65,Rehabilitation,290,552,0
LA-00587,Highway,Uttar Pradesh,Kanpur,13.12,70,76.06,69.78,36.77,2,0,4,50.67,61.42,82.95,61.29,Possession,353,552,1
LA-00588,Industrial,Uttar Pradesh,Prayagraj,6.93,53,92.49,31.68,41.35,2,3,1,63.29,96.11,49.19,42.2,Notification,607,532,0
LA-00589,Urban Development,Uttar Pradesh,Agra,5.0,96,70.67,20.13,33.81,2,3,2,33.28,69.19,75.38,38.75,Notification,565,630,1
LA-00590,Industrial,Karnataka,Bengaluru,45.87,38,72.39,30.25,44.83,2,2,1,23.5,75.68,77.37,43.59,Valuation,308,452,0
LA-00591,Urban Development,Maharashtra,Pune,22.05,129,87.3,96.56,64.34,2,3,5,41.45,93.97,50.43,59.23,Rehabilitation,238,557,1
LA-00592,Irrigation,Maharashtra,Thane,5.22,30,100.0,73.59,74.64,0,2,2,70.94,79.81,54.51,74.03,Notification,268,458,1
LA-00593,Highway,Uttar Pradesh,Lucknow,8.13,133,82.88,62.87,69.29,1,2,2,100.0,77.48,100.0,66.64,Compensation,450,637,0
LA-00594,Industrial,Rajasthan,Jodhpur,14.61,30,90.12,31.05,62.03,4,2,0,86.69,56.97,71.6,50.99,Rehabilitation,355,483,0
LA-00595,Irrigation,Telangana,Karimnagar,6.22,89,82.65,45.91,100.0,4,1,1,48.7,49.98,65.68,71.6,Rehabilitation,521,542,1
LA-00596,Industrial,Maharashtra,Thane,9.59,46,88.95,74.54,62.3,0,3,1,91.08,76.1,53.75,79.79,Valuation,320,532,0
LA-00597,Power,Tamil Nadu,Chennai,18.82,81,88.59,86.47,20.45,3,4,0,50.08,50.32,72.58,63.49,Valuation,230,588,1
LA-00598,Urban Development,Telangana,Khammam,11.68,62,86.62,85.13,48.04,0,3,0,79.22,49.83,69.54,63.05,Valuation,352,578,1
LA-00599,Power,Madhya Pradesh,Indore,5.0,82,100.0,89.37,75.46,3,3,0,48.17,83.68,84.01,77.4,Notification,374,510,0
LA-00600,Irrigation,Uttar Pradesh,Prayagraj,5.15,96,91.14,68.45,100.0,1,2,0,43.61,60.78,92.11,98.76,Rehabilitation,259,592,0
LA-00601,Urban Development,Telangana,Warangal,7.21,49,65.68,100.0,79.31,2,2,1,41.77,29.72,44.3,75.17,Valuation,327,522,1
LA-00602,Industrial,Tamil Nadu,Coimbatore,19.65,151,75.11,50.9,30.1,1,1,1,30.69,85.29,65.69,45.29,Compensation,677,631,1
LA-00603,Railway,Maharashtra,Pune,6.4,65,89.23,74.68,57.48,1,2,1,62.17,52.16,48.52,68.46,Rehabilitation,339,493,1
LA-00604,Urban Development,Gujarat,Surat,5.0,50,57.32,69.66,40.71,1,1,2,72.29,34.68,97.47,69.83,Valuation,322,580,1
LA-00605,Highway,Maharashtra,Thane,9.46,98,64.31,72.89,43.32,2,3,6,34.72,64.15,78.49,54.3,Notification,564,524,1
LA-00606,Industrial,Gujarat,Surat,10.36,105,60.69,54.83,42.45,0,1,3,56.68,91.4,46.87,41.74,Notification,421,512,0
LA-00607,Industrial,Uttar Pradesh,Kanpur,7.41,55,61.85,58.94,47.01,1,2,2,75.68,53.94,42.4,61.45,Possession,292,515,1
LA-00608,Railway,Gujarat,Surat,5.0,59,70.71,85.22,78.78,5,1,1,23.2,56.13,62.73,75.28,Possession,355,532,1
LA-00609,Irrigation,Madhya Pradesh,Ujjain,5.29,72,59.25,61.3,75.73,1,2,1,51.6,66.08,100.0,67.0,Compensation,255,455,0
LA-00610,Urban Development,Tamil Nadu,Coimbatore,12.99,54,79.02,98.4,69.95,1,3,1,21.44,78.11,70.36,77.24,Compensation,410,548,1
LA-00611,Railway,Madhya Pradesh,Gwalior,10.58,38,84.59,100.0,89.01,1,4,1,39.86,76.01,74.36,77.66,Compensation,265,489,1
LA-00612,Irrigation,Gujarat,Kutch,10.41,34,50.62,75.84,64.59,1,5,1,59.73,78.22,77.44,63.88,Possession,390,580,0
LA-00613,Power,Rajasthan,Udaipur,5.0,138,100.0,42.68,97.2,6,2,1,69.17,60.67,58.56,75.08,Possession,449,587,0
LA-00614,Industrial,Gujarat,Rajkot,8.21,84,65.31,53.63,46.3,3,5,1,66.12,91.87,77.14,66.27,Rehabilitation,346,543,0
LA-00615,Urban Development,Tamil Nadu,Salem,5.0,52,74.87,80.11,41.82,2,4,2,41.54,15.28,53.99,62.15,Rehabilitation,382,517,0
LA-00616,Railway,Karnataka,Belagavi,7.3,35,77.12,83.76,85.9,2,2,0,79.55,61.89,69.01,79.8,Valuation,214,513,0
LA-00617,Urban Development,Uttar Pradesh,Kanpur,19.19,80,83.21,69.7,100.0,0,6,1,40.89,33.19,62.82,78.84,Valuation,355,453,0
LA-00618,Irrigation,Rajasthan,Udaipur,21.96,178,83.49,73.16,52.29,4,3,3,77.86,82.14,90.54,60.85,Notification,424,633,1
LA-00619,Urban Development,Telangana,Karimnagar,5.0,77,72.3,76.21,85.46,1,5,0,36.02,22.87,98.93,88.54,Possession,251,443,1
LA-00620,Urban Development,Rajasthan,Udaipur,5.0,54,100.0,45.27,72.63,1,4,0,100.0,83.49,46.49,71.11,Valuation,372,409,0
LA-00621,Irrigation,Madhya Pradesh,Jabalpur,10.99,34,60.75,58.01,72.68,0,1,1,68.6,48.62,100.0,59.9,Notification,546,568,0
LA-00622,Industrial,Tamil Nadu,Chennai,13.14,33,47.2,84.37,68.91,0,5,2,60.25,40.0,75.89,70.5,Possession,259,506,0
LA-00623,Power,Madhya Pradesh,Indore,7.04,86,88.11,28.51,83.94,2,1,1,80.02,70.71,65.99,70.38,Compensation,386,525,0
LA-00624,Industrial,Gujarat,Ahmedabad,5.24,105,70.67,68.41,63.55,2,3,0,98.55,45.19,61.75,67.65,Valuation,353,698,1
LA-00625,Urban Development,Madhya Pradesh,Gwalior,5.91,92,79.66,64.81,45.69,1,4,4,33.96,53.61,58.75,63.31,Valuation,487,511,0
LA-00626,Irrigation,Karnataka,Bengaluru,13.15,104,76.49,99.57,79.85,1,3,3,91.25,44.25,85.85,91.85,Valuation,185,471,0
LA-00627,Railway,Maharashtra,Aurangabad,5.0,147,53.23,57.5,74.54,5,2,1,39.51,51.69,84.63,61.09,Valuation,431,602,1
LA-00628,Power,Madhya Pradesh,Gwalior,13.21,28,76.78,51.91,81.39,0,2,0,79.55,29.95,55.63,54.69,Valuation,341,344,0
LA-00629,Urban Development,Tamil Nadu,Madurai,7.46,102,50.61,51.6,60.74,1,2,3,38.72,92.55,38.58,40.9,Rehabilitation,605,480,1
LA-00630,Industrial,Tamil Nadu,Madurai,7.23,114,77.38,58.26,71.3,4,1,4,72.24,56.55,100.0,65.6,Compensation,498,487,1
LA-00631,Irrigation,Uttar Pradesh,Varanasi,26.02,87,100.0,82.5,69.53,0,1,0,60.2,46.64,63.47,84.56,Notification,392,428,0
LA-00632,Power,Uttar Pradesh,Agra,14.39,195,87.03,50.15,51.93,4,5,3,66.77,77.13,45.95,46.01,Valuation,645,643,1
LA-00633,Irrigation,Tamil Nadu,Salem,10.6,31,99.0,82.74,98.28,2,3,0,43.7,75.17,31.68,61.51,Notification,372,552,0
LA-00634,Urban Development,Madhya Pradesh,Bhopal,9.6,79,93.72,63.91,100.0,1,2,1,71.21,100.0,88.96,80.11,Notification,368,429,0
LA-00635,Irrigation,Telangana,Nizamabad,5.0,59,77.0,64.58,100.0,0,1,1,71.79,75.0,86.21,76.76,Valuation,378,453,0
LA-00636,Railway,Tamil Nadu,Coimbatore,21.02,124,100.0,100.0,37.03,3,2,2,56.5,67.02,100.0,74.01,Rehabilitation,377,633,0
LA-00637,Urban Development,Madhya Pradesh,Gwalior,6.3,167,67.98,74.68,69.4,5,6,2,33.07,47.93,43.32,71.91,Possession,524,642,1
LA-00638,Power,Tamil Nadu,Madurai,23.77,141,84.25,70.02,82.75,5,2,3,89.97,71.41,67.83,67.54,Rehabilitation,620,673,1
LA-00639,Power,Uttar Pradesh,Varanasi,5.0,76,100.0,72.62,67.15,1,6,2,24.27,49.15,41.77,57.12,Valuation,30,496,0
LA-00640,Power,Tamil Nadu,Coimbatore,18.49,68,79.65,51.84,54.71,0,8,1,54.77,63.32,90.82,72.17,Valuation,408,482,1
LA-00641,Power,Uttar Pradesh,Kanpur,7.61,46,69.2,81.19,32.41,0,1,1,63.2,70.43,52.8,54.61,Possession,493,482,0
LA-00642,Power,Gujarat,Kutch,10.17,72,79.33,75.81,70.89,3,2,5,77.54,94.83,60.21,79.39,Notification,233,424,0
LA-00643,Highway,Gujarat,Ahmedabad,18.41,113,61.49,56.24,91.04,1,3,1,88.91,68.56,39.67,74.63,Rehabilitation,490,578,1
LA-00644,Railway,Madhya Pradesh,Indore,7.02,41,65.16,79.78,100.0,0,4,0,84.08,93.31,94.71,77.85,Valuation,344,469,0
LA-00645,Highway,Madhya Pradesh,Ujjain,7.3,52,44.62,58.49,42.61,2,2,0,71.19,78.2,92.27,51.41,Rehabilitation,249,480,0
LA-00646,Irrigation,Gujarat,Kutch,5.52,60,39.71,66.22,60.56,1,4,0,54.6,55.45,94.84,67.57,Possession,509,546,1
LA-00647,Industrial,Uttar Pradesh,Lucknow,13.83,48,46.33,65.18,77.74,1,3,2,83.01,46.97,52.4,66.47,Notification,253,452,0
LA-00648,Urban Development,Telangana,Hyderabad,5.0,133,95.09,75.35,57.17,6,3,3,77.19,74.57,88.45,82.37,Notification,257,544,0
LA-00649,Urban Development,Karnataka,Mangaluru,14.55,67,87.82,91.67,68.17,1,3,0,11.15,69.25,76.11,95.12,Compensation,402,588,0
LA-00650,Highway,Telangana,Warangal,5.0,78,92.65,74.31,40.34,0,3,0,60.34,57.9,82.68,68.51,Notification,622,587,0
LA-00651,Highway,Rajasthan,Jodhpur,5.0,121,52.41,78.03,56.25,4,4,2,36.09,70.79,71.0,66.44,Valuation,403,543,1
LA-00652,Urban Development,Karnataka,Hubballi,5.0,88,82.51,41.41,92.3,6,3,1,62.91,63.95,53.78,62.12,Compensation,395,507,1
LA-00653,Industrial,Maharashtra,Nagpur,5.22,36,99.72,62.54,48.05,1,9,2,76.97,55.35,46.49,63.68,Rehabilitation,319,415,1
LA-00654,Industrial,Madhya Pradesh,Bhopal,11.07,100,97.11,48.33,86.84,7,2,1,100.0,83.28,59.88,89.96,Compensation,338,674,0
LA-00655,Power,Maharashtra,Pune,5.0,46,88.19,52.79,50.7,0,1,1,9.91,74.43,95.24,52.7,Notification,392,572,0
LA-00656,Industrial,Telangana,Karimnagar,75.37,192,86.86,57.85,73.41,5,0,5,43.1,72.1,72.2,78.23,Possession,387,689,1
LA-00657,Industrial,Gujarat,Ahmedabad,12.93,137,70.24,42.9,65.52,2,1,4,40.38,31.12,55.26,66.77,Valuation,474,573,1
LA-00658,Highway,Uttar Pradesh,Varanasi,22.43,134,73.98,58.87,44.97,4,2,2,14.32,78.81,42.76,37.43,Compensation,556,667,1
LA-00659,Urban Development,Maharashtra,Thane,13.66,44,42.44,100.0,50.91,2,5,0,77.25,80.58,40.68,75.38,Notification,667,540,1
LA-00660,Railway,Madhya Pradesh,Ujjain,30.83,97,92.72,62.92,65.88,3,2,3,93.83,68.38,55.34,66.64,Rehabilitation,519,626,0
LA-00661,Irrigation,Gujarat,Ahmedabad,31.18,82,63.52,75.92,79.75,1,2,1,81.88,86.63,100.0,79.91,Compensation,398,528,0
LA-00662,Urban Development,Gujarat,Surat,5.0,111,68.02,63.68,15.16,2,4,6,82.72,84.42,51.4,54.17,Compensation,530,579,1
LA-00663,Highway,Madhya Pradesh,Ujjain,6.97,33,65.56,45.15,53.5,0,4,1,45.68,63.94,69.01,51.01,Valuation,388,476,0
LA-00664,Power,Telangana,Hyderabad,5.0,78,90.6,82.7,70.83,0,1,1,50.01,57.12,53.39,71.78,Compensation,180,507,1
LA-00665,Railway,Madhya Pradesh,Ujjain,5.0,61,87.91,43.35,62.65,1,0,2,42.0,62.2,33.6,41.42,Rehabilitation,372,429,1
LA-00666,Power,Tamil Nadu,Salem,12.72,126,81.58,53.98,74.04,5,1,2,50.35,82.9,61.38,84.22,Valuation,373,615,0
LA-00667,Power,Maharashtra,Thane,34.98,114,82.89,64.66,57.68,0,6,3,34.99,72.59,46.27,62.08,Compensation,419,549,1
LA-00668,Highway,Maharashtra,Aurangabad,27.33,116,39.98,76.49,96.11,5,1,3,59.59,71.8,78.43,67.86,Valuation,476,608,1
LA-00669,Highway,Tamil Nadu,Tiruchirappalli,12.67,153,90.21,75.82,78.66,4,1,0,76.17,70.59,65.63,58.84,Possession,487,591,0
LA-00670,Urban Development,Telangana,Nizamabad,5.0,1,92.72,43.21,82.22,0,3,2,44.69,81.9,55.02,67.14,Notification,316,431,0
LA-00671,Power,Karnataka,Belagavi,5.0,1,75.77,61.38,49.13,1,3,0,91.74,78.95,72.37,65.99,Rehabilitation,553,487,0
LA-00672,Railway,Tamil Nadu,Tiruchirappalli,14.61,86,100.0,100.0,51.09,0,2,1,12.0,26.04,56.44,63.23,Rehabilitation,351,514,0
LA-00673,Industrial,Rajasthan,Ajmer,5.3,96,72.83,72.9,63.58,4,3,0,80.8,88.3,88.17,75.0,Rehabilitation,507,499,1
LA-00674,Highway,Karnataka,Mysuru,5.0,145,78.68,56.65,71.92,4,3,2,70.02,69.62,85.85,73.59,Notification,411,560,1
LA-00675,Highway,Karnataka,Mysuru,12.27,103,47.14,76.26,34.75,1,3,3,29.8,70.67,49.35,45.13,Rehabilitation,459,665,1
LA-00676,Power,Rajasthan,Udaipur,5.94,53,100.0,45.13,40.82,2,0,1,51.81,66.73,64.26,48.62,Compensation,472,455,1
LA-00677,Irrigation,Maharashtra,Pune,19.44,52,62.28,75.45,73.52,1,2,0,35.15,57.65,95.25,74.46,Notification,337,558,1
LA-00678,Irrigation,Uttar Pradesh,Agra,11.2,141,64.82,72.5,46.78,2,2,5,52.47,67.08,100.0,56.71,Compensation,423,618,0
LA-00679,Highway,Rajasthan,Jaipur,5.0,66,60.41,89.87,76.8,0,0,0,51.43,49.0,74.85,91.61,Valuation,231,453,0
LA-00680,Industrial,Uttar Pradesh,Prayagraj,12.62,41,75.02,51.31,79.61,1,1,0,48.64,46.39,43.16,58.53,Possession,324,488,0
LA-00681,Urban Development,Telangana,Hyderabad,6.34,2,55.46,43.15,74.61,2,2,1,76.07,81.56,71.32,59.45,Notification,373,436,0
LA-00682,Highway,Tamil Nadu,Tiruchirappalli,5.0,100,100.0,54.23,44.86,3,2,3,0.0,62.13,76.28,54.69,Notification,419,483,0
LA-00683,Urban Development,Tamil Nadu,Salem,5.0,91,75.41,58.67,80.81,2,1,0,58.92,82.46,73.4,68.62,Notification,474,510,1
LA-00684,Irrigation,Telangana,Karimnagar,5.59,80,89.48,45.93,95.77,0,4,0,46.51,77.5,77.88,76.45,Notification,502,463,0
LA-00685,Power,Madhya Pradesh,Ujjain,5.0,136,64.44,36.84,25.46,3,3,1,100.0,67.48,66.55,56.23,Possession,385,432,1
LA-00686,Railway,Telangana,Warangal,5.0,82,70.5,72.02,59.87,1,3,1,26.42,71.63,67.34,74.28,Valuation,385,576,1
LA-00687,Irrigation,Karnataka,Hubballi,29.2,120,100.0,82.6,84.62,5,3,3,86.44,52.09,82.05,86.89,Rehabilitation,386,668,1
LA-00688,Railway,Maharashtra,Nashik,5.0,106,83.78,100.0,58.21,3,6,2,71.7,83.85,78.25,84.79,Rehabilitation,325,567,1
LA-00689,Irrigation,Telangana,Nizamabad,13.45,100,46.68,38.28,46.0,5,7,3,57.31,44.66,91.72,68.45,Rehabilitation,211,561,1
LA-00690,Highway,Tamil Nadu,Madurai,5.0,79,85.31,63.06,44.7,0,2,0,100.0,100.0,50.8,66.48,Valuation,314,482,0
LA-00691,Power,Uttar Pradesh,Prayagraj,5.0,63,63.31,70.25,64.6,1,8,0,45.09,100.0,65.37,40.49,Possession,439,485,0
LA-00692,Railway,Uttar Pradesh,Lucknow,5.0,62,84.91,64.07,80.3,1,3,3,86.58,49.38,60.98,67.6,Valuation,388,599,0
LA-00693,Irrigation,Gujarat,Vadodara,11.53,111,67.54,100.0,64.95,1,3,3,67.25,42.6,91.53,73.53,Compensation,481,504,0
LA-00694,Urban Development,Telangana,Nizamabad,5.0,143,83.78,85.31,89.43,3,3,2,83.24,65.48,71.85,78.97,Rehabilitation,439,497,1
LA-00695,Irrigation,Telangana,Khammam,5.0,140,94.33,79.92,58.18,5,3,2,66.83,59.11,54.77,55.89,Valuation,612,660,1
LA-00696,Irrigation,Tamil Nadu,Tiruchirappalli,5.0,51,69.73,73.94,53.05,0,1,1,90.41,65.2,40.26,58.36,Valuation,462,564,1
LA-00697,Industrial,Tamil Nadu,Coimbatore,5.0,94,100.0,46.07,79.13,1,1,2,85.17,66.97,54.29,72.5,Rehabilitation,391,579,0
LA-00698,Irrigation,Karnataka,Belagavi,14.04,143,75.53,60.44,67.81,1,5,3,77.68,94.57,61.41,62.71,Possession,520,603,0
LA-00699,Railway,Tamil Nadu,Salem,5.0,91,83.26,56.32,64.11,2,3,2,96.65,79.67,82.17,82.01,Compensation,413,526,0
LA-00700,Industrial,Tamil Nadu,Chennai,5.71,31,84.09,45.57,64.3,0,1,1,25.5,94.56,87.09,56.47,Possession,519,549,1
LA-00701,Railway,Rajasthan,Ajmer,29.92,149,69.45,73.39,14.35,2,4,1,75.3,35.29,94.41,66.95,Notification,423,545,1
LA-00702,Power,Uttar Pradesh,Kanpur,8.15,133,51.74,80.4,63.75,3,3,2,73.59,58.33,83.95,77.49,Rehabilitation,538,503,1
LA-00703,Irrigation,Maharashtra,Aurangabad,5.0,95,66.98,31.77,59.15,1,1,1,27.44,81.61,49.16,46.71,Rehabilitation,286,312,1
LA-00704,Railway,Karnataka,Mysuru,9.51,94,100.0,64.54,45.53,4,3,4,62.64,35.53,45.9,59.79,Compensation,415,622,1
LA-00705,Power,Rajasthan,Udaipur,43.23,127,94.97,70.86,41.17,5,1,5,95.44,53.17,97.69,67.68,Rehabilitation,381,549,1
LA-00706,Highway,Uttar Pradesh,Prayagraj,7.09,69,82.88,71.7,33.6,1,3,1,52.78,70.28,85.71,66.98,Rehabilitation,417,502,0
LA-00707,Urban Development,Telangana,Khammam,5.0,12,22.74,100.0,68.72,2,1,0,37.81,84.56,84.44,68.17,Possession,411,620,1
LA-00708,Power,Telangana,Khammam,5.0,123,96.82,47.9,61.29,3,3,1,32.81,44.68,58.16,48.2,Notification,571,594,0
LA-00709,Irrigation,Maharashtra,Pune,9.23,46,96.65,41.09,56.16,3,4,1,68.69,78.29,46.01,50.83,Valuation,583,646,1
LA-00710,Power,Tamil Nadu,Coimbatore,9.55,70,86.99,87.52,85.79,3,5,0,70.7,31.98,49.22,78.84,Possession,426,470,0
LA-00711,Highway,Telangana,Nizamabad,10.87,111,86.04,72.03,79.33,1,7,1,1.95,88.34,81.29,71.65,Rehabilitation,266,475,0
LA-00712,Highway,Gujarat,Ahmedabad,10.46,115,42.98,90.49,89.2,3,3,1,0.0,93.51,41.71,52.91,Compensation,499,633,1
LA-00713,Railway,Madhya Pradesh,Gwalior,9.02,74,78.33,39.65,78.68,3,3,2,64.35,46.62,62.12,49.89,Compensation,499,564,1
LA-00714,Industrial,Uttar Pradesh,Prayagraj,5.0,155,94.33,32.77,47.18,7,2,4,65.82,74.48,74.77,54.09,Possession,594,648,1
LA-00715,Railway,Tamil Nadu,Chennai,13.25,124,100.0,84.51,64.23,3,3,4,70.14,50.69,69.72,71.7,Rehabilitation,352,540,0
LA-00716,Highway,Karnataka,Belagavi,6.66,145,92.63,86.19,70.51,3,5,8,17.7,73.6,67.3,60.42,Notification,448,644,1
LA-00717,Highway,Rajasthan,Kota,5.0,81,85.7,57.08,51.37,1,1,2,43.67,57.97,65.6,47.21,Compensation,529,573,0
LA-00718,Irrigation,Uttar Pradesh,Kanpur,5.0,63,68.12,66.46,0.0,3,3,1,15.51,75.85,93.09,41.17,Possession,603,532,1
LA-00719,Industrial,Tamil Nadu,Salem,6.9,165,96.77,59.73,68.53,2,0,3,59.95,69.64,64.03,74.64,Notification,548,550,0
LA-00720,Industrial,Uttar Pradesh,Agra,5.0,161,68.51,66.27,45.4,3,2,5,57.69,81.28,88.99,59.79,Notification,430,514,1
LA-00721,Irrigation,Gujarat,Ahmedabad,8.57,14,83.0,0.0,81.82,1,4,2,33.51,97.81,49.07,56.69,Notification,377,502,1
LA-00722,Irrigation,Maharashtra,Nashik,5.0,78,94.1,55.06,45.38,1,0,0,89.68,58.75,64.06,76.99,Valuation,482,560,0
LA-00723,Urban Development,Rajasthan,Ajmer,5.23,10,81.28,87.89,59.81,1,1,0,72.89,69.88,83.33,73.82,Valuation,266,507,0
LA-00724,Irrigation,Telangana,Karimnagar,29.82,60,68.94,100.0,100.0,1,1,0,52.38,60.27,73.49,84.17,Valuation,329,488,0
LA-00725,Industrial,Rajasthan,Jodhpur,5.0,72,71.81,44.67,20.57,1,2,0,43.94,68.43,91.25,42.56,Rehabilitation,398,542,0
LA-00726,Industrial,Gujarat,Kutch,8.72,63,69.83,38.12,75.51,0,3,1,85.98,100.0,53.46,52.84,Valuation,606,486,1
LA-00727,Industrial,Telangana,Karimnagar,5.0,1,64.16,58.6,90.2,0,0,0,64.72,81.98,72.81,74.61,Notification,221,452,0
LA-00728,Power,Madhya Pradesh,Bhopal,24.51,140,52.21,82.02,100.0,3,2,2,54.89,62.87,53.21,69.53,Compensation,358,559,0
LA-00729,Power,Maharashtra,Thane,8.87,67,66.98,66.5,78.79,1,2,1,79.86,75.17,100.0,72.99,Notification,411,549,0
LA-00730,Urban Development,Rajasthan,Kota,5.0,77,83.47,88.3,38.95,0,0,2,71.39,28.58,97.14,68.29,Compensation,371,524,0
LA-00731,Railway,Uttar Pradesh,Lucknow,21.0,28,70.82,60.19,64.25,0,2,0,29.68,82.34,35.94,53.66,Compensation,371,587,0
LA-00732,Power,Uttar Pradesh,Prayagraj,12.25,140,85.93,36.22,44.87,2,1,2,32.06,65.58,83.7,62.63,Compensation,560,552,0
LA-00733,Urban Development,Telangana,Khammam,8.09,115,76.16,59.3,74.22,5,7,2,58.0,77.57,81.14,76.42,Rehabilitation,192,530,1
LA-00734,Urban Development,Maharashtra,Nagpur,9.79,51,58.61,76.16,62.3,1,2,1,73.03,67.45,61.26,64.65,Compensation,477,512,0
LA-00735,Industrial,Rajasthan,Kota,44.94,131,68.64,100.0,73.1,4,3,0,83.76,64.51,56.94,81.19,Possession,454,629,1
LA-00736,Urban Development,Maharashtra,Nashik,6.0,97,89.81,49.4,92.07,0,2,3,70.82,65.64,97.24,80.17,Compensation,320,399,1
LA-00737,Highway,Madhya Pradesh,Jabalpur,8.03,120,84.95,11.28,35.12,3,5,5,7.5,58.95,56.18,18.5,Notification,506,562,1
LA-00738,Railway,Tamil Nadu,Coimbatore,8.46,5,67.86,80.38,68.88,0,2,0,85.21,70.16,96.23,69.16,Possession,131,422,0
LA-00739,Industrial,Telangana,Khammam,7.61,125,58.0,75.66,48.52,3,2,2,42.19,64.23,67.92,56.56,Valuation,477,518,1
LA-00740,Urban Development,Telangana,Karimnagar,9.62,70,93.71,38.57,27.8,1,1,1,50.61,50.22,55.17,45.09,Valuation,308,459,0
LA-00741,Industrial,Rajasthan,Ajmer,5.0,1,85.29,64.34,60.53,1,3,0,79.34,71.42,72.41,56.23,Valuation,493,491,0
LA-00742,Industrial,Karnataka,Mysuru,5.0,40,100.0,96.71,46.91,0,4,1,75.56,97.22,17.24,82.96,Valuation,358,422,0
LA-00743,Irrigation,Uttar Pradesh,Prayagraj,5.0,159,83.25,79.33,61.86,5,3,1,60.46,82.45,64.3,80.74,Notification,377,551,0
LA-00744,Irrigation,Gujarat,Vadodara,7.3,146,73.79,75.44,34.51,4,1,5,54.85,55.99,64.73,42.31,Valuation,653,638,0
LA-00745,Railway,Telangana,Khammam,13.81,74,100.0,51.0,51.22,0,0,2,63.06,37.03,83.97,69.87,Possession,392,530,1
LA-00746,Power,Uttar Pradesh,Varanasi,5.0,36,68.12,93.97,88.66,0,4,0,36.14,100.0,44.79,68.57,Rehabilitation,334,496,0
LA-00747,Industrial,Uttar Pradesh,Varanasi,9.38,134,70.37,54.34,100.0,3,4,0,55.69,95.87,40.39,65.23,Valuation,515,700,0
LA-00748,Highway,Gujarat,Surat,20.06,79,54.81,77.16,100.0,2,3,1,48.55,81.74,98.76,74.29,Compensation,289,567,0
LA-00749,Highway,Karnataka,Mysuru,5.58,164,97.07,39.25,62.78,2,2,1,68.71,50.32,66.04,49.36,Possession,222,577,1
LA-00750,Irrigation,Rajasthan,Udaipur,5.0,75,100.0,64.7,0.0,2,3,1,11.18,44.08,75.98,49.52,Possession,496,536,0
LA-00751,Power,Uttar Pradesh,Prayagraj,9.26,83,54.6,62.12,100.0,4,2,0,67.54,54.7,93.29,79.28,Possession,479,666,1
LA-00752,Highway,Maharashtra,Nagpur,5.0,11,91.23,70.75,56.43,0,2,0,19.33,100.0,57.08,59.73,Possession,450,533,0
LA-00753,Irrigation,Gujarat,Vadodara,10.51,75,77.57,54.29,31.8,2,2,3,73.52,89.38,57.18,52.78,Possession,453,559,1
LA-00754,Railway,Telangana,Hyderabad,6.56,168,71.54,52.87,38.33,5,2,6,64.75,77.59,44.72,47.2,Valuation,447,609,1
LA-00755,Irrigation,Gujarat,Vadodara,16.27,130,63.87,97.11,100.0,2,2,1,74.58,65.75,28.71,85.58,Compensation,415,606,0
LA-00756,Irrigation,Maharashtra,Aurangabad,7.52,129,82.13,57.59,70.46,3,1,1,67.84,57.73,67.52,61.47,Notification,389,630,0
LA-00757,Railway,Madhya Pradesh,Ujjain,9.43,55,66.1,65.37,54.1,0,4,1,82.87,78.96,72.03,68.98,Compensation,266,469,1
LA-00758,Power,Telangana,Warangal,12.45,123,88.16,49.01,54.17,4,1,4,63.77,51.01,77.79,65.47,Possession,191,580,0
LA-00759,Railway,Madhya Pradesh,Bhopal,8.77,63,91.24,41.48,40.38,5,1,2,88.32,59.17,86.08,68.23,Notification,519,543,1
LA-00760,Urban Development,Tamil Nadu,Tiruchirappalli,10.46,124,77.71,59.5,24.01,2,3,2,73.0,52.57,49.65,41.82,Compensation,530,561,1
LA-00761,Urban Development,Rajasthan,Kota,5.0,24,98.27,46.07,13.04,0,0,0,74.95,72.06,64.98,53.82,Compensation,285,430,1
LA-00762,Irrigation,Karnataka,Mangaluru,20.61,123,65.09,49.53,86.38,2,5,2,36.22,55.87,100.0,55.21,Notification,548,603,1
LA-00763,Railway,Telangana,Hyderabad,5.0,157,52.07,100.0,61.68,4,4,2,31.26,54.63,100.0,79.15,Compensation,367,636,1
LA-00764,Power,Rajasthan,Jodhpur,33.29,136,80.15,67.33,57.17,4,6,1,80.67,39.12,94.77,64.3,Valuation,644,728,1
LA-00765,Railway,Tamil Nadu,Coimbatore,15.89,33,73.22,67.63,52.69,0,0,0,81.6,78.61,58.79,72.9,Rehabilitation,307,443,0
LA-00766,Industrial,Rajasthan,Ajmer,21.34,141,77.71,82.84,35.68,3,5,5,41.28,55.91,52.58,54.72,Compensation,365,519,0
LA-00767,Power,Telangana,Karimnagar,7.37,100,66.24,58.0,80.01,0,0,3,36.81,71.04,94.93,69.27,Rehabilitation,328,491,0
LA-00768,Highway,Maharashtra,Aurangabad,5.0,19,84.82,55.45,37.15,1,5,1,49.71,89.37,74.67,56.54,Possession,443,426,1
LA-00769,Power,Karnataka,Hubballi,5.0,31,86.64,96.88,67.56,0,4,0,21.22,100.0,50.78,70.62,Rehabilitation,457,633,1
LA-00770,Industrial,Tamil Nadu,Tiruchirappalli,7.64,89,62.31,59.56,17.14,4,2,0,37.52,34.19,74.94,44.78,Notification,470,482,0
LA-00771,Power,Maharashtra,Aurangabad,5.0,6,86.27,82.02,65.75,1,2,1,92.63,58.32,84.49,77.11,Compensation,460,478,0
LA-00772,Highway,Telangana,Warangal,5.0,53,93.96,52.94,42.99,0,2,2,56.47,77.39,84.83,59.47,Rehabilitation,244,429,0
LA-00773,Railway,Uttar Pradesh,Agra,5.0,99,98.74,83.89,89.36,2,4,0,46.96,71.79,88.59,75.84,Compensation,355,513,0
LA-00774,Irrigation,Tamil Nadu,Tiruchirappalli,5.0,106,80.75,67.46,89.18,2,2,3,53.05,92.6,54.55,69.66,Possession,405,614,0
LA-00775,Railway,Uttar Pradesh,Agra,17.69,102,93.71,58.99,25.1,2,4,1,74.03,81.38,62.42,56.24,Notification,386,511,0
LA-00776,Highway,Maharashtra,Aurangabad,17.46,112,75.25,57.43,100.0,3,4,4,79.05,65.21,77.02,89.17,Notification,378,607,1
LA-00777,Highway,Rajasthan,Udaipur,6.42,113,98.48,67.81,97.74,2,0,1,96.72,86.98,48.19,88.2,Rehabilitation,364,471,0
LA-00778,Highway,Telangana,Warangal,18.41,46,84.03,25.65,82.73,0,1,1,86.34,14.57,78.87,66.18,Valuation,304,419,0
LA-00779,Power,Karnataka,Mysuru,6.89,50,84.16,95.87,36.08,1,1,2,70.82,92.17,56.07,61.04,Compensation,424,536,0
LA-00780,Highway,Tamil Nadu,Madurai,6.98,53,48.71,55.16,63.57,2,1,0,0.0,57.7,90.57,66.79,Notification,226,408,0
LA-00781,Irrigation,Rajasthan,Jaipur,9.9,59,74.79,73.21,63.85,0,2,1,77.65,63.84,60.35,64.94,Rehabilitation,495,496,1
LA-00782,Power,Karnataka,Mysuru,66.86,58,100.0,60.17,94.7,0,1,2,44.25,74.04,100.0,86.03,Rehabilitation,164,463,0
LA-00783,Power,Maharashtra,Pune,7.59,71,80.49,81.83,78.7,3,1,2,86.26,87.64,63.84,100.0,Notification,332,610,1
LA-00784,Railway,Uttar Pradesh,Lucknow,9.05,74,34.35,61.05,82.74,0,2,1,97.54,51.4,74.45,77.13,Valuation,270,434,0
LA-00785,Urban Development,Madhya Pradesh,Ujjain,9.02,122,62.85,100.0,83.25,2,3,2,71.25,64.28,65.84,87.36,Rehabilitation,277,633,0
LA-00786,Highway,Gujarat,Rajkot,5.0,74,58.66,56.35,52.63,1,5,0,66.65,100.0,98.26,50.19,Notification,410,548,1
LA-00787,Industrial,Rajasthan,Udaipur,5.01,71,66.62,39.32,100.0,1,3,2,27.28,38.95,55.47,69.32,Notification,290,519,0
LA-00788,Railway,Telangana,Hyderabad,9.67,68,100.0,88.66,65.59,2,1,2,20.9,74.88,61.96,77.0,Notification,386,470,0
LA-00789,Highway,Tamil Nadu,Madurai,5.0,102,44.51,57.86,11.39,0,1,6,100.0,60.36,47.69,54.4,Compensation,240,496,1
LA-00790,Railway,Telangana,Warangal,28.79,141,80.63,75.79,89.12,3,3,1,42.26,63.6,53.87,74.37,Valuation,182,540,0
LA-00791,Highway,Gujarat,Kutch,14.06,135,78.11,47.74,49.08,1,5,3,76.25,74.25,37.98,52.9,Valuation,523,668,1
LA-00792,Industrial,Tamil Nadu,Coimbatore,5.56,1,74.57,40.86,60.45,1,5,2,60.83,90.37,39.29,46.77,Valuation,393,543,0
LA-00793,Industrial,Uttar Pradesh,Kanpur,5.0,104,52.1,73.61,78.71,0,4,3,25.25,78.68,68.51,64.15,Notification,492,566,1
LA-00794,Highway,Rajasthan,Jaipur,5.0,98,74.63,77.09,60.52,4,3,2,40.3,45.88,67.26,66.76,Possession,389,601,1
LA-00795,Power,Telangana,Nizamabad,5.95,88,100.0,78.05,77.76,1,3,3,87.95,38.44,75.59,83.55,Rehabilitation,271,529,1
LA-00796,Irrigation,Rajasthan,Jodhpur,6.83,116,53.82,100.0,89.14,1,6,2,53.24,52.18,76.41,97.58,Compensation,322,514,1
LA-00797,Power,Maharashtra,Nashik,7.46,109,74.34,81.26,60.82,4,3,2,100.0,75.9,60.53,75.29,Possession,433,642,0
LA-00798,Urban Development,Karnataka,Bengaluru,6.55,56,45.69,99.32,55.57,0,3,0,95.4,66.08,77.46,66.21,Compensation,374,552,0
LA-00799,Railway,Madhya Pradesh,Gwalior,20.48,51,52.07,72.66,71.37,1,2,1,68.75,68.74,45.04,69.58,Compensation,405,463,0
LA-00800,Power,Gujarat,Surat,7.62,95,86.85,98.0,50.19,3,4,1,24.28,72.0,94.67,57.05,Rehabilitation,614,655,0
LA-00801,Industrial,Maharashtra,Nashik,5.41,50,90.72,45.42,61.82,2,2,3,43.54,47.18,80.5,60.97,Rehabilitation,524,422,1
LA-00802,Power,Maharashtra,Thane,8.4,49,80.27,77.74,45.03,2,1,0,30.12,69.59,65.51,50.29,Notification,468,471,1
LA-00803,Irrigation,Tamil Nadu,Coimbatore,23.35,101,82.93,75.56,88.4,3,3,2,45.35,100.0,94.64,71.57,Rehabilitation,548,657,0
LA-00804,Urban Development,Telangana,Nizamabad,10.83,91,52.19,100.0,76.23,2,4,0,45.4,76.13,57.16,84.32,Possession,263,480,1
LA-00805,Power,Rajasthan,Udaipur,5.78,77,84.69,66.39,41.35,3,3,0,26.45,88.76,74.84,45.89,Notification,499,559,1
LA-00806,Highway,Maharashtra,Pune,11.41,154,48.14,88.1,77.23,8,2,2,38.74,73.03,74.45,66.05,Compensation,585,688,1
LA-00807,Railway,Gujarat,Ahmedabad,5.0,3,71.76,92.46,78.43,1,1,1,59.96,70.18,50.77,71.23,Rehabilitation,202,457,0
LA-00808,Urban Development,Karnataka,Mangaluru,7.45,106,74.89,64.65,84.96,4,3,2,47.14,73.17,57.85,61.59,Rehabilitation,604,610,0
LA-00809,Industrial,Telangana,Hyderabad,5.0,141,73.81,61.78,62.24,3,2,5,64.63,62.29,74.05,67.7,Possession,605,641,1
LA-00810,Urban Development,Rajasthan,Kota,13.55,53,98.7,61.9,46.43,4,3,1,67.67,66.06,93.14,77.11,Notification,326,463,0
LA-00811,Irrigation,Maharashtra,Thane,16.24,26,81.49,94.18,77.05,1,1,1,35.95,29.58,81.81,66.21,Valuation,138,433,0
LA-00812,Railway,Tamil Nadu,Salem,9.13,92,46.43,72.12,46.47,3,1,2,31.15,79.59,42.96,50.91,Possession,493,564,1
LA-00813,Power,Maharashtra,Nagpur,9.0,160,70.23,75.19,23.48,9,1,3,66.07,66.57,44.23,44.04,Rehabilitation,526,686,1
LA-00814,Power,Madhya Pradesh,Indore,5.0,1,73.51,46.44,44.54,0,2,1,93.04,72.02,35.51,55.0,Valuation,433,436,1
LA-00815,Highway,Telangana,Hyderabad,11.1,124,100.0,93.75,82.84,5,3,0,83.02,73.93,71.71,89.61,Rehabilitation,365,769,0
LA-00816,Urban Development,Gujarat,Rajkot,6.13,102,83.29,73.3,77.43,5,3,0,67.71,53.24,60.57,79.14,Valuation,460,597,1
LA-00817,Highway,Gujarat,Surat,5.48,93,100.0,36.65,32.8,1,1,2,58.0,52.37,72.58,62.19,Notification,302,530,0
LA-00818,Railway,Uttar Pradesh,Agra,7.71,105,91.82,92.89,63.22,4,2,1,71.4,83.81,85.64,76.0,Possession,381,647,1
LA-00819,Urban Development,Karnataka,Mysuru,9.57,36,55.7,79.84,88.71,0,0,1,58.1,69.11,74.37,54.57,Compensation,252,410,1
LA-00820,Railway,Karnataka,Bengaluru,12.29,36,81.11,70.21,63.13,0,1,1,84.45,100.0,83.52,76.21,Notification,327,456,0
LA-00821,Irrigation,Telangana,Nizamabad,26.41,65,83.74,78.33,40.36,0,0,1,27.14,76.38,63.35,73.27,Possession,434,564,0
LA-00822,Highway,Karnataka,Mangaluru,17.84,113,90.17,59.91,70.58,0,2,3,53.98,65.35,70.56,68.87,Notification,330,531,0
LA-00823,Industrial,Uttar Pradesh,Prayagraj,7.26,39,66.88,79.65,42.57,1,4,0,49.09,100.0,88.24,47.19,Compensation,586,533,0
LA-00824,Highway,Uttar Pradesh,Prayagraj,5.73,53,60.28,43.58,85.7,0,1,3,62.89,72.3,92.51,63.97,Valuation,398,502,0
LA-00825,Irrigation,Rajasthan,Kota,5.0,136,66.87,82.59,62.71,3,2,4,15.8,77.87,69.48,47.29,Notification,691,692,1
LA-00826,Urban Development,Maharashtra,Nashik,6.12,41,51.4,34.23,73.89,0,0,1,37.71,65.24,60.82,43.81,Possession,419,500,1
LA-00827,Highway,Gujarat,Ahmedabad,9.46,84,75.46,18.68,54.32,0,3,0,100.0,81.18,65.88,60.57,Valuation,548,596,0
LA-00828,Highway,Uttar Pradesh,Agra,28.25,87,68.14,60.08,64.91,2,2,0,64.9,76.62,62.75,59.81,Rehabilitation,410,536,1
LA-00829,Railway,Rajasthan,Jaipur,5.0,128,75.22,63.0,69.75,3,5,2,11.86,92.2,64.49,44.62,Possession,508,538,1
LA-00830,Power,Telangana,Warangal,5.0,48,78.67,71.67,56.32,1,2,1,85.58,50.71,84.32,72.33,Compensation,357,507,0
LA-00831,Railway,Telangana,Nizamabad,9.97,26,72.69,100.0,62.42,0,3,0,37.84,83.59,72.24,63.13,Compensation,545,492,1
LA-00832,Highway,Tamil Nadu,Chennai,10.32,138,92.39,40.74,69.36,3,3,1,55.98,90.26,60.15,76.59,Possession,411,584,1
LA-00833,Power,Gujarat,Surat,6.42,139,81.32,62.43,60.81,5,3,1,58.39,79.1,81.64,77.61,Valuation,549,529,0
LA-00834,Urban Development,Gujarat,Vadodara,34.23,146,81.63,45.81,70.66,3,4,6,66.15,79.67,84.83,69.97,Notification,328,553,0
LA-00835,Industrial,Karnataka,Hubballi,5.0,111,57.26,29.93,86.31,2,2,4,90.24,96.99,67.96,62.09,Compensation,574,670,0
LA-00836,Highway,Uttar Pradesh,Lucknow,9.41,108,100.0,67.84,55.26,3,3,0,93.03,74.06,100.0,92.49,Compensation,276,559,0
LA-00837,Railway,Karnataka,Mangaluru,5.48,27,100.0,82.09,94.66,0,2,0,81.15,55.65,82.57,95.27,Compensation,144,463,0
LA-00838,Power,Madhya Pradesh,Gwalior,6.21,29,100.0,44.02,51.44,0,4,1,87.22,87.35,54.5,48.71,Compensation,432,538,0
LA-00839,Urban Development,Uttar Pradesh,Kanpur,5.0,90,89.12,42.98,82.97,2,3,3,57.32,62.45,74.18,65.4,Possession,345,538,1
LA-00840,Railway,Rajasthan,Jaipur,9.48,109,74.81,97.35,58.27,3,3,2,52.73,81.21,90.18,71.78,Rehabilitation,309,542,0
LA-00841,Highway,Madhya Pradesh,Ujjain,5.0,54,89.29,74.45,22.18,0,3,2,62.0,96.33,85.32,65.05,Compensation,602,578,0
LA-00842,Power,Gujarat,Rajkot,5.95,12,79.79,47.53,57.5,0,1,1,14.29,75.09,63.09,51.63,Notification,384,450,1
LA-00843,Power,Telangana,Nizamabad,11.56,100,56.8,35.21,81.19,2,1,1,57.03,62.69,53.7,46.65,Notification,450,587,0
LA-00844,Railway,Madhya Pradesh,Gwalior,5.0,1,100.0,53.84,54.9,1,5,1,73.05,74.94,79.19,70.79,Rehabilitation,151,495,0
LA-00845,Highway,Rajasthan,Kota,10.03,37,68.74,79.86,51.26,3,3,1,79.75,98.78,86.4,66.39,Notification,464,598,1
LA-00846,Highway,Madhya Pradesh,Ujjain,17.99,183,89.49,64.51,92.76,8,7,3,100.0,85.27,85.05,93.1,Rehabilitation,374,696,1
LA-00847,Power,Tamil Nadu,Salem,5.0,140,94.72,61.19,44.68,2,3,2,100.0,88.92,100.0,88.97,Notification,342,615,0
LA-00848,Urban Development,Maharashtra,Thane,5.0,13,50.6,100.0,52.36,0,1,3,55.54,45.74,67.32,59.17,Valuation,240,514,1
LA-00849,Power,Telangana,Hyderabad,5.0,85,79.96,90.18,88.27,2,4,0,59.23,79.09,50.8,49.2,Possession,504,609,1
LA-00850,Urban Development,Gujarat,Vadodara,6.25,80,82.11,38.72,68.95,2,2,3,35.01,51.75,81.18,82.05,Valuation,333,478,1
LA-00851,Railway,Karnataka,Hubballi,9.5,1,71.29,70.27,60.91,3,3,2,58.36,78.88,53.81,58.45,Compensation,409,404,1
LA-00852,Industrial,Tamil Nadu,Madurai,23.05,105,86.77,71.45,73.36,2,5,3,71.04,77.44,63.22,61.23,Rehabilitation,424,488,0
LA-00853,Irrigation,Madhya Pradesh,Indore,7.89,69,86.58,73.43,84.02,2,7,1,75.73,77.86,64.14,88.0,Valuation,364,427,0
LA-00854,Railway,Maharashtra,Nashik,5.0,72,99.43,63.31,82.33,2,3,3,44.03,81.77,75.99,63.61,Notification,448,525,1
LA-00855,Railway,Uttar Pradesh,Varanasi,11.08,94,74.05,40.35,70.23,4,3,2,67.39,48.51,100.0,77.91,Compensation,460,551,0
LA-00856,Industrial,Maharashtra,Thane,30.26,100,64.09,100.0,75.58,3,2,3,37.35,44.58,44.32,65.69,Compensation,456,567,1
LA-00857,Railway,Uttar Pradesh,Agra,5.0,76,90.34,99.85,84.0,5,3,1,42.69,43.73,85.54,87.15,Rehabilitation,313,553,0
LA-00858,Irrigation,Maharashtra,Pune,5.0,130,59.35,66.37,76.13,1,1,2,95.31,55.95,56.41,86.26,Valuation,265,525,0
LA-00859,Power,Karnataka,Mangaluru,5.0,60,83.66,69.41,100.0,2,3,2,62.46,27.69,94.25,65.66,Notification,456,502,0
LA-00860,Railway,Tamil Nadu,Coimbatore,9.51,56,90.4,87.75,60.47,0,7,2,26.77,63.84,73.63,65.52,Notification,452,448,0
LA-00861,Power,Madhya Pradesh,Jabalpur,5.0,43,93.12,72.14,60.99,0,1,1,54.59,27.56,79.8,77.33,Rehabilitation,282,506,0
LA-00862,Urban Development,Gujarat,Rajkot,5.28,70,57.49,84.45,45.42,0,0,2,61.24,59.11,89.47,78.68,Compensation,148,334,0
LA-00863,Railway,Gujarat,Vadodara,18.22,59,95.91,86.55,93.76,5,0,1,78.21,23.91,50.58,81.66,Rehabilitation,126,608,0
LA-00864,Urban Development,Madhya Pradesh,Indore,16.37,76,69.75,62.0,48.19,5,4,1,78.57,41.24,100.0,68.69,Rehabilitation,494,578,0
LA-00865,Highway,Rajasthan,Jaipur,6.09,140,36.11,31.92,55.21,3,3,5,100.0,35.55,44.19,46.07,Notification,542,579,1
LA-00866,Highway,Madhya Pradesh,Bhopal,15.75,74,86.75,62.8,73.07,1,2,2,93.52,26.46,76.56,68.15,Valuation,300,437,0
LA-00867,Industrial,Tamil Nadu,Chennai,25.66,113,98.97,75.71,60.03,5,9,0,34.98,86.84,88.44,66.86,Possession,335,617,0
LA-00868,Urban Development,Karnataka,Bengaluru,13.85,48,82.97,81.58,68.77,2,3,1,47.35,90.26,99.77,71.26,Notification,319,502,0
LA-00869,Highway,Madhya Pradesh,Gwalior,40.14,115,100.0,69.33,67.52,3,2,2,74.3,75.12,87.27,71.65,Valuation,333,515,1
LA-00870,Highway,Tamil Nadu,Chennai,11.1,73,46.34,56.02,43.69,2,1,0,56.02,60.58,78.24,63.52,Notification,262,499,1
LA-00871,Industrial,Gujarat,Surat,26.06,132,94.25,49.58,81.32,3,2,2,81.65,61.95,55.75,74.68,Possession,435,611,0
LA-00872,Industrial,Telangana,Karimnagar,5.0,56,82.35,78.57,59.51,2,2,1,76.25,65.81,80.31,64.28,Notification,387,473,0
LA-00873,Industrial,Telangana,Warangal,13.84,130,71.42,59.99,48.64,1,3,5,49.19,63.1,33.68,32.6,Compensation,521,554,1
LA-00874,Railway,Rajasthan,Kota,5.0,59,61.96,72.89,83.21,2,1,0,50.71,62.19,57.27,69.27,Compensation,468,450,1
LA-00875,Industrial,Rajasthan,Jaipur,7.64,159,100.0,80.33,98.64,4,3,1,95.07,86.52,68.53,100.0,Possession,132,554,0
LA-00876,Urban Development,Madhya Pradesh,Jabalpur,14.2,72,59.51,90.4,74.66,1,4,2,76.21,85.77,92.27,84.47,Rehabilitation,239,444,0
LA-00877,Industrial,Uttar Pradesh,Lucknow,14.26,99,69.65,83.49,57.95,2,3,3,52.13,39.3,76.9,70.76,Notification,499,533,1
LA-00878,Irrigation,Telangana,Warangal,5.0,111,85.77,3.28,92.25,6,3,3,35.37,57.85,90.23,50.94,Rehabilitation,462,658,1
LA-00879,Railway,Madhya Pradesh,Ujjain,5.53,59,81.31,56.06,62.41,1,1,1,42.3,94.23,54.77,53.64,Notification,376,508,0
LA-00880,Industrial,Tamil Nadu,Salem,9.66,42,90.34,69.59,84.39,0,3,1,39.4,76.67,37.03,60.52,Possession,343,469,1
LA-00881,Industrial,Tamil Nadu,Tiruchirappalli,8.4,45,77.89,42.66,90.03,0,4,0,47.86,78.42,70.08,72.55,Possession,340,494,0
LA-00882,Irrigation,Telangana,Nizamabad,12.17,49,76.31,63.15,75.52,0,2,0,57.67,48.2,88.96,73.07,Valuation,309,440,1
LA-00883,Highway,Tamil Nadu,Tiruchirappalli,11.57,151,50.36,75.27,68.08,3,4,5,58.4,50.88,52.82,61.35,Valuation,342,543,1
LA-00884,Highway,Karnataka,Bengaluru,5.57,52,82.97,67.3,60.86,2,2,1,64.97,77.7,78.94,65.25,Rehabilitation,561,579,0
LA-00885,Urban Development,Tamil Nadu,Tiruchirappalli,7.83,156,98.96,63.27,81.92,2,3,2,100.0,86.06,33.78,61.45,Valuation,428,527,1
LA-00886,Railway,Maharashtra,Nashik,6.07,41,86.17,53.52,65.73,0,5,0,71.09,97.03,69.86,69.67,Valuation,305,519,0
LA-00887,Irrigation,Gujarat,Surat,5.0,115,51.99,35.29,35.93,4,3,1,59.2,81.5,65.31,47.3,Possession,589,616,1
LA-00888,Industrial,Tamil Nadu,Coimbatore,11.82,51,75.57,97.57,55.95,0,1,0,62.99,69.93,69.86,79.99,Valuation,313,589,1
LA-00889,Railway,Tamil Nadu,Madurai,8.66,83,80.29,72.63,77.74,2,0,1,100.0,92.31,51.03,71.65,Possession,461,567,1
LA-00890,Highway,Tamil Nadu,Tiruchirappalli,5.0,41,100.0,63.53,75.04,2,2,0,100.0,53.88,100.0,95.97,Possession,314,491,0
LA-00891,Railway,Madhya Pradesh,Gwalior,13.95,146,89.65,81.09,61.22,5,4,4,78.6,65.45,62.01,61.31,Possession,463,602,0
LA-00892,Irrigation,Rajasthan,Udaipur,10.91,80,93.91,100.0,48.95,1,3,1,16.43,52.49,86.34,71.93,Notification,440,443,0
LA-00893,Highway,Gujarat,Surat,7.18,94,70.04,86.43,40.33,2,2,4,50.13,71.4,71.1,75.09,Possession,229,470,0
LA-00894,Railway,Gujarat,Kutch,7.71,52,52.84,75.57,100.0,1,4,1,50.71,99.38,70.17,68.99,Rehabilitation,349,492,0
LA-00895,Highway,Tamil Nadu,Tiruchirappalli,12.47,67,77.75,46.59,66.92,2,2,2,71.56,25.98,32.18,62.72,Valuation,354,548,1
LA-00896,Railway,Tamil Nadu,Coimbatore,5.0,171,65.34,46.41,66.91,5,1,0,100.0,29.78,74.69,67.45,Compensation,561,675,1
LA-00897,Highway,Gujarat,Surat,47.18,77,99.85,71.09,50.73,2,0,4,28.3,66.05,100.0,72.8,Possession,433,617,0
LA-00898,Power,Rajasthan,Jaipur,5.0,1,94.58,55.35,44.04,0,2,0,59.14,55.12,97.65,64.39,Possession,390,485,0
LA-00899,Irrigation,Maharashtra,Nagpur,6.76,88,80.73,69.64,100.0,3,1,1,44.0,78.09,64.33,81.49,Rehabilitation,216,429,0
LA-00900,Urban Development,Maharashtra,Nagpur,5.0,28,52.13,83.91,80.71,1,2,0,50.09,94.43,90.72,76.48,Compensation,297,436,1
LA-00901,Irrigation,Rajasthan,Jodhpur,5.48,69,64.68,52.35,81.07,3,1,1,34.0,45.26,83.45,56.73,Rehabilitation,680,610,0
LA-00902,Power,Uttar Pradesh,Agra,13.72,44,91.2,45.94,60.32,1,3,0,29.98,70.48,80.77,70.27,Valuation,177,442,1
LA-00903,Power,Tamil Nadu,Coimbatore,11.68,156,70.5,53.52,52.45,5,3,3,28.01,78.19,80.94,65.29,Possession,478,650,1
LA-00904,Railway,Telangana,Nizamabad,5.0,107,49.88,92.19,38.94,1,3,3,52.62,92.88,51.1,59.92,Compensation,401,520,1
LA-00905,Railway,Rajasthan,Jaipur,14.65,147,86.58,58.84,47.53,2,4,4,50.12,98.66,87.79,70.38,Possession,311,541,0
LA-00906,Industrial,Gujarat,Surat,21.63,179,65.02,49.91,49.42,6,1,6,95.88,36.66,48.03,52.19,Possession,413,650,1
LA-00907,Irrigation,Madhya Pradesh,Ujjain,15.1,77,41.4,75.74,45.48,0,1,1,40.61,81.48,38.27,37.81,Notification,487,458,1
LA-00908,Industrial,Rajasthan,Kota,8.19,145,82.58,81.33,70.04,3,2,2,65.56,74.19,44.67,67.72,Notification,508,565,0
LA-00909,Railway,Tamil Nadu,Madurai,5.0,89,56.45,87.78,51.78,3,3,1,82.26,36.42,90.73,63.87,Valuation,259,500,1
LA-00910,Power,Maharashtra,Nagpur,14.31,116,56.38,63.19,100.0,3,2,2,58.82,74.85,79.95,69.92,Rehabilitation,313,514,0
LA-00911,Highway,Karnataka,Mysuru,5.0,153,88.38,70.92,59.34,3,1,1,53.27,67.53,57.39,64.69,Valuation,244,600,0
LA-00912,Power,Maharashtra,Nagpur,5.12,1,70.43,60.23,44.68,0,2,1,43.11,68.28,85.81,65.08,Compensation,471,532,1
LA-00913,Highway,Gujarat,Ahmedabad,10.68,75,86.82,70.06,62.94,0,1,0,38.87,85.39,54.82,65.62,Rehabilitation,377,477,0
LA-00914,Industrial,Telangana,Warangal,17.73,82,54.12,63.06,27.05,2,3,2,77.91,83.33,74.12,65.62,Rehabilitation,431,482,1
LA-00915,Industrial,Telangana,Nizamabad,5.0,46,88.52,71.62,29.56,2,2,0,80.76,73.41,70.4,64.97,Possession,395,499,0
LA-00916,Industrial,Maharashtra,Aurangabad,5.0,138,86.01,97.78,100.0,1,2,1,57.61,85.14,43.25,86.42,Possession,239,551,0
LA-00917,Power,Madhya Pradesh,Bhopal,7.6,61,86.37,100.0,11.41,3,5,0,69.59,69.97,65.93,65.18,Rehabilitation,592,589,0
LA-00918,Highway,Gujarat,Rajkot,6.57,162,64.94,56.57,65.04,3,4,3,55.21,100.0,83.92,60.88,Notification,378,498,1
LA-00919,Irrigation,Karnataka,Bengaluru,5.0,60,70.53,45.23,70.82,2,2,1,57.03,54.31,92.84,70.39,Notification,426,610,1
LA-00920,Irrigation,Rajasthan,Udaipur,20.08,9,89.94,100.0,36.62,1,1,1,57.81,85.61,48.73,64.93,Valuation,395,581,0
LA-00921,Power,Maharashtra,Thane,5.0,67,100.0,98.11,60.84,1,2,1,44.57,70.25,100.0,88.16,Notification,165,443,0
LA-00922,Irrigation,Uttar Pradesh,Lucknow,11.84,125,83.36,70.05,63.18,4,2,2,56.52,65.96,74.8,63.23,Rehabilitation,467,443,0
LA-00923,Power,Rajasthan,Ajmer,9.64,110,80.95,61.03,46.82,3,2,3,33.73,61.36,97.02,56.94,Rehabilitation,600,671,1
LA-00924,Railway,Gujarat,Ahmedabad,10.22,106,52.59,94.14,66.63,2,0,1,78.31,78.55,90.96,78.99,Compensation,327,508,0
LA-00925,Railway,Madhya Pradesh,Gwalior,5.0,95,87.02,62.03,100.0,9,1,0,5.06,45.28,66.48,68.62,Possession,495,623,1
LA-00926,Power,Karnataka,Hubballi,9.75,45,95.48,73.06,94.41,1,6,0,44.0,85.48,75.52,76.76,Compensation,361,440,1
LA-00927,Railway,Maharashtra,Pune,5.0,87,76.73,51.71,51.86,1,0,0,62.63,62.73,64.6,56.91,Rehabilitation,551,590,0
LA-00928,Urban Development,Uttar Pradesh,Kanpur,5.31,55,78.92,43.27,99.77,1,3,2,80.82,96.6,100.0,76.12,Notification,460,495,0
LA-00929,Irrigation,Gujarat,Vadodara,5.0,16,85.87,62.87,76.64,0,5,2,43.9,72.77,88.77,82.9,Notification,154,386,0
LA-00930,Irrigation,Uttar Pradesh,Kanpur,7.03,128,69.23,49.18,78.54,3,2,2,58.98,78.4,48.93,70.57,Notification,497,532,1
LA-00931,Highway,Madhya Pradesh,Bhopal,5.0,118,67.94,69.86,56.91,4,3,3,28.5,54.46,42.7,71.92,Compensation,330,506,1
LA-00932,Highway,Uttar Pradesh,Lucknow,5.0,114,74.07,86.04,41.86,6,4,4,56.13,66.6,34.42,42.16,Compensation,853,760,1
LA-00933,Industrial,Uttar Pradesh,Varanasi,44.57,148,96.71,100.0,45.73,2,2,3,15.42,82.55,67.32,59.34,Compensation,442,573,0
LA-00934,Highway,Telangana,Warangal,5.0,53,65.13,35.52,89.88,0,1,0,71.63,83.39,62.5,62.45,Compensation,594,544,1
LA-00935,Industrial,Tamil Nadu,Coimbatore,9.6,84,88.34,71.95,19.84,2,1,2,18.05,57.3,40.27,61.73,Rehabilitation,460,516,1
LA-00936,Highway,Karnataka,Belagavi,12.65,63,45.78,78.25,75.44,1,1,0,49.0,82.13,91.36,80.88,Rehabilitation,343,484,0
LA-00937,Irrigation,Madhya Pradesh,Jabalpur,26.72,77,91.92,97.91,58.65,0,2,0,93.73,92.08,61.77,77.17,Possession,179,510,0
LA-00938,Highway,Rajasthan,Jaipur,5.0,79,74.59,72.55,35.14,0,2,3,59.97,55.92,60.74,55.11,Notification,525,537,0
LA-00939,Power,Tamil Nadu,Tiruchirappalli,9.64,86,49.43,84.95,38.84,2,1,2,49.97,55.3,40.96,59.41,Rehabilitation,477,551,1
LA-00940,Urban Development,Madhya Pradesh,Ujjain,7.71,127,93.5,100.0,54.39,3,3,1,100.0,80.92,82.59,75.84,Notification,434,669,0
LA-00941,Industrial,Telangana,Khammam,14.57,105,90.72,70.27,92.29,2,1,2,73.61,37.26,82.04,62.29,Rehabilitation,310,500,0
LA-00942,Urban Development,Madhya Pradesh,Gwalior,10.21,51,47.04,61.1,64.16,2,4,0,85.87,70.4,75.76,73.37,Compensation,562,679,0
LA-00943,Highway,Telangana,Hyderabad,7.21,34,64.42,75.42,100.0,1,3,3,75.94,61.68,67.43,80.97,Possession,330,484,0
LA-00944,Urban Development,Rajasthan,Jaipur,5.97,61,82.12,71.66,73.29,0,1,1,81.56,94.1,51.85,73.48,Rehabilitation,339,459,0
LA-00945,Railway,Rajasthan,Jodhpur,5.0,88,76.99,100.0,84.17,4,1,1,66.83,100.0,73.18,85.52,Valuation,216,460,0
LA-00946,Railway,Gujarat,Vadodara,5.0,104,84.63,79.57,64.74,0,3,2,69.21,65.61,27.07,65.0,Notification,506,592,0
LA-00947,Power,Telangana,Warangal,6.0,117,59.43,84.43,48.22,2,1,1,26.56,70.06,57.18,26.2,Valuation,426,602,1
LA-00948,Urban Development,Karnataka,Hubballi,40.2,142,91.32,91.59,56.73,2,0,5,61.73,84.42,72.66,68.8,Notification,467,580,1
LA-00949,Highway,Telangana,Khammam,7.6,120,69.53,73.94,66.6,4,2,2,45.39,74.03,38.15,69.02,Rehabilitation,344,657,0
LA-00950,Urban Development,Tamil Nadu,Madurai,5.07,80,86.0,62.59,64.46,2,2,1,56.84,56.17,66.97,69.59,Possession,334,461,0
LA-00951,Industrial,Gujarat,Kutch,10.58,8,65.19,40.06,28.73,0,3,1,62.35,93.85,44.87,52.55,Possession,556,512,0
LA-00952,Urban Development,Telangana,Hyderabad,18.47,199,100.0,64.04,81.71,5,2,4,54.84,39.27,31.56,65.68,Rehabilitation,457,600,1
LA-00953,Railway,Rajasthan,Ajmer,15.1,64,95.37,71.19,60.41,1,4,0,78.15,80.58,69.11,79.31,Possession,349,488,1
LA-00954,Urban Development,Maharashtra,Pune,9.32,55,67.32,70.81,52.06,4,4,0,89.11,70.01,84.78,73.94,Possession,407,489,1
LA-00955,Highway,Karnataka,Mangaluru,29.21,45,75.62,97.54,80.42,1,3,1,71.66,84.9,72.65,86.18,Compensation,249,450,0
LA-00956,Industrial,Karnataka,Belagavi,5.0,1,67.01,41.74,72.81,0,3,0,53.07,68.31,82.94,52.05,Rehabilitation,497,530,0
LA-00957,Urban Development,Uttar Pradesh,Lucknow,6.62,92,84.5,95.22,63.54,4,1,3,70.63,62.1,52.23,71.42,Valuation,324,486,1
LA-00958,Irrigation,Telangana,Warangal,5.0,108,66.08,68.59,68.07,3,3,2,33.47,85.18,47.79,61.69,Possession,344,568,1
LA-00959,Urban Development,Telangana,Hyderabad,5.23,172,76.29,76.33,44.7,4,0,3,80.85,58.53,68.31,72.31,Rehabilitation,270,549,1
LA-00960,Irrigation,Madhya Pradesh,Indore,5.0,131,56.93,40.03,100.0,4,2,3,55.74,73.06,63.26,61.75,Rehabilitation,351,575,0
LA-00961,Irrigation,Tamil Nadu,Chennai,6.63,80,68.91,68.21,45.99,3,5,1,77.45,87.9,48.78,54.79,Compensation,492,494,0
LA-00962,Irrigation,Karnataka,Hubballi,13.21,51,79.29,72.5,43.78,1,5,2,33.49,54.39,62.75,68.49,Rehabilitation,346,463,1
LA-00963,Power,Maharashtra,Nashik,5.0,46,44.02,100.0,58.91,2,3,0,100.0,48.83,100.0,96.98,Valuation,306,517,0
LA-00964,Irrigation,Uttar Pradesh,Agra,22.2,90,91.84,64.98,65.82,2,7,1,90.01,61.23,91.91,64.88,Compensation,380,519,0
LA-00965,Power,Telangana,Khammam,5.0,44,63.43,48.68,48.74,0,3,2,100.0,50.63,100.0,53.41,Notification,462,495,1
LA-00966,Railway,Uttar Pradesh,Kanpur,5.0,104,86.29,72.73,44.64,1,4,2,77.85,81.61,65.51,64.73,Rehabilitation,344,532,0
LA-00967,Power,Uttar Pradesh,Prayagraj,5.1,160,65.18,67.46,100.0,6,3,0,70.29,62.43,93.72,90.02,Compensation,228,519,0
LA-00968,Highway,Rajasthan,Jaipur,23.0,25,80.67,60.85,35.39,0,2,0,67.14,63.74,73.32,51.88,Compensation,554,550,0
LA-00969,Power,Telangana,Warangal,23.02,143,94.93,100.0,54.78,4,3,4,48.03,44.91,49.13,70.49,Possession,295,470,0
LA-00970,Urban Development,Gujarat,Surat,5.0,24,88.36,63.81,52.64,1,2,1,63.71,54.9,63.87,58.44,Valuation,292,469,0
LA-00971,Railway,Gujarat,Surat,16.7,93,58.22,66.64,52.84,0,1,1,78.65,85.96,83.42,66.8,Notification,469,552,0
LA-00972,Industrial,Gujarat,Rajkot,5.0,31,76.89,67.9,40.57,1,1,0,78.03,78.4,66.88,73.99,Valuation,449,523,0
LA-00973,Irrigation,Tamil Nadu,Salem,20.74,1,71.13,37.08,64.29,2,4,1,100.0,49.89,70.72,60.86,Possession,260,442,0
LA-00974,Industrial,Maharashtra,Pune,5.0,53,78.64,67.28,100.0,0,0,2,73.8,78.61,57.61,74.47,Valuation,181,419,0
LA-00975,Irrigation,Uttar Pradesh,Prayagraj,6.59,55,77.91,93.35,64.09,0,2,2,72.97,21.32,82.69,95.81,Rehabilitation,277,526,0
LA-00976,Railway,Uttar Pradesh,Prayagraj,5.0,63,73.08,86.51,58.17,1,0,0,50.77,41.02,50.43,66.93,Possession,283,451,0
LA-00977,Irrigation,Tamil Nadu,Coimbatore,5.0,126,50.23,77.24,87.09,3,1,3,28.24,82.23,71.67,71.92,Compensation,271,523,1
LA-00978,Power,Maharashtra,Nagpur,5.0,39,43.43,60.03,86.22,0,4,1,21.99,44.46,48.53,69.78,Notification,369,408,0
LA-00979,Industrial,Gujarat,Surat,10.11,67,38.98,69.23,36.69,2,3,2,90.52,73.73,50.41,58.04,Possession,408,561,1
LA-00980,Railway,Madhya Pradesh,Bhopal,5.12,41,85.75,76.07,98.9,1,2,1,59.0,32.9,65.88,66.1,Valuation,401,518,1
LA-00981,Irrigation,Telangana,Khammam,5.73,147,60.75,93.61,66.69,3,1,3,88.97,99.05,74.42,67.73,Notification,112,442,1
LA-00982,Power,Gujarat,Vadodara,5.13,91,100.0,78.55,63.72,2,5,2,73.11,83.6,56.49,70.2,Valuation,382,539,0
LA-00983,Power,Rajasthan,Ajmer,16.08,75,58.62,43.81,44.02,3,2,4,68.34,84.7,67.07,50.73,Notification,368,530,1
LA-00984,Railway,Karnataka,Mangaluru,5.0,33,72.52,99.95,79.57,1,1,0,20.69,65.69,79.58,77.34,Compensation,369,511,0
LA-00985,Power,Karnataka,Belagavi,5.0,90,56.22,47.57,45.91,5,1,1,29.98,53.84,95.21,52.02,Rehabilitation,441,605,0
LA-00986,Irrigation,Uttar Pradesh,Agra,5.0,109,78.5,82.67,77.49,4,2,2,11.52,45.2,77.76,67.97,Valuation,528,625,1
LA-00987,Industrial,Karnataka,Mangaluru,22.36,77,97.37,63.87,67.85,1,3,2,32.71,59.84,58.89,47.49,Possession,420,473,1
LA-00988,Industrial,Maharashtra,Pune,17.25,149,75.46,49.3,29.05,4,2,0,41.47,59.8,100.0,39.66,Possession,426,558,0
LA-00989,Power,Tamil Nadu,Tiruchirappalli,10.51,89,84.0,78.58,83.39,2,4,3,66.39,56.93,75.64,76.8,Possession,456,540,0
LA-00990,Urban Development,Karnataka,Hubballi,7.59,84,100.0,67.24,77.26,2,1,0,42.75,45.59,83.19,61.63,Notification,487,575,0
LA-00991,Industrial,Maharashtra,Nagpur,6.59,30,66.37,51.46,35.25,1,1,0,92.78,71.07,59.69,51.47,Compensation,557,550,0
LA-00992,Power,Tamil Nadu,Madurai,5.87,128,100.0,65.47,66.41,3,1,3,23.79,59.71,59.73,59.98,Compensation,366,530,0
LA-00993,Power,Karnataka,Mysuru,22.3,50,43.48,63.22,70.46,0,2,0,56.11,79.83,52.93,70.78,Valuation,250,465,0
LA-00994,Urban Development,Madhya Pradesh,Indore,10.31,149,88.6,70.02,63.96,6,2,3,72.45,35.18,99.83,76.52,Possession,429,740,0
LA-00995,Industrial,Tamil Nadu,Coimbatore,11.57,42,73.49,98.83,50.48,0,4,2,85.47,90.56,94.28,87.07,Notification,264,492,0
LA-00996,Power,Uttar Pradesh,Agra,8.04,70,62.21,81.36,84.31,2,2,1,62.44,62.64,78.93,79.07,Compensation,282,594,0
LA-00997,Industrial,Telangana,Karimnagar,5.0,82,73.4,56.09,62.56,4,3,2,35.23,38.09,78.14,65.8,Notification,531,592,0
LA-00998,Urban Development,Madhya Pradesh,Jabalpur,30.33,70,80.41,62.8,100.0,0,1,0,86.52,64.22,85.8,73.75,Valuation,279,523,0
LA-00999,Power,Uttar Pradesh,Agra,5.8,91,45.38,59.92,79.66,2,1,2,49.74,68.63,57.91,64.63,Possession,454,545,0
LA-01000,Irrigation,Rajasthan,Ajmer,17.47,87,79.92,54.94,51.5,3,1,1,93.07,100.0,72.42,43.53,Valuation,570,514,0
LA-01001,Irrigation,Maharashtra,Aurangabad,5.0,27,68.27,31.41,53.54,0,3,0,48.84,73.06,98.77,47.76,Valuation,311,429,0
LA-01002,Power,Karnataka,Mangaluru,18.74,43,89.08,73.46,17.38,1,4,1,75.9,100.0,88.31,76.43,Valuation,299,495,0
LA-01003,Power,Tamil Nadu,Chennai,5.0,36,89.14,41.94,59.57,0,2,0,91.86,62.53,61.47,74.38,Valuation,564,495,1
LA-01004,Irrigation,Madhya Pradesh,Jabalpur,9.19,136,61.16,47.02,75.4,3,1,2,27.81,62.19,47.06,48.44,Rehabilitation,403,531,1
LA-01005,Irrigation,Tamil Nadu,Madurai,13.97,74,64.21,84.89,78.06,4,2,2,65.22,72.53,100.0,73.52,Possession,470,544,1
LA-01006,Irrigation,Uttar Pradesh,Lucknow,25.05,166,65.73,71.33,6.26,2,3,5,24.44,71.15,89.75,59.95,Rehabilitation,498,626,1
LA-01007,Highway,Maharashtra,Aurangabad,13.69,116,62.31,69.95,78.05,1,5,3,55.79,61.59,95.12,64.4,Valuation,497,617,0
LA-01008,Urban Development,Maharashtra,Aurangabad,5.0,70,96.09,81.4,77.67,1,4,2,60.73,14.84,100.0,79.69,Possession,247,472,0
LA-01009,Irrigation,Telangana,Hyderabad,6.78,84,93.26,88.59,4.81,3,3,1,53.47,86.0,43.46,72.23,Valuation,429,610,0
LA-01010,Railway,Madhya Pradesh,Jabalpur,7.9,133,82.69,81.25,53.53,3,0,1,55.27,51.38,96.29,80.8,Rehabilitation,175,574,0
LA-01011,Urban Development,Uttar Pradesh,Kanpur,13.38,62,68.58,86.01,83.56,1,3,2,88.6,100.0,89.28,77.27,Compensation,264,352,1
LA-01012,Power,Rajasthan,Jaipur,7.34,80,76.01,54.13,58.86,4,3,1,19.61,78.42,68.48,50.58,Rehabilitation,394,519,1
LA-01013,Irrigation,Rajasthan,Kota,5.0,42,68.33,32.28,87.57,2,2,1,97.29,80.57,74.29,76.59,Notification,63,467,0
LA-01014,Highway,Uttar Pradesh,Agra,25.92,56,100.0,97.26,68.16,2,2,1,97.97,92.24,97.44,89.03,Valuation,331,548,0
LA-01015,Railway,Rajasthan,Udaipur,5.0,101,91.06,46.99,96.49,4,3,1,26.85,100.0,84.2,80.73,Notification,335,486,0
LA-01016,Railway,Telangana,Karimnagar,5.0,60,92.91,100.0,32.13,0,1,0,100.0,72.01,52.85,75.1,Rehabilitation,282,548,0
LA-01017,Industrial,Uttar Pradesh,Varanasi,5.18,47,61.39,67.96,76.65,4,1,1,71.77,79.86,59.4,69.13,Notification,368,529,0
LA-01018,Highway,Madhya Pradesh,Jabalpur,16.13,158,54.9,59.7,93.44,3,1,1,54.37,44.05,62.16,67.02,Notification,326,467,1
LA-01019,Irrigation,Madhya Pradesh,Indore,19.39,65,54.63,92.76,89.68,1,0,3,77.35,92.73,75.91,71.29,Notification,452,484,0
LA-01020,Power,Madhya Pradesh,Bhopal,5.0,150,97.28,51.43,71.26,0,3,2,74.48,41.11,67.28,76.84,Compensation,348,500,1
LA-01021,Irrigation,Rajasthan,Jaipur,5.0,99,70.83,39.04,83.61,3,6,0,17.76,79.85,82.67,56.75,Rehabilitation,368,573,0
LA-01022,Urban Development,Karnataka,Mysuru,7.54,53,64.76,85.36,73.83,0,1,2,61.27,60.33,66.59,74.02,Notification,274,446,1
LA-01023,Highway,Karnataka,Hubballi,5.0,84,53.99,76.06,78.88,3,2,1,46.06,63.73,74.86,78.84,Rehabilitation,368,495,0
LA-01024,Power,Tamil Nadu,Salem,21.08,132,72.26,72.82,54.75,3,3,3,54.74,69.36,65.25,67.93,Valuation,370,506,0
LA-01025,Irrigation,Uttar Pradesh,Agra,5.0,101,75.72,30.98,79.29,3,3,1,64.2,89.14,75.65,62.55,Valuation,318,506,1
LA-01026,Railway,Telangana,Hyderabad,5.0,33,66.24,100.0,73.35,0,4,0,82.36,84.49,72.15,78.48,Valuation,56,405,0
LA-01027,Railway,Rajasthan,Jodhpur,13.75,1,60.86,42.91,59.55,1,4,0,100.0,61.82,71.47,79.69,Notification,270,400,0
LA-01028,Urban Development,Rajasthan,Jaipur,9.48,101,83.94,59.64,71.5,3,1,4,0.0,84.71,76.06,72.99,Compensation,438,539,1
LA-01029,Power,Gujarat,Vadodara,5.0,109,100.0,52.25,78.19,4,4,2,63.69,27.68,33.18,83.41,Compensation,396,600,0
LA-01030,Urban Development,Gujarat,Kutch,16.41,6,100.0,74.06,94.93,1,5,0,52.39,46.75,74.49,55.32,Notification,523,530,1
LA-01031,Power,Maharashtra,Pune,5.0,81,48.18,76.31,61.83,2,3,1,80.19,100.0,59.87,60.84,Notification,396,513,1
LA-01032,Power,Maharashtra,Aurangabad,12.14,83,70.93,59.85,73.58,3,2,0,71.04,87.79,62.62,67.26,Rehabilitation,306,519,0
LA-01033,Industrial,Maharashtra,Thane,5.0,74,82.78,50.21,95.29,0,1,0,50.74,32.58,88.16,66.75,Compensation,401,473,0
LA-01034,Industrial,Rajasthan,Jodhpur,5.17,44,95.79,66.49,54.8,0,4,1,78.02,64.64,87.36,74.23,Notification,260,480,0
LA-01035,Irrigation,Telangana,Hyderabad,16.96,138,82.93,53.86,62.99,7,1,0,74.67,42.84,89.73,69.0,Possession,633,719,0
LA-01036,Irrigation,Rajasthan,Udaipur,5.0,78,64.95,59.15,55.02,1,4,0,94.63,66.56,74.07,53.01,Notification,266,524,1
LA-01037,Urban Development,Maharashtra,Nagpur,14.02,139,57.01,100.0,68.7,5,1,1,100.0,89.7,63.61,87.55,Notification,367,575,1
LA-01038,Highway,Uttar Pradesh,Kanpur,6.95,121,100.0,39.04,56.27,4,4,1,84.82,64.15,85.21,67.12,Possession,382,474,0
LA-01039,Railway,Karnataka,Mangaluru,8.1,58,100.0,72.47,13.75,1,3,0,68.84,91.88,95.75,60.04,Valuation,479,507,1
LA-01040,Irrigation,Telangana,Nizamabad,5.0,117,70.49,82.9,90.89,6,0,1,69.48,81.99,87.05,77.84,Valuation,402,535,0
LA-01041,Highway,Uttar Pradesh,Kanpur,15.59,72,67.37,64.4,87.79,1,1,1,36.23,75.14,45.46,54.45,Rehabilitation,458,489,0
LA-01042,Irrigation,Madhya Pradesh,Indore,5.0,177,99.85,72.73,95.18,3,6,2,68.47,100.0,73.74,63.37,Notification,352,584,0
LA-01043,Power,Maharashtra,Pune,11.83,74,76.73,57.75,75.08,0,3,1,52.78,70.21,79.72,60.02,Possession,369,612,0
LA-01044,Power,Uttar Pradesh,Kanpur,8.12,71,87.16,56.13,14.63,2,2,3,83.57,87.52,60.05,55.44,Notification,580,531,1
LA-01045,Urban Development,Maharashtra,Pune,11.52,24,71.88,91.04,66.9,1,2,0,19.23,100.0,61.74,68.57,Compensation,212,368,0
LA-01046,Power,Madhya Pradesh,Gwalior,10.61,108,90.84,89.72,32.92,0,3,0,66.12,100.0,84.05,60.25,Compensation,521,618,0
LA-01047,Irrigation,Uttar Pradesh,Lucknow,6.44,132,63.68,91.06,50.87,1,3,2,46.86,100.0,58.53,62.45,Notification,576,556,1
LA-01048,Railway,Gujarat,Rajkot,8.53,140,66.86,56.76,56.21,1,2,2,44.0,39.3,67.02,53.23,Compensation,410,436,1
LA-01049,Power,Tamil Nadu,Salem,12.78,28,67.68,58.15,84.72,1,1,0,72.68,31.92,48.21,57.4,Notification,369,466,1
LA-01050,Highway,Gujarat,Ahmedabad,12.77,38,95.43,54.28,38.92,1,1,2,79.63,79.48,58.45,76.04,Valuation,286,525,0
LA-01051,Power,Rajasthan,Kota,5.04,78,100.0,98.22,55.29,1,1,0,37.59,69.49,51.64,58.67,Compensation,552,606,1
LA-01052,Industrial,Karnataka,Bengaluru,5.73,48,64.03,62.24,72.13,0,2,3,76.37,89.84,74.28,67.36,Compensation,453,481,0
LA-01053,Irrigation,Rajasthan,Jaipur,44.32,117,48.02,49.79,79.48,3,0,3,42.66,19.62,71.47,63.51,Rehabilitation,347,564,0
LA-01054,Industrial,Uttar Pradesh,Agra,33.05,117,90.76,100.0,72.12,2,6,2,100.0,66.21,41.11,74.12,Rehabilitation,304,505,0
LA-01055,Power,Uttar Pradesh,Varanasi,5.7,132,62.25,90.13,67.44,3,5,1,50.53,62.96,41.22,76.16,Valuation,359,492,0
LA-01056,Highway,Rajasthan,Jaipur,12.71,105,63.9,90.43,86.26,7,3,1,51.5,100.0,55.23,59.78,Valuation,508,660,1
LA-01057,Highway,Telangana,Khammam,5.0,78,52.59,76.1,76.41,2,0,1,64.22,100.0,69.91,59.8,Rehabilitation,332,462,0
LA-01058,Urban Development,Uttar Pradesh,Kanpur,5.0,149,72.91,62.77,55.03,7,3,3,52.34,54.8,37.18,46.56,Possession,552,615,1
LA-01059,Industrial,Tamil Nadu,Tiruchirappalli,5.22,111,79.08,67.89,48.01,3,4,2,46.86,80.84,57.81,64.37,Notification,286,447,0
LA-01060,Power,Rajasthan,Udaipur,5.0,15,75.92,35.46,99.19,0,6,0,69.63,70.74,72.45,75.17,Rehabilitation,322,536,0
LA-01061,Highway,Telangana,Karimnagar,20.12,105,100.0,66.35,79.49,1,3,0,17.7,74.07,61.33,73.84,Notification,224,454,0
LA-01062,Highway,Karnataka,Hubballi,5.0,31,68.54,98.69,38.98,1,4,1,71.24,72.36,86.51,69.96,Notification,385,446,0
LA-01063,Power,Madhya Pradesh,Jabalpur,5.89,76,63.21,100.0,92.56,2,4,1,98.83,78.46,56.28,84.27,Possession,312,423,0
LA-01064,Urban Development,Maharashtra,Aurangabad,19.56,48,98.13,72.52,41.13,0,1,2,75.03,57.33,99.07,71.26,Valuation,318,443,0
LA-01065,Industrial,Tamil Nadu,Salem,12.27,27,93.71,43.99,78.05,0,3,0,44.44,71.07,48.41,55.22,Valuation,172,429,1
LA-01066,Urban Development,Gujarat,Ahmedabad,5.0,54,82.91,48.75,100.0,0,5,0,25.91,58.03,73.42,73.15,Valuation,465,429,1
LA-01067,Urban Development,Uttar Pradesh,Varanasi,5.0,163,78.48,48.78,36.9,4,1,0,29.34,66.91,63.19,38.61,Valuation,469,569,1
LA-01068,Highway,Uttar Pradesh,Agra,13.92,7,71.07,67.79,100.0,0,3,1,37.91,83.78,78.71,76.09,Valuation,245,415,0
LA-01069,Irrigation,Karnataka,Bengaluru,5.0,50,77.51,66.77,57.85,1,3,2,51.55,30.42,73.19,83.19,Possession,465,568,1
LA-01070,Railway,Telangana,Karimnagar,5.0,45,91.94,58.37,81.27,1,1,0,58.99,67.66,58.45,71.53,Valuation,204,393,0
LA-01071,Highway,Uttar Pradesh,Varanasi,5.0,94,62.38,56.43,18.92,2,3,1,100.0,38.1,49.51,55.46,Possession,256,457,1
LA-01072,Industrial,Maharashtra,Aurangabad,6.64,81,48.23,59.05,19.98,0,3,1,48.18,49.03,85.05,51.79,Rehabilitation,281,433,0
LA-01073,Irrigation,Maharashtra,Aurangabad,8.9,45,60.74,70.7,48.08,0,2,2,100.0,57.35,87.44,56.86,Notification,491,518,1
LA-01074,Highway,Telangana,Karimnagar,9.5,35,72.25,95.31,39.49,0,3,2,48.15,87.51,98.47,82.11,Notification,301,557,0
LA-01075,Urban Development,Gujarat,Ahmedabad,12.0,19,67.55,66.62,44.78,2,1,0,50.95,100.0,71.14,52.0,Possession,332,401,0
LA-01076,Urban Development,Karnataka,Mangaluru,6.59,10,67.08,78.25,60.46,0,2,0,70.72,100.0,99.93,83.21,Possession,272,262,0
LA-01077,Railway,Uttar Pradesh,Agra,5.0,43,57.84,42.96,66.69,2,3,1,77.05,44.68,57.63,56.73,Compensation,445,544,1
LA-01078,Highway,Madhya Pradesh,Gwalior,5.0,46,48.54,81.21,58.48,0,4,0,70.87,76.37,81.56,54.59,Compensation,456,447,0
LA-01079,Urban Development,Uttar Pradesh,Agra,5.0,128,47.79,97.74,46.45,3,2,5,72.36,65.25,79.55,82.44,Rehabilitation,262,553,1
LA-01080,Highway,Maharashtra,Nashik,9.95,85,71.56,52.71,24.84,0,3,1,41.0,64.39,100.0,53.03,Notification,524,559,0
LA-01081,Irrigation,Tamil Nadu,Madurai,19.07,165,94.91,54.72,36.82,5,1,3,51.59,69.12,52.83,48.72,Possession,528,636,1
LA-01082,Urban Development,Tamil Nadu,Chennai,5.82,1,76.33,67.2,74.75,0,2,1,47.44,52.58,53.33,71.08,Notification,237,462,0
LA-01083,Railway,Uttar Pradesh,Kanpur,72.09,174,77.63,100.0,13.77,3,3,4,53.13,29.89,89.01,61.48,Rehabilitation,585,814,1
LA-01084,Highway,Karnataka,Mangaluru,5.0,156,55.39,64.6,43.99,3,3,4,77.81,96.3,61.19,75.57,Valuation,426,487,1
LA-01085,Railway,Maharashtra,Aurangabad,7.1,136,90.78,78.22,76.13,1,3,2,86.13,95.49,73.47,84.18,Valuation,320,514,0
LA-01086,Industrial,Madhya Pradesh,Jabalpur,5.83,83,100.0,97.83,62.06,0,4,1,92.0,61.24,78.98,89.11,Notification,305,560,0
LA-01087,Industrial,Gujarat,Kutch,5.37,124,70.1,100.0,66.45,1,6,1,89.51,85.82,75.12,80.29,Notification,329,611,0
LA-01088,Industrial,Uttar Pradesh,Prayagraj,8.34,45,95.59,70.01,71.48,1,3,1,46.88,68.39,96.53,74.78,Possession,269,418,0
LA-01089,Railway,Uttar Pradesh,Lucknow,13.34,1,80.88,56.06,52.22,0,1,0,78.11,41.96,73.24,68.37,Possession,424,497,0
LA-01090,Power,Gujarat,Kutch,5.0,40,84.0,66.25,41.63,1,3,1,81.62,55.72,63.26,59.66,Rehabilitation,229,407,1
LA-01091,Urban Development,Uttar Pradesh,Prayagraj,5.0,118,100.0,72.28,63.24,1,1,1,61.06,41.07,62.07,59.84,Valuation,124,562,0
LA-01092,Power,Rajasthan,Jodhpur,6.19,80,79.59,49.71,52.34,1,2,0,37.68,43.5,82.51,54.09,Notification,393,426,0
LA-01093,Industrial,Tamil Nadu,Tiruchirappalli,9.86,129,38.09,70.54,70.77,6,2,1,24.45,18.53,50.83,65.62,Rehabilitation,458,570,1
LA-01094,Industrial,Madhya Pradesh,Jabalpur,5.0,43,85.5,79.74,78.83,0,3,1,80.77,40.76,83.56,96.29,Rehabilitation,227,515,0
LA-01095,Irrigation,Karnataka,Belagavi,5.43,82,93.26,57.91,52.17,2,5,2,60.56,46.33,40.04,67.42,Valuation,266,460,1
LA-01096,Railway,Telangana,Khammam,5.0,65,71.24,80.28,21.61,6,4,1,47.51,95.33,81.65,59.6,Possession,511,600,1
LA-01097,Irrigation,Tamil Nadu,Tiruchirappalli,26.32,84,59.52,100.0,75.59,2,1,2,100.0,100.0,74.29,81.34,Valuation,389,650,0
LA-01098,Railway,Madhya Pradesh,Ujjain,5.36,1,73.04,65.75,61.59,0,5,1,36.54,100.0,65.28,52.08,Compensation,547,482,0
LA-01099,Power,Tamil Nadu,Coimbatore,16.7,44,68.24,100.0,100.0,0,2,1,100.0,77.82,96.84,88.52,Valuation,303,459,0
LA-01100,Urban Development,Tamil Nadu,Chennai,17.36,126,44.63,74.21,65.15,3,0,0,65.11,66.25,72.71,59.88,Compensation,494,616,1
LA-01101,Urban Development,Uttar Pradesh,Prayagraj,5.82,74,86.15,41.03,72.11,1,3,0,43.41,46.84,60.21,75.99,Possession,546,520,0
LA-01102,Power,Telangana,Khammam,6.96,172,64.65,76.55,35.41,3,5,3,25.22,71.34,79.61,71.79,Compensation,647,635,1
LA-01103,Industrial,Gujarat,Kutch,12.37,137,84.78,68.77,60.2,3,1,4,54.45,64.11,94.72,68.73,Notification,320,498,0
LA-01104,Highway,Telangana,Warangal,6.42,130,81.66,84.71,90.18,2,4,2,56.84,67.98,79.72,78.6,Notification,261,516,0
LA-01105,Power,Gujarat,Surat,13.1,80,73.37,64.63,64.31,1,7,1,75.68,92.78,43.04,61.13,Compensation,298,492,0
LA-01106,Railway,Karnataka,Hubballi,5.0,69,87.53,67.87,68.54,0,7,1,43.99,54.85,76.4,75.36,Valuation,440,479,0
LA-01107,Highway,Karnataka,Mysuru,5.0,1,71.44,70.44,22.9,1,5,0,59.28,68.4,69.48,63.88,Possession,248,396,1
LA-01108,Highway,Tamil Nadu,Salem,9.03,36,73.38,73.52,48.32,0,0,0,61.97,86.97,100.0,65.4,Notification,343,416,0
LA-01109,Urban Development,Madhya Pradesh,Ujjain,5.0,123,66.37,50.88,86.5,2,1,2,87.63,65.94,57.91,69.72,Rehabilitation,303,526,0
LA-01110,Railway,Karnataka,Bengaluru,6.64,1,60.06,100.0,69.43,0,4,0,65.1,62.35,61.29,54.26,Rehabilitation,239,456,0
LA-01111,Industrial,Telangana,Nizamabad,5.0,119,80.23,60.99,80.72,0,0,2,54.34,49.31,83.05,77.96,Possession,336,532,0
LA-01112,Highway,Gujarat,Rajkot,5.0,1,74.62,70.65,58.88,0,3,0,68.07,58.46,77.39,58.84,Valuation,430,425,1
LA-01113,Urban Development,Uttar Pradesh,Kanpur,18.88,113,61.88,100.0,57.52,2,2,2,38.01,100.0,72.1,52.19,Compensation,472,605,1
LA-01114,Urban Development,Madhya Pradesh,Bhopal,5.0,173,79.83,61.11,70.55,6,2,5,28.48,53.68,88.76,79.34,Compensation,562,703,1
LA-01115,Industrial,Rajasthan,Jaipur,12.26,89,99.48,86.15,76.11,0,2,0,19.58,50.39,67.14,75.81,Valuation,420,517,0
LA-01116,Railway,Maharashtra,Aurangabad,5.07,105,57.09,94.91,85.44,4,2,0,53.56,100.0,29.12,59.2,Notification,363,552,0
LA-01117,Industrial,Karnataka,Mangaluru,22.69,229,71.89,35.56,66.57,4,3,3,55.07,42.59,64.56,59.18,Compensation,535,666,1
LA-01118,Railway,Rajasthan,Ajmer,5.0,157,63.41,55.56,88.96,3,3,2,100.0,37.34,53.29,69.64,Compensation,570,656,0
LA-01119,Highway,Tamil Nadu,Salem,11.06,117,92.12,50.93,46.91,2,0,5,43.44,32.69,84.03,56.89,Valuation,279,463,0
LA-01120,Highway,Rajasthan,Kota,7.76,76,58.13,67.95,100.0,4,5,3,50.4,23.74,77.93,80.37,Possession,224,541,0
LA-01121,Highway,Karnataka,Belagavi,11.46,130,55.37,49.51,43.93,5,3,1,100.0,44.81,72.64,55.38,Possession,415,631,0
LA-01122,Urban Development,Tamil Nadu,Chennai,10.14,116,94.32,46.85,83.41,1,4,3,25.8,40.6,74.33,65.88,Compensation,298,611,1
LA-01123,Urban Development,Madhya Pradesh,Bhopal,10.12,77,93.93,61.5,51.21,1,1,3,70.17,93.91,83.28,80.38,Possession,587,696,0
LA-01124,Highway,Rajasthan,Udaipur,5.0,1,90.37,23.69,85.84,0,4,1,100.0,100.0,79.5,91.04,Possession,185,426,0
LA-01125,Urban Development,Telangana,Hyderabad,17.9,78,64.08,48.03,78.84,2,0,1,59.65,74.39,78.72,78.08,Compensation,334,453,0
LA-01126,Railway,Madhya Pradesh,Jabalpur,10.43,89,48.76,94.47,50.5,2,3,0,55.79,74.19,77.23,53.35,Compensation,669,628,0
LA-01127,Irrigation,Karnataka,Mysuru,31.56,111,82.03,83.77,90.18,3,4,4,82.49,55.19,77.56,86.9,Possession,439,641,1
LA-01128,Urban Development,Uttar Pradesh,Prayagraj,6.82,103,88.46,73.12,64.35,1,1,3,29.58,42.31,80.15,74.99,Notification,429,579,1
LA-01129,Highway,Tamil Nadu,Salem,5.0,102,80.72,85.13,52.85,2,0,5,92.93,100.0,79.24,69.23,Valuation,403,565,0
LA-01130,Power,Madhya Pradesh,Indore,8.11,88,100.0,80.79,35.18,3,4,3,44.17,68.21,91.59,72.88,Compensation,533,543,0
LA-01131,Industrial,Maharashtra,Aurangabad,5.64,20,85.77,62.77,47.51,1,2,1,90.62,49.03,55.43,50.48,Compensation,339,491,1
LA-01132,Urban Development,Karnataka,Bengaluru,6.44,4,53.98,54.78,48.67,1,2,0,78.28,59.73,69.02,41.83,Possession,249,426,1
LA-01133,Irrigation,Uttar Pradesh,Varanasi,6.31,72,69.12,65.75,45.22,1,1,2,96.57,39.73,82.18,69.68,Notification,320,467,0
LA-01134,Irrigation,Madhya Pradesh,Jabalpur,38.67,146,89.85,74.11,63.12,3,4,2,49.57,52.7,85.18,72.82,Possession,582,706,0
LA-01135,Highway,Maharashtra,Nashik,5.0,62,56.72,55.22,47.41,0,4,0,37.42,34.92,79.43,38.02,Possession,471,501,1
LA-01136,Urban Development,Gujarat,Ahmedabad,11.47,78,91.65,67.06,77.27,1,6,0,79.06,64.15,56.74,73.73,Valuation,187,443,0
LA-01137,Power,Madhya Pradesh,Gwalior,11.63,27,78.46,65.96,53.09,0,2,0,63.43,58.34,82.14,58.57,Notification,254,455,0
LA-01138,Railway,Telangana,Hyderabad,11.87,103,89.03,76.77,40.11,2,2,3,42.1,72.69,43.21,52.52,Valuation,598,499,1
LA-01139,Highway,Uttar Pradesh,Agra,28.18,66,68.06,34.32,45.88,1,1,0,94.42,66.3,80.83,73.41,Notification,319,476,1
LA-01140,Highway,Maharashtra,Pune,5.0,96,59.22,72.4,63.1,0,2,1,59.08,57.8,78.09,78.17,Valuation,387,483,0
LA-01141,Irrigation,Maharashtra,Thane,21.38,111,66.01,71.97,55.88,1,1,2,63.9,60.8,52.35,61.12,Valuation,523,608,0
LA-01142,Irrigation,Telangana,Karimnagar,5.0,59,100.0,48.54,64.27,1,5,1,73.92,97.68,76.47,75.76,Rehabilitation,247,438,1
LA-01143,Power,Telangana,Karimnagar,5.29,1,87.78,50.03,66.38,0,1,0,40.31,58.38,51.27,68.71,Compensation,345,407,1
LA-01144,Highway,Telangana,Hyderabad,5.0,68,84.39,65.71,72.66,3,3,1,59.82,84.28,51.59,60.59,Possession,428,505,0
LA-01145,Highway,Maharashtra,Thane,5.0,43,73.81,69.65,77.66,0,8,0,61.03,32.73,53.58,73.17,Notification,149,397,1
LA-01146,Power,Maharashtra,Nagpur,27.67,158,66.89,38.97,92.67,10,1,4,71.94,44.74,57.14,54.15,Possession,836,740,1
LA-01147,Highway,Karnataka,Hubballi,10.8,154,43.46,66.59,74.19,2,4,2,78.73,85.53,63.4,60.55,Possession,390,530,1
LA-01148,Highway,Karnataka,Belagavi,5.0,89,95.13,37.74,100.0,1,2,1,74.54,67.01,85.4,74.82,Rehabilitation,287,412,0
LA-01149,Industrial,Gujarat,Vadodara,9.33,78,95.05,60.91,58.28,0,3,1,56.41,67.49,91.89,65.81,Valuation,310,560,0
LA-01150,Urban Development,Madhya Pradesh,Bhopal,8.79,25,39.59,62.09,72.9,1,3,1,43.26,46.94,73.22,55.62,Rehabilitation,337,485,0
LA-01151,Urban Development,Karnataka,Mysuru,8.64,98,81.14,80.09,69.68,2,2,2,77.52,72.48,61.87,92.18,Compensation,344,432,0
LA-01152,Power,Tamil Nadu,Chennai,8.06,37,54.97,100.0,100.0,2,3,1,34.71,82.33,54.7,81.17,Possession,272,453,0
LA-01153,Urban Development,Rajasthan,Jaipur,10.08,98,95.74,65.48,11.35,3,1,0,100.0,40.75,53.12,61.84,Notification,457,517,0
LA-01154,Highway,Telangana,Khammam,11.24,98,83.76,100.0,90.34,2,2,0,72.45,40.11,90.57,93.39,Possession,417,574,0
LA-01155,Highway,Karnataka,Mysuru,18.68,111,86.3,71.73,78.33,0,2,0,83.01,81.54,57.76,86.15,Compensation,263,554,0
LA-01156,Railway,Telangana,Khammam,5.0,49,92.77,69.14,71.56,3,1,1,36.46,41.59,55.54,72.35,Valuation,282,507,1
LA-01157,Railway,Rajasthan,Jodhpur,5.0,58,100.0,67.32,64.04,0,2,2,72.23,100.0,78.84,70.77,Possession,545,574,0
LA-01158,Irrigation,Madhya Pradesh,Indore,5.0,7,59.09,59.37,73.18,1,2,0,54.67,58.19,31.17,60.45,Valuation,399,512,0
LA-01159,Power,Gujarat,Kutch,6.45,198,54.88,49.1,94.9,4,1,3,22.64,71.88,80.58,61.6,Rehabilitation,460,652,1
LA-01160,Power,Maharashtra,Nagpur,6.26,74,89.58,70.35,68.73,1,2,2,100.0,67.52,79.47,77.95,Notification,303,508,0
LA-01161,Irrigation,Maharashtra,Nashik,6.48,81,100.0,73.59,76.93,5,4,1,80.89,77.54,78.8,100.0,Possession,258,557,0
LA-01162,Industrial,Tamil Nadu,Madurai,5.0,50,98.67,73.63,51.3,1,2,3,71.49,87.42,76.36,60.45,Valuation,259,497,1
LA-01163,Power,Madhya Pradesh,Indore,6.52,124,94.27,98.19,70.27,4,2,3,38.65,60.55,43.59,73.29,Compensation,221,521,0
LA-01164,Urban Development,Maharashtra,Nashik,5.0,104,61.58,80.03,84.35,1,1,1,46.82,53.65,72.84,72.78,Compensation,306,356,1
LA-01165,Industrial,Uttar Pradesh,Agra,6.87,101,81.1,81.21,40.25,1,3,0,21.87,87.55,77.27,74.24,Possession,467,634,1
LA-01166,Power,Karnataka,Mangaluru,5.0,143,80.51,57.99,32.63,5,0,2,25.44,75.53,69.72,64.74,Valuation,568,630,1
LA-01167,Urban Development,Tamil Nadu,Madurai,5.0,95,79.67,97.0,77.09,1,2,0,28.85,58.76,32.01,70.8,Rehabilitation,495,679,1
LA-01168,Railway,Gujarat,Rajkot,9.82,19,67.88,69.06,29.88,0,2,0,72.15,48.72,81.74,62.33,Valuation,265,418,1
LA-01169,Railway,Telangana,Nizamabad,5.0,103,87.39,64.3,73.72,1,3,3,49.3,65.62,46.26,64.08,Compensation,478,547,1
LA-01170,Railway,Tamil Nadu,Salem,9.22,102,65.13,88.62,89.19,2,2,6,43.09,54.52,62.06,81.89,Rehabilitation,389,555,0
LA-01171,Industrial,Tamil Nadu,Madurai,8.96,63,87.43,37.17,56.39,1,0,1,46.22,64.7,97.65,49.24,Rehabilitation,494,508,1
LA-01172,Urban Development,Maharashtra,Nashik,5.0,107,59.72,47.84,35.51,4,4,3,65.15,47.06,90.22,55.97,Possession,550,579,1
LA-01173,Highway,Karnataka,Mysuru,5.0,1,91.0,77.33,55.76,0,5,1,87.0,89.73,98.8,79.8,Possession,373,544,0
LA-01174,Railway,Karnataka,Bengaluru,5.0,149,89.84,100.0,67.34,7,2,2,78.32,92.49,59.76,85.95,Notification,477,688,1
LA-01175,Highway,Gujarat,Kutch,6.13,54,78.01,59.07,89.07,0,2,2,9.54,75.62,82.56,64.13,Possession,366,488,1
LA-01176,Industrial,Madhya Pradesh,Indore,5.0,102,66.82,62.9,27.51,3,4,1,70.82,50.35,61.12,45.93,Possession,490,596,0
LA-01177,Irrigation,Uttar Pradesh,Kanpur,13.71,116,86.11,13.24,60.1,0,3,3,75.11,90.53,43.24,50.56,Compensation,409,450,0
LA-01178,Industrial,Madhya Pradesh,Ujjain,5.32,96,87.3,64.17,77.69,2,4,2,55.49,83.91,81.26,66.91,Compensation,621,683,0
LA-01179,Railway,Uttar Pradesh,Prayagraj,5.0,54,59.36,84.72,16.49,2,3,1,82.84,41.46,39.81,55.43,Possession,228,438,1
LA-01180,Highway,Telangana,Nizamabad,7.63,117,77.34,48.76,68.82,4,3,3,28.57,71.9,57.37,58.88,Possession,443,635,1
LA-01181,Highway,Madhya Pradesh,Ujjain,43.34,51,69.93,81.42,69.86,1,4,3,85.17,91.8,98.64,78.52,Valuation,400,529,0
LA-01182,Urban Development,Rajasthan,Udaipur,6.9,55,100.0,71.98,83.53,2,1,2,44.86,73.63,75.48,70.07,Valuation,320,509,1
LA-01183,Railway,Rajasthan,Udaipur,16.92,182,89.53,45.31,56.4,3,4,1,74.3,66.96,45.87,72.34,Compensation,338,590,1
LA-01184,Highway,Madhya Pradesh,Gwalior,7.74,55,100.0,49.07,70.95,4,6,0,88.66,75.63,47.33,66.27,Valuation,683,499,1
LA-01185,Highway,Karnataka,Hubballi,6.5,50,49.02,52.94,46.04,0,2,1,30.59,40.77,49.98,45.58,Valuation,520,519,1
LA-01186,Highway,Madhya Pradesh,Ujjain,6.67,47,73.42,39.41,90.35,0,1,0,90.47,86.75,78.98,65.77,Compensation,189,545,0
LA-01187,Industrial,Uttar Pradesh,Varanasi,10.13,43,96.52,93.71,77.34,1,1,1,61.68,39.03,72.13,88.42,Notification,395,465,0
LA-01188,Highway,Tamil Nadu,Chennai,5.0,39,89.36,64.88,88.85,3,1,0,65.31,38.51,42.05,63.39,Possession,489,592,0
LA-01189,Power,Karnataka,Hubballi,38.04,64,99.27,69.48,62.44,0,4,0,82.45,65.03,67.37,64.22,Possession,393,496,0
LA-01190,Urban Development,Rajasthan,Udaipur,6.35,92,69.09,74.03,94.52,1,4,0,69.57,58.26,53.2,80.43,Rehabilitation,268,463,0
LA-01191,Irrigation,Maharashtra,Thane,8.15,82,94.08,91.79,79.31,1,4,4,68.47,61.44,60.37,89.66,Compensation,312,512,0
LA-01192,Industrial,Madhya Pradesh,Ujjain,5.0,101,88.46,64.51,42.24,2,5,2,97.67,83.37,92.67,70.55,Rehabilitation,348,474,0
LA-01193,Irrigation,Tamil Nadu,Salem,7.45,121,100.0,65.66,87.34,3,2,1,61.73,67.91,60.1,74.23,Rehabilitation,216,443,0
LA-01194,Urban Development,Gujarat,Kutch,12.26,38,72.93,89.89,63.97,0,3,1,26.53,65.13,100.0,73.95,Valuation,302,449,0
LA-01195,Industrial,Rajasthan,Jodhpur,8.9,139,44.02,66.24,100.0,3,2,6,82.95,34.62,72.39,81.3,Notification,280,486,1
LA-01196,Urban Development,Karnataka,Mysuru,5.91,71,58.25,53.67,47.96,0,3,2,57.07,76.11,27.55,55.9,Valuation,564,461,1
LA-01197,Railway,Rajasthan,Kota,5.0,149,67.53,77.87,86.76,3,2,2,71.68,96.33,75.46,78.92,Possession,196,468,0
LA-01198,Power,Maharashtra,Nashik,5.0,23,100.0,100.0,73.39,0,1,0,57.57,63.62,61.74,74.82,Rehabilitation,348,488,0
LA-01199,Irrigation,Maharashtra,Aurangabad,7.08,97,77.05,82.26,94.66,5,10,1,63.3,47.63,89.52,81.22,Rehabilitation,392,539,1
LA-01200,Industrial,Madhya Pradesh,Ujjain,13.39,8,55.92,46.38,94.48,0,0,0,58.89,60.73,65.89,55.67,Valuation,266,508,0
LA-01201,Power,Telangana,Hyderabad,6.25,108,69.13,53.99,100.0,0,1,4,32.59,49.28,81.71,68.56,Valuation,446,544,0
LA-01202,Highway,Rajasthan,Ajmer,5.0,111,83.93,71.23,40.95,1,0,0,79.86,95.42,55.46,60.33,Possession,315,443,0
LA-01203,Railway,Rajasthan,Ajmer,12.17,85,80.9,70.25,54.51,4,2,2,59.94,39.41,61.89,56.34,Notification,427,595,1
LA-01204,Urban Development,Rajasthan,Jaipur,5.0,73,61.91,85.52,56.64,2,2,2,56.77,65.99,56.77,71.23,Valuation,146,441,1
LA-01205,Irrigation,Rajasthan,Ajmer,15.04,62,84.81,57.94,78.06,1,3,2,51.56,49.75,68.25,63.77,Rehabilitation,433,586,1
LA-01206,Urban Development,Gujarat,Rajkot,18.17,45,59.53,94.11,54.76,0,6,1,42.2,100.0,88.38,75.76,Notification,353,453,0
LA-01207,Railway,Uttar Pradesh,Prayagraj,5.0,88,87.28,49.09,100.0,2,3,1,55.93,73.34,100.0,71.78,Rehabilitation,371,490,1
LA-01208,Industrial,Rajasthan,Jodhpur,17.4,89,95.43,29.07,34.24,3,3,0,70.32,23.37,60.44,55.51,Rehabilitation,461,569,1
LA-01209,Urban Development,Rajasthan,Ajmer,5.01,123,93.42,84.62,97.17,3,3,4,60.15,100.0,51.63,72.77,Valuation,476,557,0
LA-01210,Urban Development,Karnataka,Mysuru,5.0,84,79.93,66.5,45.73,0,2,2,61.12,82.95,93.89,64.97,Compensation,427,460,0
LA-01211,Industrial,Maharashtra,Nashik,5.0,78,68.87,73.69,40.26,1,5,0,24.63,73.35,66.67,47.1,Rehabilitation,519,540,0
LA-01212,Industrial,Rajasthan,Jaipur,5.0,1,59.21,80.52,57.13,0,1,0,52.53,90.17,54.98,60.5,Notification,267,386,0
LA-01213,Railway,Telangana,Warangal,5.0,89,81.99,61.66,58.07,6,3,0,25.11,29.38,86.02,73.44,Possession,399,708,1
LA-01214,Highway,Rajasthan,Udaipur,6.03,62,28.1,77.67,83.66,2,5,0,72.34,81.47,100.0,79.76,Possession,227,507,0
LA-01215,Urban Development,Gujarat,Kutch,5.0,139,87.31,90.36,14.11,4,3,1,67.94,91.73,33.43,56.13,Possession,595,580,1
LA-01216,Highway,Maharashtra,Aurangabad,5.18,61,66.96,78.42,62.32,1,2,0,31.07,100.0,54.42,74.98,Valuation,414,485,0
LA-01217,Urban Development,Gujarat,Vadodara,36.96,119,100.0,49.02,54.51,1,2,1,21.53,48.25,78.97,58.92,Possession,516,510,0
LA-01218,Industrial,Tamil Nadu,Chennai,5.0,1,72.68,93.24,68.89,0,7,1,28.73,32.52,66.49,67.85,Possession,272,380,1
LA-01219,Industrial,Madhya Pradesh,Gwalior,6.28,73,100.0,95.19,50.41,2,2,1,76.52,60.74,78.38,79.13,Rehabilitation,183,468,0
LA-01220,Irrigation,Maharashtra,Aurangabad,5.0,56,78.94,68.43,69.08,0,4,0,82.63,79.86,58.52,75.52,Valuation,401,527,0
LA-01221,Irrigation,Uttar Pradesh,Kanpur,5.0,56,100.0,74.06,100.0,1,4,1,25.35,54.67,65.04,79.04,Notification,390,456,0
LA-01222,Irrigation,Telangana,Nizamabad,8.34,134,86.56,49.18,73.87,4,1,3,35.45,100.0,86.72,64.09,Valuation,346,541,0
LA-01223,Highway,Gujarat,Kutch,5.0,106,93.77,74.0,69.9,4,2,1,46.46,44.51,85.84,60.73,Possession,313,482,1
LA-01224,Highway,Gujarat,Vadodara,5.0,97,56.03,87.19,91.39,2,3,0,44.16,67.27,97.23,90.9,Valuation,406,562,0
LA-01225,Power,Tamil Nadu,Salem,5.0,75,78.61,68.96,57.16,3,3,0,52.17,71.34,61.6,55.41,Compensation,331,540,0
LA-01226,Highway,Rajasthan,Udaipur,6.63,86,77.79,72.66,100.0,1,2,1,74.88,86.45,90.43,93.54,Possession,421,616,0
LA-01227,Irrigation,Karnataka,Mangaluru,16.04,71,75.66,48.12,26.75,1,2,2,59.24,74.25,89.86,60.71,Rehabilitation,424,517,0
LA-01228,Urban Development,Tamil Nadu,Tiruchirappalli,6.52,34,94.69,95.7,39.84,0,4,0,39.86,67.11,73.51,60.21,Compensation,373,431,0
LA-01229,Power,Telangana,Warangal,5.0,72,63.6,54.63,63.17,1,6,0,21.32,100.0,100.0,66.24,Rehabilitation,496,441,1
LA-01230,Urban Development,Uttar Pradesh,Kanpur,7.27,57,100.0,80.13,76.39,0,2,0,47.72,79.54,75.53,69.92,Compensation,365,484,0
LA-01231,Urban Development,Uttar Pradesh,Agra,7.63,98,96.19,65.06,94.11,3,7,3,68.78,48.77,51.93,79.91,Compensation,466,550,1
LA-01232,Urban Development,Tamil Nadu,Salem,8.75,51,57.77,80.85,88.78,0,1,3,69.64,95.66,67.45,68.55,Valuation,397,561,0
LA-01233,Power,Maharashtra,Nashik,5.0,59,95.11,51.31,78.2,1,3,1,48.05,71.95,97.76,66.08,Rehabilitation,434,496,0
LA-01234,Power,Rajasthan,Jaipur,16.21,97,71.07,67.26,62.5,0,1,0,55.68,100.0,62.73,70.25,Valuation,345,518,0
LA-01235,Urban Development,Telangana,Nizamabad,22.64,57,100.0,94.87,75.97,1,2,0,89.17,73.15,88.89,85.24,Possession,460,510,0
LA-01236,Urban Development,Gujarat,Surat,5.0,93,100.0,58.1,64.95,1,2,1,44.45,73.89,56.28,68.9,Rehabilitation,444,482,0
LA-01237,Power,Gujarat,Ahmedabad,5.0,37,67.64,96.33,63.34,1,2,1,25.26,87.37,55.94,65.49,Valuation,253,418,0
LA-01238,Industrial,Telangana,Hyderabad,9.9,95,99.77,66.74,59.99,4,2,3,61.99,90.36,75.1,68.78,Notification,392,613,0
LA-01239,Irrigation,Madhya Pradesh,Jabalpur,5.02,50,100.0,45.31,81.2,0,0,1,16.65,89.14,94.09,66.53,Notification,414,533,1
LA-01240,Urban Development,Gujarat,Vadodara,19.11,39,91.04,58.28,0.0,0,3,0,100.0,56.59,48.25,59.56,Rehabilitation,228,449,1
LA-01241,Urban Development,Karnataka,Mangaluru,5.56,97,64.72,75.35,100.0,1,2,4,90.51,82.0,56.27,73.05,Notification,264,415,1
LA-01242,Railway,Uttar Pradesh,Varanasi,18.16,97,65.92,42.18,35.62,2,3,2,51.05,100.0,54.59,39.88,Notification,511,425,1
LA-01243,Railway,Karnataka,Mysuru,8.42,191,65.06,69.78,42.95,3,1,6,100.0,57.8,81.59,56.28,Notification,442,578,1
LA-01244,Urban Development,Madhya Pradesh,Ujjain,5.0,68,87.05,45.58,92.57,0,4,1,71.75,76.09,56.09,84.7,Valuation,424,525,0
LA-01245,Power,Gujarat,Rajkot,9.67,104,79.62,85.34,74.71,3,3,2,58.69,72.49,80.51,77.41,Valuation,524,584,0
LA-01246,Power,Gujarat,Surat,5.0,34,53.39,91.83,50.65,0,4,0,47.66,46.71,65.01,63.9,Notification,248,467,0
LA-01247,Irrigation,Telangana,Nizamabad,5.0,178,87.47,39.61,45.41,4,1,2,94.1,84.89,94.34,65.3,Rehabilitation,650,652,1
LA-01248,Industrial,Madhya Pradesh,Ujjain,7.0,45,58.04,40.48,56.12,1,1,0,84.14,71.17,84.54,58.49,Notification,507,600,0
LA-01249,Power,Maharashtra,Pune,5.0,53,83.57,55.69,78.23,2,2,0,33.41,70.31,73.67,65.41,Possession,429,441,0
LA-01250,Irrigation,Tamil Nadu,Madurai,6.78,132,55.79,100.0,44.61,2,1,0,62.63,100.0,54.05,75.55,Compensation,524,515,0
LA-01251,Railway,Madhya Pradesh,Gwalior,6.71,84,86.82,71.54,44.62,5,6,4,100.0,93.97,65.74,79.7,Rehabilitation,448,589,0
LA-01252,Urban Development,Gujarat,Rajkot,15.38,93,77.75,78.45,95.98,2,2,3,66.34,94.1,89.38,72.36,Valuation,597,620,0
LA-01253,Industrial,Maharashtra,Thane,23.94,104,54.61,63.68,69.62,1,2,2,44.49,78.39,68.37,70.67,Notification,258,451,0
LA-01254,Urban Development,Karnataka,Hubballi,8.8,142,100.0,100.0,34.73,4,3,2,42.96,39.98,87.27,78.86,Notification,420,606,1
LA-01255,Urban Development,Karnataka,Mangaluru,5.47,72,96.06,88.45,68.07,2,2,1,88.57,82.6,84.57,79.26,Possession,314,495,0
LA-01256,Irrigation,Uttar Pradesh,Varanasi,20.93,123,76.27,84.73,33.6,2,2,2,23.9,83.34,76.41,50.62,Possession,483,571,0
LA-01257,Industrial,Madhya Pradesh,Jabalpur,20.93,76,74.82,78.26,22.34,1,4,0,73.1,69.71,86.15,59.92,Rehabilitation,289,442,0
LA-01258,Power,Uttar Pradesh,Prayagraj,8.6,86,61.79,73.15,44.62,3,0,1,63.86,94.79,67.46,65.86,Notification,532,617,1
LA-01259,Industrial,Maharashtra,Nagpur,11.0,168,81.29,67.83,52.68,2,3,4,18.16,97.87,73.18,46.4,Notification,529,588,1
LA-01260,Industrial,Madhya Pradesh,Bhopal,7.46,107,63.67,55.56,53.26,3,1,3,16.33,64.81,72.45,56.09,Compensation,363,554,0
LA-01261,Industrial,Tamil Nadu,Tiruchirappalli,7.99,40,97.45,90.89,54.97,0,3,0,57.02,100.0,71.14,83.14,Possession,163,429,0
LA-01262,Highway,Karnataka,Mysuru,5.0,79,92.63,43.99,35.28,2,1,1,66.19,47.72,71.71,58.47,Compensation,471,479,1
LA-01263,Highway,Telangana,Nizamabad,5.0,118,99.97,50.25,40.06,3,3,0,73.46,56.02,67.62,69.38,Notification,470,599,0
LA-01264,Urban Development,Rajasthan,Udaipur,9.41,81,54.25,77.79,80.1,4,1,2,68.38,63.97,71.56,80.53,Compensation,409,594,1
LA-01265,Irrigation,Madhya Pradesh,Ujjain,15.12,144,70.51,45.55,50.58,4,1,5,53.24,88.42,81.91,57.07,Compensation,425,542,1
LA-01266,Railway,Madhya Pradesh,Gwalior,8.38,125,68.65,76.56,48.6,3,2,2,98.34,33.98,73.52,69.27,Valuation,442,602,0
LA-01267,Railway,Madhya Pradesh,Jabalpur,9.33,38,88.13,84.62,45.92,2,2,0,39.29,36.67,79.22,68.89,Valuation,408,531,0
LA-01268,Railway,Madhya Pradesh,Bhopal,16.35,66,62.36,63.23,85.79,1,1,5,31.68,41.7,70.81,49.93,Possession,433,508,1
LA-01269,Irrigation,Rajasthan,Jaipur,7.69,113,82.45,67.31,57.35,2,7,3,100.0,74.02,94.91,71.89,Notification,536,561,0
LA-01270,Highway,Uttar Pradesh,Prayagraj,11.66,63,69.66,78.78,30.22,1,1,1,54.94,87.61,83.78,56.19,Notification,274,472,0
LA-01271,Urban Development,Gujarat,Vadodara,5.0,30,99.24,68.86,42.04,0,0,1,24.07,54.23,62.9,63.86,Compensation,337,466,0
LA-01272,Urban Development,Tamil Nadu,Salem,16.14,81,92.09,100.0,67.06,1,2,2,27.04,69.82,75.73,72.55,Possession,362,476,0
LA-01273,Irrigation,Uttar Pradesh,Kanpur,18.16,181,67.44,90.63,92.34,3,2,2,48.31,76.44,29.26,88.47,Possession,266,667,1
LA-01274,Irrigation,Telangana,Warangal,8.36,40,94.4,28.81,62.29,1,5,1,7.89,69.98,73.83,59.9,Possession,495,453,1
LA-01275,Railway,Gujarat,Kutch,5.0,81,100.0,78.3,64.7,3,1,1,39.84,100.0,94.14,76.46,Rehabilitation,332,473,0
LA-01276,Industrial,Gujarat,Kutch,5.28,122,84.01,67.61,29.44,3,2,1,42.12,100.0,34.8,59.63,Compensation,410,580,0
LA-01277,Industrial,Rajasthan,Udaipur,15.41,89,71.57,47.01,77.34,4,2,3,37.87,89.49,47.19,62.65,Notification,517,554,0
LA-01278,Power,Uttar Pradesh,Agra,8.86,37,45.21,92.92,35.12,0,4,0,82.12,70.82,52.16,62.52,Notification,330,500,1
LA-01279,Highway,Madhya Pradesh,Gwalior,10.88,63,92.61,82.42,21.01,2,1,1,65.07,90.79,69.88,61.34,Possession,389,466,0
LA-01280,Highway,Tamil Nadu,Madurai,5.0,138,85.4,60.84,56.6,3,1,2,30.53,66.75,86.26,64.01,Possession,618,688,0
LA-01281,Irrigation,Rajasthan,Ajmer,21.69,60,55.22,49.51,75.72,0,3,2,48.12,57.46,86.53,60.17,Compensation,306,407,1
LA-01282,Railway,Karnataka,Belagavi,5.0,17,94.25,72.02,100.0,0,0,1,42.99,50.82,76.93,71.22,Possession,395,566,0
LA-01283,Irrigation,Tamil Nadu,Coimbatore,5.0,75,71.34,70.36,61.96,1,1,1,100.0,38.52,84.05,78.72,Rehabilitation,580,626,0
LA-01284,Industrial,Madhya Pradesh,Gwalior,5.7,123,79.92,72.48,92.19,4,1,2,62.67,53.44,61.27,79.08,Compensation,269,585,0
LA-01285,Irrigation,Telangana,Nizamabad,8.42,41,71.05,82.4,40.07,0,6,0,51.26,49.63,96.04,74.49,Rehabilitation,351,403,0
LA-01286,Railway,Rajasthan,Ajmer,5.0,57,78.53,80.35,91.59,0,3,1,46.32,55.67,100.0,68.8,Valuation,338,461,1
LA-01287,Highway,Karnataka,Mysuru,5.0,21,69.77,80.14,96.31,1,4,0,66.02,74.21,72.46,84.96,Possession,154,508,0
LA-01288,Industrial,Telangana,Warangal,16.3,82,86.64,79.88,45.3,3,7,1,50.83,83.02,45.21,53.26,Valuation,459,590,1
LA-01289,Power,Rajasthan,Udaipur,7.82,131,69.45,32.55,29.23,1,2,4,48.05,97.98,57.18,38.3,Notification,548,498,0
LA-01290,Railway,Telangana,Karimnagar,8.14,103,36.29,47.7,65.04,0,3,2,54.14,61.45,81.56,57.29,Valuation,392,506,0
LA-01291,Power,Tamil Nadu,Salem,8.52,96,90.39,86.04,88.69,5,4,0,41.23,84.94,72.78,87.91,Compensation,408,577,1
LA-01292,Irrigation,Gujarat,Vadodara,5.0,45,85.99,73.2,61.04,0,2,0,76.58,75.58,56.1,67.59,Notification,361,355,0
LA-01293,Power,Rajasthan,Jaipur,7.07,135,43.79,100.0,79.23,5,4,1,62.47,68.23,83.85,60.31,Valuation,515,591,1
LA-01294,Irrigation,Uttar Pradesh,Lucknow,5.0,218,73.56,67.56,77.6,5,3,7,83.45,71.4,78.64,78.7,Rehabilitation,483,635,1
LA-01295,Power,Tamil Nadu,Madurai,10.78,104,81.39,54.61,78.8,1,3,2,59.39,42.88,34.72,53.77,Compensation,343,625,1
LA-01296,Irrigation,Karnataka,Hubballi,5.93,66,73.6,62.99,34.86,0,5,1,95.09,96.11,68.06,45.31,Notification,667,563,0
LA-01297,Industrial,Maharashtra,Nagpur,8.98,125,61.77,73.56,49.94,3,1,2,41.42,47.27,83.28,62.27,Possession,399,512,1
LA-01298,Railway,Rajasthan,Kota,18.75,90,91.2,89.15,92.84,3,1,2,43.81,59.94,66.97,82.62,Compensation,479,617,0
LA-01299,Irrigation,Uttar Pradesh,Varanasi,5.0,112,100.0,82.15,54.12,2,2,1,93.28,30.55,96.46,100.0,Notification,221,506,0
LA-01300,Industrial,Karnataka,Belagavi,5.0,58,58.2,40.02,46.35,3,1,0,34.34,77.39,50.67,32.14,Valuation,258,451,1
LA-01301,Railway,Tamil Nadu,Salem,5.0,49,50.96,71.19,62.94,0,4,1,61.34,88.38,100.0,66.62,Possession,389,468,0
LA-01302,Urban Development,Telangana,Hyderabad,12.86,69,66.81,90.55,74.87,2,3,1,84.75,55.64,61.88,85.91,Notification,259,556,1
LA-01303,Railway,Tamil Nadu,Coimbatore,5.51,80,100.0,91.91,35.17,0,3,2,58.76,87.38,62.02,72.73,Compensation,318,476,0
LA-01304,Irrigation,Karnataka,Hubballi,5.0,83,75.3,87.94,66.53,2,3,2,63.68,15.31,100.0,89.35,Possession,363,551,0
LA-01305,Power,Telangana,Nizamabad,5.0,66,87.31,80.81,29.78,0,4,0,47.15,69.11,63.79,56.37,Rehabilitation,255,444,1
LA-01306,Irrigation,Uttar Pradesh,Varanasi,12.12,52,64.22,65.89,54.61,1,2,2,70.17,84.17,52.9,52.27,Valuation,182,405,1
LA-01307,Railway,Gujarat,Surat,17.75,178,80.72,66.86,39.28,4,3,4,25.35,68.31,88.05,68.58,Valuation,472,604,1
LA-01308,Power,Karnataka,Bengaluru,6.47,135,100.0,79.46,84.07,2,1,0,34.93,62.71,90.98,88.18,Valuation,401,609,0
LA-01309,Railway,Telangana,Hyderabad,10.93,96,95.16,83.11,42.32,3,3,2,35.64,76.03,64.71,62.7,Notification,452,671,0
LA-01310,Highway,Uttar Pradesh,Prayagraj,9.02,51,35.41,97.85,56.17,0,4,3,40.63,74.57,76.41,52.87,Notification,484,425,0
LA-01311,Highway,Telangana,Khammam,10.82,114,93.89,65.97,92.2,2,2,1,25.86,36.88,90.38,78.73,Notification,427,618,0
LA-01312,Highway,Karnataka,Mangaluru,5.0,125,92.82,54.76,54.1,7,5,5,33.29,38.71,75.13,48.51,Valuation,631,698,1
LA-01313,Highway,Telangana,Nizamabad,5.63,64,100.0,88.48,70.53,5,1,1,100.0,68.07,36.12,82.81,Valuation,521,571,0
LA-01314,Railway,Karnataka,Belagavi,5.0,61,95.64,20.06,38.15,3,3,0,52.95,27.38,74.3,54.26,Valuation,460,497,0
LA-01315,Railway,Rajasthan,Jaipur,23.8,106,66.63,87.05,76.39,1,5,1,40.28,40.73,56.22,66.47,Notification,465,470,1
LA-01316,Power,Tamil Nadu,Madurai,8.58,82,66.06,1.91,100.0,1,1,0,27.88,38.56,56.94,60.28,Rehabilitation,353,496,1
LA-01317,Industrial,Karnataka,Mangaluru,5.0,26,85.75,77.98,58.09,1,1,0,54.74,83.1,79.68,71.37,Rehabilitation,286,455,0
LA-01318,Railway,Rajasthan,Ajmer,7.16,109,86.26,65.48,26.89,2,4,2,37.84,98.37,58.52,57.2,Possession,455,578,1
LA-01319,Industrial,Telangana,Khammam,8.85,33,39.28,67.93,59.04,1,3,0,73.68,100.0,76.89,80.31,Possession,369,498,1
LA-01320,Irrigation,Tamil Nadu,Salem,5.27,43,83.0,40.88,86.78,0,2,1,49.33,40.62,65.0,73.33,Possession,383,457,0
LA-01321,Railway,Maharashtra,Aurangabad,5.74,56,100.0,48.42,62.79,1,3,0,60.54,45.88,96.93,76.92,Compensation,326,495,0
LA-01322,Irrigation,Telangana,Nizamabad,5.0,44,100.0,69.19,92.43,0,2,0,50.89,80.12,84.77,82.64,Valuation,355,485,0
LA-01323,Irrigation,Gujarat,Ahmedabad,5.7,35,90.2,68.22,82.3,1,2,1,68.47,57.11,83.0,71.84,Possession,169,524,0
LA-01324,Railway,Tamil Nadu,Madurai,8.46,110,100.0,83.1,100.0,1,1,2,26.93,41.98,59.43,77.57,Rehabilitation,289,503,0
LA-01325,Urban Development,Gujarat,Vadodara,11.77,120,100.0,79.38,66.87,1,4,0,73.8,11.68,69.15,69.5,Rehabilitation,500,619,0
LA-01326,Irrigation,Gujarat,Vadodara,10.15,93,64.29,100.0,51.95,3,4,2,84.62,98.57,100.0,76.97,Compensation,499,617,0
LA-01327,Urban Development,Madhya Pradesh,Indore,5.0,123,94.9,46.13,52.31,4,3,3,100.0,47.37,69.54,58.75,Possession,349,518,0
LA-01328,Irrigation,Madhya Pradesh,Gwalior,5.31,119,92.57,81.03,72.67,5,3,2,58.24,80.19,54.87,68.7,Possession,446,471,0
LA-01329,Industrial,Telangana,Warangal,5.0,17,70.89,38.4,100.0,2,0,1,2.77,52.01,97.54,56.33,Valuation,161,351,1
LA-01330,Power,Telangana,Karimnagar,13.49,52,89.9,73.95,39.37,1,3,0,77.99,100.0,33.06,70.53,Valuation,227,497,0
LA-01331,Irrigation,Maharashtra,Aurangabad,5.0,155,76.73,35.75,77.08,3,1,1,56.7,34.61,81.73,69.88,Valuation,354,611,1
LA-01332,Urban Development,Karnataka,Hubballi,11.89,19,100.0,61.39,100.0,1,0,0,100.0,65.87,40.15,77.25,Possession,331,417,1
LA-01333,Irrigation,Telangana,Warangal,9.6,86,100.0,100.0,100.0,2,1,1,55.77,36.73,50.42,85.38,Notification,321,594,1
LA-01334,Railway,Rajasthan,Kota,5.83,90,61.58,67.6,29.61,2,4,0,63.25,61.28,77.29,60.37,Notification,454,571,0
LA-01335,Power,Uttar Pradesh,Prayagraj,5.0,143,80.25,68.03,46.53,5,5,5,89.41,100.0,52.56,58.92,Rehabilitation,320,550,0
LA-01336,Irrigation,Uttar Pradesh,Kanpur,8.81,105,71.36,45.01,76.91,2,4,1,88.81,56.55,58.72,63.38,Compensation,616,619,0
LA-01337,Highway,Rajasthan,Jaipur,6.7,86,65.14,73.15,71.38,3,1,0,40.19,69.1,21.79,63.89,Possession,457,615,0
LA-01338,Highway,Rajasthan,Jaipur,5.0,120,100.0,77.32,98.13,1,2,0,48.55,50.01,76.92,91.4,Compensation,284,551,0
LA-01339,Irrigation,Rajasthan,Udaipur,9.24,68,100.0,79.17,65.28,1,1,3,55.85,51.07,67.52,83.17,Notification,239,610,1
LA-01340,Railway,Maharashtra,Nashik,5.0,80,64.91,92.47,69.89,0,0,1,35.16,80.27,85.97,79.98,Notification,364,545,0
LA-01341,Industrial,Madhya Pradesh,Jabalpur,13.83,86,89.13,49.71,67.15,1,2,2,43.22,56.58,47.11,60.54,Rehabilitation,353,517,1
LA-01342,Irrigation,Uttar Pradesh,Agra,12.64,68,85.61,75.01,100.0,1,1,0,26.91,72.02,87.06,74.68,Rehabilitation,190,495,0
LA-01343,Power,Gujarat,Rajkot,10.96,101,75.74,48.1,64.15,4,1,2,35.22,82.33,95.33,51.77,Notification,438,533,1
LA-01344,Railway,Gujarat,Rajkot,7.35,65,74.78,68.8,72.47,5,2,2,59.99,65.33,66.01,67.07,Rehabilitation,256,415,0
LA-01345,Highway,Uttar Pradesh,Kanpur,5.0,51,55.21,25.67,30.86,1,2,2,75.65,85.86,69.91,38.39,Valuation,598,583,0
LA-01346,Irrigation,Telangana,Hyderabad,5.0,84,64.12,72.44,66.61,3,3,2,31.67,80.85,76.77,55.57,Notification,428,431,0
LA-01347,Power,Madhya Pradesh,Gwalior,7.5,132,53.54,72.54,51.2,2,2,3,99.36,59.19,57.58,76.85,Rehabilitation,450,579,0
LA-01348,Railway,Gujarat,Surat,6.06,58,81.44,100.0,14.4,1,2,1,56.9,82.16,77.76,55.53,Rehabilitation,367,504,1
LA-01349,Power,Maharashtra,Thane,8.63,139,77.51,86.81,54.61,2,4,3,92.15,94.14,48.83,69.08,Valuation,344,545,0
LA-01350,Industrial,Telangana,Nizamabad,5.0,1,51.11,68.86,74.94,0,3,1,55.15,76.61,58.41,70.55,Compensation,366,444,0
LA-01351,Railway,Gujarat,Kutch,7.65,45,76.07,48.41,63.12,1,2,3,62.13,100.0,64.5,54.79,Possession,283,478,0
LA-01352,Highway,Karnataka,Belagavi,5.0,138,62.09,86.73,64.53,4,3,1,66.5,56.2,63.08,75.78,Compensation,389,598,1
LA-01353,Railway,Tamil Nadu,Chennai,7.12,69,86.79,78.86,29.42,1,2,0,56.84,65.66,31.99,62.67,Valuation,516,545,1
LA-01354,Highway,Madhya Pradesh,Gwalior,15.04,59,80.86,55.14,28.25,3,1,0,30.83,100.0,63.07,55.26,Compensation,293,552,1
LA-01355,Highway,Rajasthan,Kota,20.35,71,66.87,100.0,96.38,1,2,0,70.26,77.04,61.39,67.51,Possession,533,550,1
LA-01356,Highway,Telangana,Warangal,5.0,1,97.6,31.75,27.86,0,0,1,85.22,100.0,63.28,49.33,Notification,320,360,0
LA-01357,Highway,Uttar Pradesh,Prayagraj,5.0,59,81.89,64.41,49.02,0,4,1,69.47,48.3,48.3,55.69,Valuation,375,512,1
LA-01358,Irrigation,Maharashtra,Nashik,16.65,165,89.19,59.46,87.82,5,0,3,56.34,95.09,88.79,67.27,Valuation,437,730,0
LA-01359,Industrial,Maharashtra,Thane,13.23,128,39.92,85.3,32.67,2,3,4,12.72,63.96,76.26,48.65,Compensation,419,556,0
LA-01360,Power,Gujarat,Ahmedabad,33.73,150,100.0,69.34,39.73,2,5,2,20.85,50.06,44.07,56.68,Compensation,440,499,0
LA-01361,Power,Rajasthan,Ajmer,15.86,113,87.32,63.36,86.46,2,1,2,51.45,83.73,100.0,75.92,Notification,440,577,0
LA-01362,Railway,Uttar Pradesh,Kanpur,6.2,77,70.08,99.97,78.77,8,1,0,32.45,42.33,80.69,86.17,Compensation,334,654,0
LA-01363,Urban Development,Tamil Nadu,Salem,5.96,108,62.32,20.92,79.55,2,5,0,63.97,100.0,83.53,53.1,Valuation,463,535,0
LA-01364,Highway,Telangana,Nizamabad,5.0,74,52.26,76.45,65.67,1,3,0,49.66,80.37,53.54,63.39,Valuation,285,464,0
LA-01365,Irrigation,Gujarat,Vadodara,17.33,109,64.79,62.09,66.75,3,2,1,50.47,46.8,84.04,55.57,Rehabilitation,441,576,1
LA-01366,Urban Development,Karnataka,Mangaluru,5.28,98,84.34,77.71,65.05,1,2,4,31.99,97.81,69.15,68.12,Rehabilitation,387,499,1
LA-01367,Railway,Rajasthan,Ajmer,38.76,225,64.73,94.52,61.98,9,0,5,98.49,86.09,61.17,86.88,Compensation,438,730,1
LA-01368,Irrigation,Uttar Pradesh,Agra,5.0,132,67.62,64.44,75.34,2,2,4,62.42,75.63,73.34,69.36,Possession,575,553,0
LA-01369,Urban Development,Rajasthan,Jaipur,7.56,118,70.2,64.43,65.74,1,5,3,30.72,83.91,71.48,73.1,Possession,392,604,1
LA-01370,Railway,Uttar Pradesh,Agra,7.56,114,51.03,75.91,31.6,3,2,3,66.38,45.05,76.4,56.66,Compensation,513,601,1
LA-01371,Urban Development,Tamil Nadu,Salem,5.0,125,80.7,70.23,100.0,3,5,3,11.41,65.08,76.58,68.64,Notification,491,647,0
LA-01372,Power,Telangana,Warangal,14.7,90,68.2,48.1,53.06,1,3,3,61.77,38.5,63.92,35.34,Notification,685,740,1
LA-01373,Urban Development,Tamil Nadu,Tiruchirappalli,5.0,97,99.55,75.37,63.89,1,3,1,46.37,85.01,74.28,84.35,Valuation,466,537,0
LA-01374,Irrigation,Maharashtra,Thane,11.81,108,85.43,59.52,26.88,1,2,1,26.64,100.0,76.84,63.94,Rehabilitation,435,500,1
LA-01375,Railway,Uttar Pradesh,Prayagraj,5.0,19,80.3,67.45,68.19,1,5,0,58.92,74.93,81.21,73.44,Valuation,375,526,0
LA-01376,Urban Development,Karnataka,Hubballi,22.16,1,80.34,96.24,34.49,1,2,0,63.59,87.71,84.78,69.98,Rehabilitation,294,528,1
LA-01377,Power,Tamil Nadu,Chennai,5.0,151,85.62,80.14,51.2,5,4,3,47.25,86.44,100.0,62.78,Notification,558,608,1
LA-01378,Urban Development,Maharashtra,Pune,7.19,122,100.0,61.04,50.28,1,1,3,53.99,49.09,49.73,50.46,Valuation,371,494,0
LA-01379,Railway,Gujarat,Surat,8.46,71,71.25,93.23,9.87,2,0,1,50.79,83.24,45.68,41.64,Notification,370,417,0
LA-01380,Industrial,Madhya Pradesh,Indore,5.5,36,69.57,42.0,72.36,2,2,0,78.22,39.35,52.85,76.18,Notification,378,440,1
LA-01381,Urban Development,Telangana,Karimnagar,5.0,85,81.46,69.37,71.09,3,2,1,81.75,61.31,61.89,59.53,Possession,258,557,0
LA-01382,Urban Development,Karnataka,Bengaluru,7.69,155,77.14,68.2,100.0,2,0,1,61.59,35.81,97.84,76.37,Compensation,496,550,0
LA-01383,Railway,Maharashtra,Pune,5.0,19,77.01,60.84,42.9,1,2,2,50.59,88.04,65.89,69.92,Valuation,313,498,0
LA-01384,Power,Uttar Pradesh,Lucknow,5.78,97,100.0,36.19,62.33,1,3,2,100.0,60.19,52.25,64.79,Rehabilitation,267,465,0
LA-01385,Power,Gujarat,Rajkot,5.0,120,92.33,60.45,31.76,4,3,1,81.1,94.53,81.65,55.18,Possession,521,564,0
LA-01386,Power,Telangana,Nizamabad,15.31,67,53.78,94.63,35.57,0,1,1,67.91,41.86,83.66,65.12,Notification,231,459,0
LA-01387,Urban Development,Karnataka,Mangaluru,11.91,77,56.37,60.58,30.7,1,0,2,48.24,70.14,28.54,44.38,Notification,488,605,1
LA-01388,Power,Maharashtra,Nagpur,13.72,105,88.17,77.53,34.6,2,3,2,40.65,85.0,80.44,42.73,Notification,397,549,1
LA-01389,Railway,Maharashtra,Pune,14.66,48,44.92,62.8,38.98,1,4,1,18.52,31.16,60.36,33.4,Valuation,354,474,0
LA-01390,Urban Development,Telangana,Warangal,20.76,35,72.34,95.34,45.89,0,2,0,87.78,81.23,52.47,78.62,Valuation,529,519,0
LA-01391,Urban Development,Madhya Pradesh,Ujjain,8.78,123,73.76,98.76,57.4,3,4,7,42.92,58.36,70.03,77.47,Valuation,389,554,0
LA-01392,Urban Development,Telangana,Hyderabad,5.0,120,90.61,37.15,74.95,2,2,3,39.82,64.05,63.86,71.68,Possession,404,456,1
LA-01393,Irrigation,Uttar Pradesh,Varanasi,5.0,58,100.0,81.53,85.69,0,3,0,38.25,61.59,42.15,67.76,Notification,304,526,0
LA-01394,Railway,Rajasthan,Ajmer,6.59,136,66.73,59.3,97.76,6,2,0,51.44,55.59,100.0,66.85,Rehabilitation,521,642,1
LA-01395,Urban Development,Tamil Nadu,Coimbatore,6.05,71,74.23,86.92,88.87,1,3,1,37.78,61.13,79.61,69.61,Possession,279,479,0
LA-01396,Urban Development,Uttar Pradesh,Agra,5.0,65,74.51,65.13,55.58,4,2,1,24.58,50.51,87.04,59.33,Compensation,517,642,0
LA-01397,Urban Development,Tamil Nadu,Madurai,6.34,122,74.86,70.14,61.08,2,1,3,100.0,73.87,73.3,60.54,Rehabilitation,267,519,1
LA-01398,Power,Telangana,Nizamabad,19.78,118,81.45,67.07,47.73,1,8,2,81.29,92.27,34.04,62.15,Possession,464,577,0
LA-01399,Railway,Madhya Pradesh,Gwalior,5.0,183,58.8,62.32,45.66,2,1,1,57.2,84.94,71.15,55.63,Possession,467,587,0
LA-01400,Power,Karnataka,Hubballi,5.0,161,46.93,43.38,80.56,1,1,5,44.58,80.24,71.31,60.16,Rehabilitation,401,562,1
LA-01401,Industrial,Telangana,Hyderabad,5.0,125,86.44,100.0,67.96,2,2,3,75.74,76.61,98.45,87.93,Notification,524,536,0
LA-01402,Irrigation,Gujarat,Kutch,10.46,81,94.02,30.18,88.72,2,1,1,23.47,88.19,71.95,55.43,Valuation,536,616,1
LA-01403,Irrigation,Gujarat,Rajkot,7.98,73,60.95,78.92,82.61,2,6,0,39.99,69.75,88.47,73.59,Valuation,366,520,0
LA-01404,Railway,Tamil Nadu,Chennai,5.28,82,64.11,36.3,66.34,1,3,1,63.36,78.54,64.38,52.8,Compensation,299,465,0
LA-01405,Urban Development,Rajasthan,Jaipur,9.46,184,98.97,59.98,37.83,4,4,4,43.49,66.45,47.01,51.88,Notification,601,656,1
LA-01406,Industrial,Tamil Nadu,Coimbatore,10.22,71,83.25,46.78,39.01,0,0,4,67.62,57.2,69.85,64.57,Valuation,491,522,0
LA-01407,Irrigation,Tamil Nadu,Tiruchirappalli,6.21,88,71.29,57.68,59.68,3,3,1,100.0,80.69,95.84,67.14,Valuation,189,508,0
LA-01408,Railway,Karnataka,Hubballi,5.0,17,91.58,58.52,84.13,1,1,1,48.09,60.73,71.98,79.81,Notification,140,379,0
LA-01409,Urban Development,Telangana,Khammam,44.06,145,79.8,91.9,99.37,3,6,3,100.0,100.0,47.96,83.73,Valuation,277,511,0
LA-01410,Power,Maharashtra,Nagpur,5.48,91,76.18,70.19,100.0,2,2,2,72.59,75.65,56.02,69.49,Rehabilitation,446,481,1
LA-01411,Railway,Uttar Pradesh,Prayagraj,5.67,23,55.0,44.43,57.66,1,2,1,40.53,84.94,63.96,60.34,Notification,346,529,1
LA-01412,Urban Development,Karnataka,Bengaluru,5.0,34,86.51,48.7,66.42,0,4,1,21.45,72.53,77.08,66.86,Possession,265,351,0
LA-01413,Industrial,Maharashtra,Pune,5.0,29,97.22,100.0,66.01,1,4,0,63.45,49.09,13.14,80.75,Compensation,274,473,0
LA-01414,Irrigation,Telangana,Karimnagar,5.0,69,75.14,58.04,64.81,2,5,5,49.79,87.35,78.13,55.48,Notification,501,533,0
LA-01415,Railway,Gujarat,Vadodara,38.22,87,92.12,34.57,98.55,1,5,2,11.19,56.46,77.0,69.64,Notification,420,497,0
LA-01416,Irrigation,Gujarat,Rajkot,5.33,99,92.09,51.34,68.18,3,1,2,84.18,90.31,81.04,62.75,Possession,482,554,0
LA-01417,Urban Development,Rajasthan,Kota,19.76,90,80.51,73.02,51.12,1,2,1,100.0,66.55,82.63,75.47,Possession,317,482,1
LA-01418,Power,Madhya Pradesh,Bhopal,5.0,1,68.43,67.39,63.69,1,3,0,47.82,31.52,98.87,71.03,Notification,452,471,1
LA-01419,Power,Telangana,Karimnagar,5.0,127,73.05,71.58,75.43,2,4,3,62.52,51.98,32.55,65.75,Possession,296,591,1
LA-01420,Urban Development,Maharashtra,Nashik,14.51,215,81.8,31.89,16.64,2,4,4,77.53,100.0,75.56,51.88,Rehabilitation,547,563,0
LA-01421,Irrigation,Telangana,Warangal,5.0,110,71.27,86.4,72.88,0,4,5,35.94,100.0,44.94,76.09,Valuation,482,550,1
LA-01422,Irrigation,Maharashtra,Aurangabad,37.57,121,78.92,58.46,67.22,3,2,1,19.19,77.06,56.64,67.7,Possession,380,574,0
LA-01423,Power,Gujarat,Kutch,5.14,146,65.63,62.11,67.96,3,3,1,100.0,42.05,47.09,63.72,Rehabilitation,469,601,0
LA-01424,Irrigation,Maharashtra,Aurangabad,16.9,60,98.21,46.58,65.85,4,1,1,34.43,48.7,67.39,55.71,Possession,421,482,1
LA-01425,Industrial,Rajasthan,Jodhpur,9.46,98,79.55,78.75,81.01,3,3,1,70.22,87.66,49.58,72.61,Rehabilitation,495,502,0
LA-01426,Urban Development,Madhya Pradesh,Gwalior,13.44,25,97.76,71.48,22.34,1,3,2,62.03,36.6,83.95,58.48,Rehabilitation,305,338,1
LA-01427,Power,Madhya Pradesh,Ujjain,10.5,8,89.45,100.0,39.39,1,1,0,80.3,72.51,46.67,75.77,Possession,268,425,0
LA-01428,Power,Madhya Pradesh,Bhopal,5.0,9,71.04,69.72,100.0,0,3,0,43.97,88.54,32.56,72.21,Notification,388,420,0
LA-01429,Irrigation,Telangana,Nizamabad,19.51,151,70.07,75.92,65.67,1,5,2,75.83,58.17,43.55,80.59,Possession,436,592,0
LA-01430,Highway,Maharashtra,Aurangabad,16.67,64,88.69,70.42,54.15,3,3,1,76.57,81.02,52.25,71.33,Rehabilitation,310,450,0
LA-01431,Irrigation,Tamil Nadu,Coimbatore,5.0,60,83.24,80.18,61.6,2,4,0,29.07,88.26,72.84,79.5,Compensation,361,478,1
LA-01432,Irrigation,Gujarat,Rajkot,6.28,41,100.0,68.4,54.52,0,2,0,31.83,71.37,65.28,60.65,Valuation,375,459,0
LA-01433,Irrigation,Uttar Pradesh,Prayagraj,6.27,77,67.81,39.31,41.01,2,2,2,26.12,41.69,56.47,54.78,Valuation,388,409,1
LA-01434,Industrial,Gujarat,Surat,10.16,82,49.61,51.82,56.33,0,2,4,36.87,31.61,53.88,56.24,Valuation,291,483,1
LA-01435,Power,Tamil Nadu,Coimbatore,5.0,87,85.11,46.46,63.15,2,3,2,60.31,57.74,70.62,58.51,Notification,423,533,0
LA-01436,Highway,Gujarat,Surat,5.0,53,91.26,98.6,72.83,0,4,1,90.84,67.28,33.11,94.59,Possession,354,462,0
LA-01437,Railway,Karnataka,Bengaluru,5.0,1,72.46,94.57,57.24,0,1,0,17.39,54.57,83.1,62.12,Compensation,367,464,0
LA-01438,Power,Maharashtra,Nagpur,7.81,84,90.51,38.25,55.66,1,3,2,53.51,47.65,29.2,59.84,Rehabilitation,356,449,1
LA-01439,Industrial,Gujarat,Rajkot,9.65,92,76.99,87.21,58.35,2,1,2,93.4,86.32,38.51,75.67,Valuation,445,502,1
LA-01440,Power,Madhya Pradesh,Bhopal,5.0,74,62.84,80.31,90.51,3,2,5,54.15,79.63,36.22,51.48,Possession,399,635,1
LA-01441,Urban Development,Karnataka,Mangaluru,6.65,35,67.7,39.5,77.8,0,4,1,77.47,59.03,45.17,60.6,Rehabilitation,513,567,0
LA-01442,Urban Development,Rajasthan,Jaipur,16.38,63,80.54,90.48,79.27,0,2,1,31.7,60.57,14.32,70.51,Rehabilitation,354,410,0
LA-01443,Urban Development,Gujarat,Rajkot,5.2,90,84.71,41.17,61.38,1,5,2,44.87,48.51,87.61,60.72,Valuation,452,517,0
LA-01444,Highway,Karnataka,Mysuru,7.03,57,91.01,72.02,100.0,0,2,1,62.35,37.44,100.0,84.97,Possession,326,543,0
LA-01445,Irrigation,Gujarat,Vadodara,8.34,107,85.1,75.09,88.36,3,5,1,63.76,56.02,84.55,78.16,Notification,304,510,0
LA-01446,Highway,Telangana,Nizamabad,5.0,126,67.02,40.18,89.41,0,0,3,68.81,92.55,77.34,65.09,Compensation,502,524,0
LA-01447,Highway,Gujarat,Rajkot,17.35,84,99.18,52.21,43.19,1,7,0,70.29,67.55,86.13,59.22,Rehabilitation,358,430,0
LA-01448,Railway,Telangana,Khammam,27.27,110,52.18,57.4,57.82,5,1,3,39.54,72.97,78.92,51.25,Notification,378,586,0
LA-01449,Irrigation,Uttar Pradesh,Prayagraj,8.51,82,81.12,43.29,82.0,0,5,2,57.62,83.5,61.59,52.57,Possession,615,566,1
LA-01450,Highway,Rajasthan,Jodhpur,11.54,78,88.47,62.57,74.54,2,0,0,61.62,59.36,77.07,60.85,Possession,308,393,0
LA-01451,Industrial,Gujarat,Ahmedabad,14.19,119,77.9,90.53,81.46,5,5,4,56.1,83.21,67.22,86.69,Valuation,407,547,1
LA-01452,Urban Development,Karnataka,Hubballi,20.95,98,67.43,84.54,52.51,4,1,2,91.16,49.38,75.02,82.57,Rehabilitation,462,575,0
LA-01453,Industrial,Rajasthan,Jaipur,6.71,47,71.36,70.53,10.01,3,2,0,68.64,76.0,82.99,55.08,Compensation,383,518,0
LA-01454,Power,Tamil Nadu,Madurai,7.27,9,85.44,44.48,100.0,0,3,0,37.51,67.99,67.8,71.84,Compensation,342,554,0
LA-01455,Railway,Karnataka,Bengaluru,15.78,59,72.17,62.71,29.87,1,2,2,53.86,57.63,87.23,42.94,Compensation,426,499,1
LA-01456,Industrial,Gujarat,Kutch,6.45,107,82.64,93.18,57.14,3,1,2,66.17,74.88,97.34,87.03,Compensation,226,534,0
LA-01457,Railway,Rajasthan,Kota,5.0,125,82.85,48.7,42.78,5,2,0,100.0,82.52,67.42,59.07,Rehabilitation,253,556,0
LA-01458,Power,Rajasthan,Jaipur,32.68,192,48.32,93.51,41.32,5,5,5,33.54,100.0,46.13,57.45,Rehabilitation,468,685,1
LA-01459,Urban Development,Madhya Pradesh,Gwalior,13.99,67,83.2,72.22,43.4,4,4,3,37.76,62.72,61.37,48.01,Valuation,587,618,1
LA-01460,Urban Development,Rajasthan,Udaipur,8.53,84,64.67,75.32,58.65,2,3,2,44.23,70.31,50.16,61.59,Compensation,405,465,0
LA-01461,Urban Development,Tamil Nadu,Salem,13.63,135,77.61,87.66,51.11,1,1,3,53.82,100.0,78.37,66.56,Possession,419,542,0
LA-01462,Railway,Madhya Pradesh,Bhopal,6.51,58,72.04,77.99,100.0,2,2,0,20.66,100.0,62.75,64.72,Possession,483,488,0
LA-01463,Urban Development,Madhya Pradesh,Bhopal,17.89,129,73.82,31.65,66.09,4,3,2,43.38,69.44,97.72,68.42,Compensation,391,549,1
LA-01464,Power,Rajasthan,Udaipur,10.42,56,77.45,96.33,45.76,1,4,1,49.26,61.85,68.77,71.35,Valuation,514,495,1
LA-01465,Power,Rajasthan,Kota,5.81,137,81.52,60.29,84.65,3,2,2,52.36,70.91,97.27,67.61,Notification,357,667,0
LA-01466,Urban Development,Maharashtra,Nashik,5.0,52,51.29,87.49,66.58,1,3,1,50.54,57.18,71.3,55.22,Compensation,299,584,1
LA-01467,Railway,Gujarat,Rajkot,6.47,109,100.0,65.42,41.01,4,3,0,60.86,81.9,100.0,69.12,Rehabilitation,361,493,1
LA-01468,Industrial,Karnataka,Belagavi,6.31,113,35.65,86.59,64.2,2,4,3,53.69,65.54,78.72,73.05,Compensation,520,492,1
LA-01469,Railway,Madhya Pradesh,Indore,5.0,48,86.08,88.02,92.07,2,2,0,55.38,95.09,63.29,56.7,Valuation,140,346,0
LA-01470,Railway,Gujarat,Kutch,11.25,73,58.63,49.86,55.15,3,5,3,33.04,43.87,85.11,53.01,Possession,337,533,1
LA-01471,Irrigation,Madhya Pradesh,Ujjain,5.0,77,84.84,88.23,54.42,2,1,2,76.71,46.4,77.6,65.34,Valuation,263,594,0
LA-01472,Railway,Gujarat,Rajkot,5.0,1,74.77,100.0,61.24,0,1,0,36.04,32.29,62.26,68.21,Notification,305,381,0
LA-01473,Power,Uttar Pradesh,Kanpur,10.03,127,100.0,80.01,68.98,4,5,0,19.43,74.19,77.12,71.09,Possession,376,576,0
LA-01474,Urban Development,Uttar Pradesh,Agra,5.0,34,70.9,64.43,100.0,1,5,0,52.12,100.0,92.59,69.9,Valuation,133,372,0
LA-01475,Industrial,Uttar Pradesh,Varanasi,5.0,53,60.08,37.81,100.0,2,1,0,43.59,70.9,55.38,50.34,Valuation,503,505,1
LA-01476,Railway,Madhya Pradesh,Bhopal,24.64,18,83.07,60.63,58.59,1,3,0,32.64,91.9,81.29,63.04,Notification,352,430,0
LA-01477,Industrial,Gujarat,Rajkot,5.42,24,83.4,74.05,64.05,1,3,0,62.42,64.05,77.91,77.21,Rehabilitation,271,427,1
LA-01478,Railway,Madhya Pradesh,Bhopal,9.29,66,82.6,52.99,58.76,1,1,1,0.0,55.42,72.19,55.85,Notification,454,446,1
LA-01479,Railway,Uttar Pradesh,Prayagraj,6.91,10,87.13,65.52,18.68,1,7,0,27.03,67.32,79.56,53.07,Rehabilitation,189,349,1
LA-01480,Power,Tamil Nadu,Salem,10.2,90,63.76,88.57,52.77,1,1,2,40.21,65.74,57.97,58.43,Valuation,360,572,0
LA-01481,Industrial,Telangana,Hyderabad,6.47,131,100.0,46.77,48.56,3,3,5,75.23,31.16,91.78,63.68,Possession,352,535,1
LA-01482,Power,Telangana,Nizamabad,5.0,146,74.22,83.43,98.77,3,2,1,37.16,83.18,100.0,90.0,Rehabilitation,558,565,0
LA-01483,Urban Development,Gujarat,Kutch,5.0,108,42.55,90.55,27.74,1,3,2,89.4,71.08,57.47,55.07,Notification,301,428,0
LA-01484,Industrial,Uttar Pradesh,Lucknow,31.57,107,85.98,100.0,75.58,2,3,3,34.03,53.64,66.2,85.36,Valuation,411,478,1
LA-01485,Urban Development,Telangana,Hyderabad,5.25,43,69.21,82.67,21.8,1,1,2,15.35,43.36,82.22,45.11,Possession,305,421,1
LA-01486,Industrial,Gujarat,Surat,9.3,111,56.81,100.0,68.74,1,3,2,42.52,74.83,87.63,86.31,Compensation,284,537,1
LA-01487,Industrial,Telangana,Nizamabad,9.37,6,37.32,62.31,73.21,1,2,0,98.16,67.2,62.08,68.54,Compensation,478,487,0
LA-01488,Industrial,Rajasthan,Udaipur,5.0,35,80.21,78.13,68.62,1,3,2,57.44,43.17,72.48,67.46,Compensation,354,505,1
LA-01489,Urban Development,Gujarat,Kutch,5.0,121,78.17,58.82,99.21,3,4,1,58.35,38.53,47.89,62.22,Valuation,254,532,0
LA-01490,Industrial,Uttar Pradesh,Lucknow,5.0,158,97.8,63.58,67.98,5,2,3,63.65,100.0,64.53,72.35,Possession,402,686,0
LA-01491,Highway,Rajasthan,Ajmer,19.23,89,100.0,100.0,20.35,2,3,6,35.28,23.35,55.43,72.06,Possession,477,465,1
LA-01492,Railway,Telangana,Karimnagar,5.0,94,99.54,37.51,62.03,1,4,1,88.49,86.22,83.46,81.51,Compensation,535,599,0
LA-01493,Industrial,Gujarat,Surat,5.64,35,73.16,71.29,70.38,0,2,0,83.37,66.77,66.33,68.92,Rehabilitation,249,511,0
LA-01494,Urban Development,Madhya Pradesh,Gwalior,7.62,34,58.19,100.0,77.83,1,4,1,85.95,80.08,100.0,87.4,Notification,211,453,0
LA-01495,Irrigation,Tamil Nadu,Coimbatore,8.18,136,57.33,100.0,49.75,3,1,0,74.14,75.93,72.49,69.17,Notification,571,654,0
LA-01496,Highway,Maharashtra,Aurangabad,25.84,89,51.94,73.11,88.08,1,1,3,41.59,54.64,77.51,77.75,Compensation,364,507,0
LA-01497,Highway,Telangana,Khammam,5.0,103,92.27,64.25,76.3,3,2,2,82.69,33.05,53.63,91.45,Possession,299,562,0
LA-01498,Railway,Telangana,Khammam,5.0,78,78.41,43.72,81.28,2,4,1,70.77,68.38,65.53,74.25,Rehabilitation,358,539,0
LA-01499,Highway,Rajasthan,Kota,5.0,127,89.66,69.86,47.77,1,7,6,46.05,62.78,85.09,75.22,Possession,302,493,0
LA-01500,Power,Rajasthan,Jodhpur,32.3,108,88.01,100.0,70.68,4,2,3,27.44,64.26,58.93,61.31,Valuation,453,585,1
LA-01501,Railway,Gujarat,Vadodara,5.0,157,88.7,53.67,50.52,7,0,2,9.39,79.89,53.64,55.89,Compensation,434,565,0
LA-01502,Irrigation,Uttar Pradesh,Agra,12.33,65,85.99,67.77,62.39,2,1,0,69.55,47.34,81.75,73.97,Valuation,489,517,0
LA-01503,Highway,Rajasthan,Jodhpur,26.86,127,60.11,87.86,39.64,3,2,2,66.45,50.87,59.68,66.99,Notification,514,575,1
LA-01504,Urban Development,Karnataka,Bengaluru,14.37,151,79.91,54.96,52.3,2,4,1,55.12,73.57,91.51,64.49,Rehabilitation,401,547,0
LA-01505,Industrial,Uttar Pradesh,Prayagraj,5.0,55,96.11,35.69,100.0,1,3,0,69.84,67.46,57.78,67.98,Notification,438,544,1
LA-01506,Urban Development,Uttar Pradesh,Kanpur,5.0,34,84.76,94.7,20.14,1,2,1,50.13,28.81,70.53,73.0,Valuation,283,498,1
LA-01507,Urban Development,Uttar Pradesh,Varanasi,5.32,17,83.88,43.22,80.36,1,3,0,70.65,49.55,69.41,67.45,Rehabilitation,213,372,1
LA-01508,Industrial,Maharashtra,Thane,13.1,80,73.41,61.56,63.75,0,4,1,53.51,78.34,68.12,62.14,Possession,463,494,1
LA-01509,Highway,Madhya Pradesh,Ujjain,5.0,11,59.34,85.16,57.29,1,2,0,100.0,79.06,91.57,63.39,Compensation,280,452,0
LA-01510,Urban Development,Madhya Pradesh,Indore,21.29,33,69.83,62.26,52.13,1,1,0,81.86,76.09,54.76,72.37,Valuation,289,456,0
LA-01511,Railway,Gujarat,Rajkot,14.56,145,40.61,53.33,39.41,5,0,3,73.41,72.03,84.23,64.56,Notification,551,568,1
LA-01512,Railway,Gujarat,Kutch,7.35,92,65.19,63.64,28.71,2,3,0,37.38,60.26,89.52,52.54,Possession,428,466,0
LA-01513,Irrigation,Tamil Nadu,Chennai,7.57,93,99.11,85.73,49.02,3,2,1,32.52,99.01,74.08,71.67,Notification,271,517,1
LA-01514,Highway,Telangana,Warangal,6.84,130,55.64,57.96,59.61,1,1,1,84.14,57.47,66.15,59.52,Valuation,311,542,0
LA-01515,Power,Karnataka,Mangaluru,14.05,121,70.01,37.01,22.13,1,1,1,57.14,81.1,15.48,41.99,Possession,578,515,1
LA-01516,Urban Development,Rajasthan,Udaipur,5.0,95,100.0,71.08,37.3,3,1,4,38.88,51.03,72.64,35.76,Possession,651,597,1
LA-01517,Irrigation,Gujarat,Ahmedabad,5.0,88,100.0,22.15,56.49,1,2,4,66.28,76.89,68.76,56.95,Compensation,476,570,0
LA-01518,Irrigation,Tamil Nadu,Salem,5.0,109,83.25,36.51,35.09,3,1,2,59.05,58.05,69.26,60.8,Notification,549,639,1
LA-01519,Industrial,Maharashtra,Nagpur,5.0,128,84.11,65.42,62.28,1,4,0,66.19,64.77,55.73,66.73,Rehabilitation,434,529,0
LA-01520,Railway,Maharashtra,Nagpur,5.94,108,65.19,80.16,66.49,5,3,2,58.61,43.17,17.86,64.79,Compensation,505,574,0
LA-01521,Urban Development,Telangana,Khammam,5.0,109,77.39,51.53,81.84,1,1,2,71.0,42.9,63.42,69.85,Valuation,366,545,1
LA-01522,Power,Madhya Pradesh,Ujjain,20.6,129,91.17,61.39,45.06,5,3,4,34.64,65.27,88.98,42.64,Notification,363,600,0
LA-01523,Highway,Maharashtra,Aurangabad,12.6,101,66.51,67.71,39.39,1,1,0,57.15,37.0,75.93,59.83,Possession,288,590,0
LA-01524,Power,Karnataka,Belagavi,11.29,22,87.85,87.92,43.11,0,4,1,54.33,71.73,51.14,64.83,Possession,382,484,1
LA-01525,Irrigation,Karnataka,Mangaluru,5.0,82,97.67,93.46,84.62,2,1,1,66.81,32.26,81.26,86.3,Possession,418,581,0
LA-01526,Urban Development,Tamil Nadu,Coimbatore,24.99,48,87.55,64.73,51.38,0,3,0,42.64,84.6,68.01,68.67,Possession,387,533,0
LA-01527,Urban Development,Uttar Pradesh,Prayagraj,11.85,1,57.82,100.0,59.9,0,0,2,83.42,76.57,78.21,74.52,Rehabilitation,263,500,0
LA-01528,Industrial,Rajasthan,Ajmer,23.48,19,68.72,56.69,64.91,2,3,0,59.5,70.67,50.53,69.11,Valuation,321,553,0
LA-01529,Power,Karnataka,Mysuru,12.86,99,67.77,51.68,57.1,6,2,1,44.77,47.74,76.37,53.76,Notification,660,694,0
LA-01530,Highway,Gujarat,Vadodara,8.12,123,71.93,40.67,64.46,1,4,2,23.86,83.83,83.99,64.97,Notification,472,487,0
LA-01531,Power,Madhya Pradesh,Ujjain,8.35,120,80.19,71.77,74.27,4,1,1,23.84,100.0,76.95,69.66,Rehabilitation,272,514,1
LA-01532,Industrial,Gujarat,Rajkot,5.0,64,100.0,90.58,72.49,2,4,0,48.79,86.24,52.68,87.0,Compensation,214,431,0
LA-01533,Urban Development,Madhya Pradesh,Indore,5.0,150,100.0,83.48,73.71,5,5,2,44.9,76.36,64.87,79.36,Valuation,366,603,1
LA-01534,Power,Karnataka,Hubballi,12.16,144,74.28,65.44,78.72,1,2,6,82.56,66.22,100.0,85.83,Notification,309,536,0
LA-01535,Irrigation,Karnataka,Mangaluru,5.0,57,72.06,51.25,40.83,0,0,0,67.65,71.45,45.5,37.2,Possession,406,450,0
LA-01536,Irrigation,Gujarat,Ahmedabad,5.0,75,56.31,18.99,52.43,0,2,2,22.48,71.43,67.43,51.67,Compensation,517,402,1
LA-01537,Irrigation,Telangana,Khammam,8.56,44,85.61,72.92,57.3,1,2,0,31.0,51.1,84.22,69.27,Possession,449,532,0
LA-01538,Highway,Rajasthan,Jodhpur,5.0,16,100.0,73.66,20.23,0,2,0,27.36,42.99,43.67,47.23,Compensation,223,354,1
LA-01539,Irrigation,Uttar Pradesh,Varanasi,5.51,13,76.02,63.84,68.06,0,1,0,64.04,87.24,60.96,59.84,Notification,259,412,0
LA-01540,Power,Rajasthan,Udaipur,5.0,175,81.7,93.64,41.68,3,3,2,60.28,80.32,55.47,53.56,Valuation,519,564,0
LA-01541,Power,Uttar Pradesh,Prayagraj,5.0,160,88.22,74.55,91.49,3,1,4,65.94,59.33,75.84,80.68,Compensation,360,568,0
LA-01542,Industrial,Telangana,Hyderabad,5.04,57,49.37,72.53,84.8,0,3,0,100.0,45.93,72.53,69.41,Possession,279,443,0
LA-01543,Irrigation,Tamil Nadu,Tiruchirappalli,5.0,67,100.0,73.67,72.71,0,4,1,61.49,70.1,60.32,66.66,Possession,354,564,0
LA-01544,Highway,Madhya Pradesh,Ujjain,5.0,74,52.68,70.27,37.85,3,6,2,20.38,49.06,48.11,58.52,Compensation,378,497,1
LA-01545,Irrigation,Maharashtra,Nashik,11.61,109,75.81,57.11,48.41,2,1,1,100.0,45.68,74.18,60.97,Compensation,457,619,0
LA-01546,Highway,Tamil Nadu,Salem,5.0,5,56.94,61.47,43.41,2,2,1,60.06,58.16,57.77,50.65,Possession,353,432,1
LA-01547,Railway,Telangana,Warangal,5.0,60,96.26,32.19,34.91,1,2,2,56.07,100.0,90.31,51.3,Possession,367,501,0
LA-01548,Highway,Karnataka,Hubballi,5.0,143,86.34,54.91,70.43,3,3,2,61.69,29.59,91.66,70.43,Notification,332,529,0
LA-01549,Irrigation,Telangana,Hyderabad,5.0,63,95.35,82.61,40.52,0,2,2,88.26,49.39,52.69,78.09,Rehabilitation,338,522,1
LA-01550,Railway,Tamil Nadu,Salem,5.0,71,55.39,37.7,35.0,2,2,0,72.07,87.02,71.31,58.12,Compensation,335,539,1
LA-01551,Railway,Karnataka,Mysuru,9.26,146,83.99,66.42,46.73,6,3,2,40.02,81.53,76.51,59.91,Notification,582,567,1
LA-01552,Irrigation,Gujarat,Surat,14.66,136,57.6,33.22,71.97,1,2,4,73.96,100.0,47.44,44.59,Notification,217,522,0
LA-01553,Industrial,Gujarat,Vadodara,8.59,79,66.97,80.8,59.78,6,4,0,63.38,53.38,82.19,62.72,Possession,494,587,0
LA-01554,Railway,Madhya Pradesh,Jabalpur,12.92,58,47.34,75.47,63.98,1,4,2,64.62,59.57,100.0,64.63,Rehabilitation,389,517,0
LA-01555,Power,Karnataka,Hubballi,5.0,10,99.0,55.59,72.89,1,3,0,56.99,62.27,79.42,72.67,Valuation,421,433,0
LA-01556,Highway,Rajasthan,Jodhpur,5.0,151,83.57,59.5,26.69,5,3,2,58.65,87.7,62.57,40.59,Notification,520,496,1
LA-01557,Industrial,Telangana,Khammam,17.85,78,54.17,27.95,42.47,0,3,3,65.75,86.87,67.53,38.29,Notification,466,593,1
LA-01558,Highway,Karnataka,Bengaluru,11.89,127,78.23,95.44,75.45,4,1,0,98.56,84.36,52.32,89.0,Possession,362,621,0
LA-01559,Highway,Tamil Nadu,Salem,9.79,8,50.7,71.22,58.75,0,4,1,52.37,69.65,37.9,51.33,Notification,574,463,1
LA-01560,Highway,Karnataka,Bengaluru,10.28,86,77.91,50.86,22.18,2,2,2,40.86,65.43,73.42,59.51,Possession,294,506,0
LA-01561,Irrigation,Madhya Pradesh,Jabalpur,12.83,35,97.65,62.93,100.0,1,2,1,61.65,53.3,81.75,71.6,Valuation,433,477,0
LA-01562,Railway,Karnataka,Hubballi,5.0,145,62.3,80.14,73.37,5,2,2,69.34,75.44,76.1,62.56,Possession,283,542,0
LA-01563,Irrigation,Uttar Pradesh,Lucknow,5.0,161,99.91,70.99,67.41,6,0,2,66.94,70.94,76.01,67.81,Compensation,414,586,1
LA-01564,Railway,Rajasthan,Kota,34.59,104,68.5,98.18,39.31,4,5,3,67.43,69.75,84.56,68.9,Notification,471,558,1
LA-01565,Highway,Maharashtra,Nashik,5.0,40,89.53,76.2,78.54,3,4,0,72.08,52.7,75.58,77.77,Possession,342,524,0
LA-01566,Irrigation,Tamil Nadu,Madurai,5.0,121,65.82,35.02,52.74,3,1,1,72.25,31.38,84.01,57.56,Valuation,447,517,1
LA-01567,Power,Karnataka,Mangaluru,28.75,112,71.29,64.86,70.45,3,5,2,53.56,84.26,40.58,49.55,Valuation,539,611,1
LA-01568,Railway,Maharashtra,Nagpur,5.0,199,95.87,54.51,80.59,3,1,6,42.14,63.42,78.26,69.81,Possession,236,508,0
LA-01569,Irrigation,Uttar Pradesh,Lucknow,13.9,63,53.68,100.0,57.6,2,0,1,84.1,92.12,69.54,79.04,Valuation,479,499,0
LA-01570,Highway,Uttar Pradesh,Lucknow,15.62,78,66.15,71.83,37.25,2,2,1,100.0,76.63,79.55,54.18,Notification,125,501,0
LA-01571,Industrial,Gujarat,Ahmedabad,10.19,169,66.12,73.98,67.27,5,3,1,99.98,51.77,80.07,65.84,Rehabilitation,415,665,0
LA-01572,Industrial,Rajasthan,Ajmer,7.97,109,72.04,56.03,81.73,1,3,2,67.35,63.07,100.0,81.48,Possession,441,518,0
LA-01573,Power,Uttar Pradesh,Prayagraj,17.94,26,100.0,88.88,99.3,0,2,1,86.65,67.04,65.98,83.56,Compensation,254,371,0
LA-01574,Irrigation,Tamil Nadu,Coimbatore,5.0,66,100.0,63.81,26.73,4,2,4,71.28,75.65,100.0,81.58,Possession,315,521,0
LA-01575,Highway,Uttar Pradesh,Prayagraj,11.82,44,81.65,90.5,44.84,0,1,1,27.83,72.64,100.0,71.39,Valuation,210,450,0
LA-01576,Highway,Uttar Pradesh,Lucknow,5.0,1,79.11,100.0,50.29,0,0,0,63.6,88.39,52.04,72.83,Rehabilitation,382,569,0
LA-01577,Irrigation,Uttar Pradesh,Varanasi,15.47,82,60.76,97.94,77.77,3,2,2,79.2,100.0,72.5,68.82,Valuation,324,587,0
LA-01578,Railway,Rajasthan,Ajmer,5.31,65,93.28,74.94,40.91,1,1,0,59.43,76.74,77.14,69.08,Compensation,367,436,0
LA-01579,Irrigation,Telangana,Warangal,7.75,21,74.67,46.13,74.6,0,4,0,49.68,25.06,97.37,74.18,Compensation,304,426,0
LA-01580,Irrigation,Uttar Pradesh,Varanasi,5.0,82,87.56,65.02,68.43,2,1,1,38.62,44.44,68.96,65.88,Notification,300,529,0
LA-01581,Highway,Uttar Pradesh,Lucknow,5.12,119,88.6,68.11,36.22,5,2,2,87.76,35.77,78.57,84.0,Compensation,332,544,1
LA-01582,Industrial,Uttar Pradesh,Kanpur,10.22,66,65.4,67.88,91.89,2,3,1,22.41,68.41,69.48,72.83,Compensation,289,559,1
LA-01583,Irrigation,Rajasthan,Ajmer,8.49,90,74.12,94.95,74.68,6,2,3,96.31,70.72,68.75,87.49,Notification,487,696,0
LA-01584,Industrial,Maharashtra,Nagpur,5.0,45,99.85,58.68,68.75,2,1,1,45.8,34.41,55.8,65.33,Possession,628,496,0
LA-01585,Power,Maharashtra,Nagpur,11.18,136,100.0,83.02,84.54,5,0,3,29.17,100.0,65.86,53.44,Possession,532,606,0
LA-01586,Industrial,Telangana,Khammam,15.15,64,89.95,62.46,56.8,2,1,1,44.56,51.42,100.0,61.54,Rehabilitation,354,479,1
LA-01587,Railway,Madhya Pradesh,Ujjain,15.84,1,100.0,100.0,87.94,1,4,0,9.55,84.57,88.97,80.05,Valuation,357,408,0
LA-01588,Industrial,Telangana,Hyderabad,25.7,57,68.92,65.83,58.67,2,2,2,40.15,79.73,75.9,59.91,Compensation,335,546,1
LA-01589,Railway,Telangana,Karimnagar,9.59,101,100.0,74.93,77.89,2,4,2,62.25,43.7,50.21,75.95,Possession,400,714,0
LA-01590,Irrigation,Madhya Pradesh,Bhopal,5.02,1,92.26,62.54,51.97,0,4,0,78.07,65.14,54.23,61.35,Notification,400,510,1
LA-01591,Power,Uttar Pradesh,Lucknow,7.23,118,80.88,76.08,96.57,2,1,1,48.2,69.94,80.18,67.66,Possession,421,508,0
LA-01592,Urban Development,Uttar Pradesh,Agra,17.65,78,80.28,96.03,45.42,1,2,0,51.82,70.82,76.76,67.42,Possession,407,532,0
LA-01593,Highway,Uttar Pradesh,Kanpur,9.8,102,76.06,82.64,49.49,5,0,0,75.62,85.07,100.0,68.28,Compensation,504,535,0
LA-01594,Industrial,Maharashtra,Thane,8.47,118,57.86,73.57,57.19,0,2,3,39.53,69.7,65.54,64.11,Notification,333,530,1
LA-01595,Power,Telangana,Nizamabad,7.27,86,89.25,65.14,47.69,0,1,2,15.37,85.12,90.01,47.51,Rehabilitation,484,473,0
LA-01596,Power,Gujarat,Ahmedabad,22.26,107,89.23,92.72,47.43,2,2,3,50.65,67.23,78.29,79.97,Valuation,337,534,1
LA-01597,Railway,Gujarat,Surat,5.0,94,97.23,77.35,96.31,1,5,0,56.4,60.13,60.99,95.57,Valuation,356,543,0
LA-01598,Industrial,Karnataka,Belagavi,5.0,59,80.72,100.0,61.11,0,1,2,75.01,69.17,73.47,63.12,Possession,251,480,0
LA-01599,Urban Development,Uttar Pradesh,Kanpur,11.52,95,86.96,60.17,60.87,0,3,1,72.13,87.75,90.11,72.03,Valuation,567,561,0
LA-01600,Power,Tamil Nadu,Madurai,5.0,97,88.14,49.35,73.28,2,3,4,54.8,81.67,71.06,57.56,Possession,475,575,0
LA-01601,Power,Karnataka,Belagavi,22.16,113,100.0,74.6,97.27,0,1,4,88.96,62.71,100.0,100.0,Compensation,284,642,0
LA-01602,Highway,Gujarat,Kutch,5.0,19,73.43,69.9,72.16,1,2,0,67.66,53.35,90.38,57.58,Possession,357,603,0
LA-01603,Industrial,Rajasthan,Kota,5.0,47,92.85,81.33,83.26,0,2,1,92.21,100.0,83.9,86.51,Notification,268,516,0
LA-01604,Irrigation,Gujarat,Ahmedabad,7.22,10,71.11,37.71,41.1,2,4,0,45.33,62.59,49.72,52.66,Possession,468,506,0
LA-01605,Irrigation,Maharashtra,Nagpur,11.21,51,76.65,59.37,50.2,1,3,0,64.56,86.34,65.82,62.48,Notification,440,565,0
LA-01606,Railway,Telangana,Khammam,5.0,102,55.78,100.0,97.35,3,3,3,73.13,56.36,49.61,87.33,Rehabilitation,347,595,0
LA-01607,Power,Tamil Nadu,Salem,5.65,180,98.26,84.62,71.04,2,1,2,59.69,67.49,58.83,78.95,Rehabilitation,388,554,1
LA-01608,Industrial,Telangana,Khammam,5.0,66,50.87,100.0,54.62,1,6,0,72.36,100.0,58.25,58.24,Valuation,345,472,0
LA-01609,Power,Rajasthan,Udaipur,5.33,157,72.93,78.23,27.52,4,0,2,33.54,30.95,92.18,44.2,Valuation,620,734,0
LA-01610,Railway,Telangana,Nizamabad,5.0,34,93.99,75.02,70.43,0,3,0,38.58,17.05,72.03,77.62,Rehabilitation,435,534,0
LA-01611,Railway,Karnataka,Mysuru,5.0,127,89.63,77.13,78.28,2,3,5,89.68,60.59,57.63,85.35,Valuation,341,485,0
LA-01612,Highway,Maharashtra,Pune,51.93,93,87.11,86.7,84.54,4,3,1,87.46,87.9,77.36,89.15,Valuation,467,723,0
LA-01613,Power,Uttar Pradesh,Varanasi,13.25,88,66.85,63.45,57.1,2,6,1,28.52,85.95,71.89,54.26,Valuation,646,567,0
LA-01614,Highway,Rajasthan,Udaipur,7.26,125,82.16,79.46,59.79,3,2,5,85.25,36.05,57.77,74.89,Rehabilitation,577,634,0
LA-01615,Power,Telangana,Khammam,12.07,69,92.75,52.36,40.79,1,2,1,54.23,41.83,63.2,72.01,Valuation,296,484,1
LA-01616,Industrial,Telangana,Khammam,5.0,42,60.71,62.41,49.92,0,0,1,34.28,83.32,71.2,49.97,Rehabilitation,601,537,0
LA-01617,Industrial,Tamil Nadu,Coimbatore,5.0,39,75.09,100.0,100.0,0,5,0,82.91,54.83,65.59,82.14,Valuation,301,468,0
LA-01618,Industrial,Gujarat,Kutch,9.36,47,100.0,42.57,86.18,0,1,1,10.02,45.08,87.46,67.26,Rehabilitation,319,400,0
LA-01619,Power,Madhya Pradesh,Ujjain,22.22,157,87.75,52.22,42.67,5,4,2,91.87,57.86,100.0,75.34,Compensation,510,584,1
LA-01620,Industrial,Tamil Nadu,Chennai,6.7,111,78.91,68.19,98.26,2,3,2,19.22,68.85,45.45,70.69,Notification,367,631,0
LA-01621,Urban Development,Uttar Pradesh,Agra,7.13,24,89.53,95.05,70.98,0,1,0,71.74,94.92,77.28,66.46,Notification,330,565,0
LA-01622,Urban Development,Uttar Pradesh,Lucknow,17.53,130,66.91,55.82,64.37,6,1,2,62.04,70.66,72.31,75.65,Valuation,278,522,0
LA-01623,Power,Karnataka,Belagavi,13.27,148,92.44,89.78,52.61,6,1,2,73.13,73.69,84.99,60.5,Possession,357,578,1
LA-01624,Highway,Maharashtra,Nashik,5.0,107,93.41,90.36,63.89,1,2,2,55.28,41.84,46.57,71.91,Rehabilitation,366,579,0
LA-01625,Power,Maharashtra,Thane,5.0,87,58.92,44.95,37.77,0,3,2,72.38,68.69,45.3,36.06,Possession,438,565,1
LA-01626,Irrigation,Gujarat,Rajkot,5.0,40,100.0,83.36,47.51,1,4,0,31.24,89.3,83.0,52.18,Possession,293,503,1
LA-01627,Highway,Uttar Pradesh,Varanasi,5.0,44,69.51,77.78,98.57,1,1,1,48.78,60.84,85.92,67.26,Possession,364,457,0
LA-01628,Industrial,Tamil Nadu,Salem,5.0,1,69.15,36.03,45.96,1,4,0,47.02,53.81,100.0,68.26,Compensation,476,513,1
LA-01629,Irrigation,Karnataka,Mysuru,5.0,69,57.97,79.5,42.9,4,3,0,60.81,73.97,88.24,63.6,Notification,329,449,1
LA-01630,Power,Karnataka,Mangaluru,6.57,22,62.85,100.0,100.0,1,2,0,72.35,93.59,73.54,83.95,Compensation,272,502,0
LA-01631,Highway,Uttar Pradesh,Prayagraj,8.34,154,88.46,38.03,43.86,3,5,3,36.19,76.7,47.74,44.52,Valuation,554,575,1
LA-01632,Urban Development,Gujarat,Rajkot,7.39,81,71.47,73.66,89.88,0,4,0,88.06,75.84,46.54,69.82,Possession,333,616,0
LA-01633,Highway,Karnataka,Belagavi,18.19,81,86.88,50.99,78.55,1,2,1,66.27,50.82,42.63,62.59,Notification,433,414,0
LA-01634,Railway,Maharashtra,Nagpur,5.0,129,60.58,42.47,64.94,3,6,1,73.12,51.29,97.34,63.26,Compensation,530,651,0
LA-01635,Railway,Karnataka,Hubballi,5.0,104,82.08,66.16,71.45,2,4,1,43.1,33.41,72.06,52.07,Compensation,374,537,0
LA-01636,Highway,Maharashtra,Thane,24.69,146,91.55,34.51,58.93,2,2,2,34.07,42.64,69.44,63.32,Valuation,494,617,1
LA-01637,Urban Development,Rajasthan,Udaipur,14.55,52,52.8,54.96,52.27,2,3,1,34.02,72.75,88.3,49.36,Compensation,250,507,1
LA-01638,Railway,Karnataka,Mysuru,5.87,81,83.43,44.65,37.71,4,4,2,19.26,64.78,77.19,45.58,Rehabilitation,556,628,1
LA-01639,Railway,Gujarat,Rajkot,10.49,115,48.96,75.64,46.54,1,3,3,69.52,58.09,65.1,77.66,Notification,401,553,1
LA-01640,Railway,Rajasthan,Udaipur,5.0,160,100.0,60.07,69.29,0,2,2,45.08,76.61,53.25,70.99,Rehabilitation,436,487,0
LA-01641,Industrial,Madhya Pradesh,Gwalior,5.0,96,80.12,59.36,82.11,2,5,1,55.69,70.28,95.63,66.35,Valuation,329,520,1
LA-01642,Railway,Tamil Nadu,Chennai,6.15,21,92.91,61.08,44.9,0,3,1,100.0,44.94,57.9,78.92,Compensation,207,515,0
LA-01643,Highway,Gujarat,Surat,5.71,126,65.11,91.53,66.79,1,4,4,100.0,49.78,83.42,70.16,Rehabilitation,429,504,1
LA-01644,Industrial,Uttar Pradesh,Agra,13.92,125,84.56,45.23,100.0,1,3,0,84.69,61.92,47.84,59.23,Rehabilitation,436,481,0
LA-01645,Power,Madhya Pradesh,Gwalior,7.11,25,77.6,85.46,100.0,1,1,0,33.89,47.59,56.57,60.98,Rehabilitation,450,515,0
LA-01646,Industrial,Karnataka,Mysuru,5.0,151,83.91,71.3,93.63,2,3,2,69.21,77.55,69.34,76.36,Possession,374,497,0
LA-01647,Industrial,Gujarat,Rajkot,17.47,54,79.39,68.72,48.56,0,2,2,0.0,27.59,50.95,65.28,Rehabilitation,328,344,0
LA-01648,Industrial,Tamil Nadu,Tiruchirappalli,22.9,108,72.39,39.81,71.23,3,4,1,50.34,53.12,75.31,56.81,Notification,329,552,1
LA-01649,Highway,Tamil Nadu,Salem,6.22,83,85.91,89.33,86.92,1,1,1,54.31,77.39,88.42,70.51,Possession,502,508,0
LA-01650,Power,Karnataka,Hubballi,5.0,56,55.34,64.35,61.95,0,0,1,32.84,38.61,48.3,57.62,Compensation,410,455,1
LA-01651,Irrigation,Maharashtra,Nagpur,8.79,92,74.22,88.1,65.29,1,2,1,48.33,27.87,82.28,72.03,Possession,203,486,0
LA-01652,Industrial,Uttar Pradesh,Kanpur,21.01,141,81.77,43.37,68.37,3,5,1,72.37,79.75,55.13,58.39,Possession,163,458,1
LA-01653,Railway,Tamil Nadu,Coimbatore,11.51,64,54.95,67.93,53.4,1,4,0,36.59,83.45,95.09,53.4,Compensation,455,500,0
LA-01654,Urban Development,Gujarat,Ahmedabad,7.25,49,91.49,54.82,45.78,0,2,1,68.9,92.28,82.24,50.83,Notification,336,416,0
LA-01655,Highway,Telangana,Hyderabad,37.24,154,90.32,53.34,90.21,4,2,1,79.59,96.85,93.93,73.94,Possession,547,689,0
LA-01656,Highway,Uttar Pradesh,Agra,5.0,50,73.97,57.09,56.69,5,1,0,53.84,76.33,52.69,56.57,Valuation,369,596,0
LA-01657,Power,Karnataka,Hubballi,5.0,49,78.8,100.0,91.49,0,6,1,33.76,56.6,85.97,83.15,Valuation,242,517,0
LA-01658,Highway,Gujarat,Kutch,5.35,56,44.79,47.99,69.39,1,2,1,51.68,62.72,76.06,61.99,Notification,397,495,1
LA-01659,Highway,Madhya Pradesh,Ujjain,5.0,119,64.06,71.79,47.99,1,1,4,45.09,79.58,66.49,63.92,Notification,275,616,1
LA-01660,Power,Maharashtra,Pune,10.58,64,77.25,27.1,84.11,1,2,1,14.99,36.55,62.02,55.97,Possession,207,485,1
LA-01661,Railway,Telangana,Khammam,5.37,64,92.48,78.64,57.0,1,4,2,33.2,29.75,78.09,70.26,Valuation,419,540,0
LA-01662,Highway,Rajasthan,Kota,27.99,82,63.03,52.26,94.74,3,1,1,33.41,57.05,71.38,67.79,Compensation,554,669,0
LA-01663,Industrial,Maharashtra,Aurangabad,46.09,119,60.07,100.0,47.87,1,2,1,41.46,76.18,82.07,73.17,Compensation,423,554,0
LA-01664,Industrial,Tamil Nadu,Madurai,5.0,124,100.0,80.02,49.1,6,2,1,32.35,100.0,100.0,74.62,Valuation,516,646,0
LA-01665,Highway,Karnataka,Bengaluru,5.0,82,70.33,63.71,55.84,2,3,2,16.07,73.74,77.62,48.06,Rehabilitation,320,452,1
LA-01666,Industrial,Tamil Nadu,Chennai,21.19,56,68.21,58.12,50.06,2,4,3,52.61,66.7,65.88,51.95,Compensation,364,508,0
LA-01667,Irrigation,Rajasthan,Udaipur,5.12,38,62.95,49.25,35.6,1,1,0,43.11,53.93,53.28,49.91,Notification,328,448,1
LA-01668,Industrial,Madhya Pradesh,Ujjain,25.86,153,42.22,72.28,56.55,1,0,5,74.96,76.4,75.58,66.53,Rehabilitation,247,460,1
LA-01669,Railway,Uttar Pradesh,Lucknow,18.88,153,78.29,76.48,100.0,3,3,4,100.0,100.0,54.34,79.05,Valuation,413,624,0
LA-01670,Urban Development,Telangana,Warangal,18.02,54,73.59,52.03,22.74,1,2,5,100.0,65.0,93.58,68.18,Possession,247,447,1
LA-01671,Power,Maharashtra,Aurangabad,15.42,94,61.97,68.74,60.49,4,2,3,49.43,75.76,89.57,74.53,Compensation,400,513,0
LA-01672,Highway,Gujarat,Ahmedabad,5.8,45,72.27,69.88,93.0,1,4,0,61.68,24.58,61.34,75.69,Notification,489,462,1
LA-01673,Urban Development,Karnataka,Belagavi,7.71,83,100.0,85.67,30.11,1,3,1,35.63,59.62,65.24,47.93,Notification,532,616,1
LA-01674,Industrial,Rajasthan,Jaipur,8.4,74,100.0,64.39,69.47,4,1,4,65.44,65.99,60.62,71.93,Notification,280,539,0
LA-01675,Power,Telangana,Nizamabad,6.69,56,62.93,53.65,40.29,3,4,2,54.25,95.56,90.12,45.05,Valuation,238,541,1
LA-01676,Power,Tamil Nadu,Salem,11.53,77,37.52,71.61,55.04,0,4,1,80.68,28.28,76.12,50.27,Possession,454,505,0
LA-01677,Highway,Uttar Pradesh,Varanasi,23.93,84,48.71,53.52,20.92,2,4,1,41.32,64.8,66.65,37.78,Rehabilitation,632,591,0
LA-01678,Industrial,Maharashtra,Thane,5.0,80,67.55,68.89,41.47,1,1,2,41.17,78.29,52.17,57.26,Valuation,461,568,1
LA-01679,Highway,Telangana,Karimnagar,11.7,116,61.15,73.15,63.86,4,2,3,67.38,39.52,81.89,65.09,Notification,334,597,1
LA-01680,Urban Development,Tamil Nadu,Madurai,13.2,162,65.22,30.85,62.41,4,2,4,50.12,49.64,61.81,44.16,Compensation,449,614,1
LA-01681,Industrial,Gujarat,Ahmedabad,11.11,111,100.0,83.91,100.0,1,1,1,60.68,46.03,59.41,89.87,Compensation,220,572,0
LA-01682,Urban Development,Tamil Nadu,Chennai,17.13,30,72.73,68.74,12.07,1,3,2,93.32,43.23,67.41,45.07,Rehabilitation,293,324,1
LA-01683,Irrigation,Madhya Pradesh,Bhopal,8.15,75,83.15,78.98,27.0,3,2,1,29.16,56.24,74.8,59.0,Possession,402,509,1
LA-01684,Highway,Telangana,Warangal,23.53,74,72.13,31.42,85.19,1,2,2,72.58,82.16,99.85,82.04,Compensation,358,556,0
LA-01685,Power,Telangana,Hyderabad,5.0,1,98.66,94.7,63.16,0,4,0,50.14,41.52,58.02,80.96,Compensation,393,552,0
LA-01686,Industrial,Maharashtra,Aurangabad,6.75,1,86.54,69.64,90.14,0,1,2,78.24,74.64,65.49,79.74,Valuation,261,408,0
LA-01687,Railway,Gujarat,Surat,19.92,75,69.3,61.59,21.5,4,2,2,31.13,47.2,59.01,30.64,Notification,498,458,1
LA-01688,Power,Madhya Pradesh,Gwalior,7.06,107,100.0,72.03,69.2,2,5,1,53.99,63.96,82.05,65.0,Rehabilitation,566,596,0
LA-01689,Highway,Karnataka,Belagavi,7.32,48,62.19,35.66,57.15,0,6,2,81.46,98.41,86.59,63.98,Possession,372,396,1
LA-01690,Industrial,Gujarat,Ahmedabad,11.44,30,70.95,70.73,44.23,1,2,0,65.23,45.12,40.88,50.85,Compensation,397,530,1
LA-01691,Highway,Tamil Nadu,Chennai,37.04,102,73.8,86.63,76.55,0,2,2,53.8,88.58,57.5,78.74,Rehabilitation,457,602,1
LA-01692,Highway,Madhya Pradesh,Ujjain,13.68,81,92.46,78.37,53.59,1,1,3,33.59,57.99,94.54,58.64,Rehabilitation,338,591,1
LA-01693,Power,Rajasthan,Ajmer,5.0,162,59.78,53.42,75.78,3,3,4,45.58,64.43,56.59,58.25,Valuation,367,669,0
LA-01694,Highway,Gujarat,Surat,5.2,96,59.43,100.0,57.92,2,2,0,48.5,78.57,84.93,70.84,Rehabilitation,236,545,0
LA-01695,Power,Gujarat,Vadodara,5.0,113,91.0,82.46,32.61,1,4,1,100.0,68.25,100.0,76.61,Possession,414,514,0
LA-01696,Highway,Madhya Pradesh,Bhopal,12.27,91,80.12,48.94,86.8,2,1,1,71.39,44.37,95.98,67.08,Notification,412,492,1
LA-01697,Railway,Gujarat,Rajkot,5.0,69,85.65,8.38,50.37,0,1,2,63.96,88.85,59.22,47.98,Notification,453,536,1
LA-01698,Industrial,Rajasthan,Ajmer,5.72,37,100.0,100.0,38.81,0,1,1,39.48,21.84,69.19,54.94,Notification,479,459,0
LA-01699,Highway,Maharashtra,Aurangabad,5.0,166,52.29,100.0,61.96,5,5,2,81.53,34.93,47.36,63.34,Possession,344,558,1
LA-01700,Urban Development,Madhya Pradesh,Indore,23.13,83,72.91,81.64,69.55,3,0,2,63.34,66.38,60.28,87.18,Valuation,279,608,0
LA-01701,Industrial,Tamil Nadu,Salem,5.0,105,40.86,79.18,72.79,4,2,1,18.62,68.74,70.62,56.72,Compensation,380,543,1
LA-01702,Highway,Rajasthan,Kota,5.0,103,46.26,91.31,52.39,0,1,2,57.15,79.16,84.18,60.62,Valuation,325,479,0
LA-01703,Highway,Rajasthan,Kota,7.84,23,80.25,69.58,39.74,0,5,1,27.4,57.98,77.45,67.07,Notification,354,505,0
LA-01704,Highway,Karnataka,Mysuru,6.1,97,70.09,61.09,51.54,0,4,0,95.26,68.91,47.23,62.26,Rehabilitation,362,415,0
LA-01705,Railway,Tamil Nadu,Tiruchirappalli,7.4,137,90.77,41.34,66.44,5,2,1,72.03,51.75,62.8,59.53,Valuation,465,631,1
LA-01706,Industrial,Madhya Pradesh,Ujjain,9.3,133,84.35,64.1,76.3,5,0,3,43.98,62.01,76.02,73.21,Notification,469,574,0
LA-01707,Railway,Maharashtra,Thane,7.07,76,88.03,56.64,65.56,2,3,0,62.13,49.16,60.44,55.99,Rehabilitation,508,517,1
LA-01708,Railway,Gujarat,Vadodara,16.25,68,67.72,79.81,82.72,1,2,3,48.67,67.11,33.0,65.34,Notification,510,658,1
LA-01709,Highway,Gujarat,Surat,11.83,40,90.23,100.0,62.41,1,4,0,69.67,54.22,66.98,82.06,Notification,362,426,0
LA-01710,Power,Karnataka,Belagavi,5.76,136,73.54,81.43,55.05,4,4,2,82.32,69.81,77.88,80.97,Rehabilitation,337,484,1
LA-01711,Power,Rajasthan,Jodhpur,5.0,48,90.07,95.89,77.4,1,4,1,45.44,86.99,100.0,69.56,Valuation,381,552,0
LA-01712,Power,Karnataka,Mangaluru,42.78,213,98.54,53.83,75.35,6,3,5,44.74,76.53,67.18,65.75,Rehabilitation,599,769,1
LA-01713,Industrial,Madhya Pradesh,Bhopal,10.41,147,100.0,48.77,35.46,11,3,4,62.47,84.31,59.21,45.48,Possession,524,626,1
LA-01714,Power,Gujarat,Kutch,5.0,82,43.3,52.91,78.95,3,1,0,41.98,41.95,79.53,62.47,Valuation,479,564,0
LA-01715,Power,Uttar Pradesh,Prayagraj,5.0,137,76.45,51.29,67.21,4,5,1,77.89,49.76,100.0,74.31,Notification,430,496,1
LA-01716,Power,Karnataka,Hubballi,11.94,87,43.86,86.22,56.55,3,1,3,31.07,74.65,48.17,55.31,Rehabilitation,542,623,1
LA-01717,Highway,Madhya Pradesh,Bhopal,5.0,123,78.93,62.68,78.25,1,3,1,48.46,100.0,45.77,54.94,Notification,382,582,1
LA-01718,Urban Development,Maharashtra,Thane,18.18,84,93.31,59.89,81.63,2,1,0,70.55,34.52,53.89,75.83,Compensation,205,533,0
LA-01719,Urban Development,Madhya Pradesh,Gwalior,5.0,59,83.3,87.63,45.64,3,2,0,71.1,57.48,78.32,69.39,Valuation,392,573,0
LA-01720,Irrigation,Gujarat,Surat,9.57,33,66.02,91.68,44.44,4,1,1,44.26,48.77,100.0,70.05,Notification,476,550,0
LA-01721,Railway,Uttar Pradesh,Varanasi,10.07,53,38.26,81.44,93.53,1,5,3,73.37,81.19,87.03,72.16,Valuation,257,469,0
LA-01722,Railway,Gujarat,Ahmedabad,5.0,119,81.48,56.37,46.52,1,3,1,85.76,76.92,64.82,62.46,Compensation,251,490,1
LA-01723,Irrigation,Madhya Pradesh,Gwalior,11.3,32,73.71,30.53,60.43,2,0,0,63.61,54.31,64.81,52.69,Compensation,498,496,1
LA-01724,Irrigation,Uttar Pradesh,Lucknow,12.25,107,100.0,50.22,64.92,1,1,4,31.3,67.58,87.74,68.08,Notification,299,537,0
LA-01725,Power,Gujarat,Kutch,5.0,79,84.14,85.4,82.97,1,3,3,85.22,41.08,55.94,74.35,Valuation,316,508,1
LA-01726,Railway,Gujarat,Vadodara,5.0,102,81.74,99.73,82.09,2,3,2,44.66,81.45,57.15,83.58,Possession,183,548,1
LA-01727,Highway,Maharashtra,Nashik,6.34,90,93.15,100.0,75.02,0,2,2,60.06,74.72,85.67,88.89,Rehabilitation,423,532,0
LA-01728,Urban Development,Tamil Nadu,Salem,32.33,129,70.49,77.33,21.62,5,3,3,79.9,46.8,43.13,43.43,Valuation,571,552,1
LA-01729,Power,Tamil Nadu,Coimbatore,9.81,39,87.02,26.55,37.59,1,2,0,100.0,70.35,48.89,54.34,Notification,558,461,1
LA-01730,Irrigation,Madhya Pradesh,Indore,5.94,99,80.67,47.33,56.7,2,4,2,64.06,70.13,70.59,52.16,Valuation,416,459,0
LA-01731,Power,Telangana,Warangal,7.12,122,81.57,72.8,62.86,4,1,1,26.93,54.77,90.24,57.19,Rehabilitation,533,649,1
LA-01732,Railway,Maharashtra,Aurangabad,20.1,43,45.75,71.52,75.75,1,1,2,89.17,80.14,36.49,70.1,Possession,275,416,0
LA-01733,Industrial,Gujarat,Vadodara,8.05,61,69.69,45.07,35.84,0,5,2,7.69,52.17,74.87,44.51,Valuation,394,431,1
LA-01734,Railway,Uttar Pradesh,Kanpur,10.68,143,69.96,72.42,39.38,6,4,0,51.35,88.33,49.74,51.29,Rehabilitation,512,619,1
LA-01735,Irrigation,Rajasthan,Udaipur,21.72,98,57.74,83.5,44.46,1,6,2,43.92,21.65,54.81,57.76,Valuation,611,627,0
LA-01736,Power,Tamil Nadu,Madurai,6.39,68,74.46,100.0,78.86,0,3,0,26.23,63.11,55.52,82.08,Valuation,272,486,0
LA-01737,Irrigation,Rajasthan,Jaipur,14.05,135,50.72,41.66,74.34,2,4,4,44.69,74.7,74.05,56.7,Possession,402,552,1
LA-01738,Highway,Karnataka,Mysuru,5.0,82,70.07,90.31,76.18,1,0,2,41.35,64.2,51.64,83.32,Notification,461,486,1
LA-01739,Industrial,Uttar Pradesh,Varanasi,6.42,147,69.65,81.93,47.54,1,3,5,68.4,42.76,84.41,60.56,Valuation,412,515,1
LA-01740,Irrigation,Madhya Pradesh,Jabalpur,5.0,52,96.06,49.31,73.82,0,7,2,17.51,78.09,61.43,62.69,Possession,398,419,0
LA-01741,Railway,Rajasthan,Ajmer,5.0,57,98.33,64.39,69.61,0,0,1,70.03,54.7,98.08,75.94,Possession,213,459,1
LA-01742,Railway,Maharashtra,Aurangabad,10.29,131,100.0,58.36,1.33,2,1,3,61.68,31.64,46.0,55.07,Possession,349,507,0
LA-01743,Industrial,Madhya Pradesh,Ujjain,11.44,163,100.0,38.07,34.36,3,2,0,71.55,65.66,67.65,60.56,Rehabilitation,285,538,1
LA-01744,Industrial,Karnataka,Bengaluru,14.41,102,63.7,85.35,53.52,2,5,0,42.93,100.0,38.81,55.08,Rehabilitation,447,536,1
LA-01745,Power,Madhya Pradesh,Bhopal,5.0,98,62.46,43.85,52.62,0,4,0,78.07,33.15,76.32,53.43,Compensation,443,569,1
LA-01746,Industrial,Madhya Pradesh,Ujjain,5.0,93,64.59,61.95,74.19,2,5,2,100.0,42.86,68.91,74.34,Valuation,260,456,1
LA-01747,Urban Development,Gujarat,Vadodara,11.27,59,77.45,34.27,89.46,2,5,0,13.21,80.56,78.36,61.32,Notification,362,546,0
LA-01748,Highway,Uttar Pradesh,Prayagraj,18.72,107,80.93,97.74,81.82,3,3,0,48.84,89.77,77.05,65.96,Notification,329,526,0
LA-01749,Industrial,Telangana,Karimnagar,5.0,76,75.42,68.77,62.62,2,7,0,35.86,34.73,76.49,58.86,Notification,359,495,0
LA-01750,Industrial,Uttar Pradesh,Kanpur,14.35,187,83.76,86.74,51.0,2,2,3,83.43,74.7,93.28,62.73,Notification,644,685,0
LA-01751,Urban Development,Gujarat,Vadodara,5.0,107,98.68,59.06,90.32,2,3,2,60.1,73.01,43.61,88.96,Valuation,353,600,1
LA-01752,Railway,Tamil Nadu,Madurai,5.4,89,51.38,72.75,42.11,1,3,0,58.06,71.82,51.69,55.5,Valuation,410,457,1
LA-01753,Power,Maharashtra,Pune,5.55,62,55.02,84.52,54.57,0,5,0,2.89,100.0,31.23,40.58,Rehabilitation,528,417,0
LA-01754,Power,Karnataka,Mysuru,5.06,44,88.11,69.59,44.72,3,4,2,33.19,71.93,100.0,64.17,Rehabilitation,383,492,0
LA-01755,Urban Development,Gujarat,Vadodara,7.1,99,69.28,74.41,65.76,3,3,2,83.21,84.36,86.53,74.24,Rehabilitation,265,476,1
LA-01756,Railway,Telangana,Warangal,6.81,79,52.28,63.43,41.8,1,4,1,82.57,50.82,71.36,74.94,Compensation,411,492,1
LA-01757,Power,Uttar Pradesh,Lucknow,19.79,116,76.76,81.32,79.13,4,0,2,50.01,90.75,83.12,71.69,Notification,442,625,0
LA-01758,Industrial,Tamil Nadu,Tiruchirappalli,10.53,51,98.54,73.96,61.8,1,3,0,91.09,89.79,73.22,83.54,Notification,297,465,0
LA-01759,Irrigation,Telangana,Nizamabad,11.19,10,87.34,55.5,41.26,0,3,2,42.51,85.03,57.87,44.98,Possession,250,362,0
LA-01760,Urban Development,Madhya Pradesh,Indore,7.12,69,71.13,44.19,63.49,4,5,0,56.99,47.82,75.77,63.87,Possession,270,483,0
LA-01761,Irrigation,Gujarat,Kutch,5.22,120,52.01,48.77,78.84,5,2,1,58.25,64.18,64.98,66.89,Compensation,443,574,1
LA-01762,Highway,Maharashtra,Aurangabad,5.04,49,55.68,61.84,100.0,0,5,0,57.71,80.92,66.29,78.41,Compensation,527,435,0
LA-01763,Industrial,Gujarat,Rajkot,5.0,53,100.0,100.0,75.02,0,4,1,68.42,81.35,87.7,79.85,Compensation,427,536,0
LA-01764,Railway,Maharashtra,Thane,5.0,77,78.76,59.2,77.55,1,1,1,81.65,67.64,75.42,79.57,Valuation,123,494,0
LA-01765,Railway,Tamil Nadu,Coimbatore,6.58,1,97.12,40.08,54.95,0,6,1,65.18,99.47,60.91,75.71,Possession,262,477,0
LA-01766,Highway,Uttar Pradesh,Prayagraj,5.0,86,69.49,47.93,65.36,1,4,4,51.24,72.22,58.83,52.76,Valuation,399,498,0
LA-01767,Power,Madhya Pradesh,Jabalpur,9.87,80,76.77,48.33,23.03,3,7,0,81.31,53.98,48.79,47.31,Compensation,435,512,1
LA-01768,Irrigation,Telangana,Nizamabad,5.0,110,83.85,60.48,67.4,5,4,1,76.96,61.19,76.75,74.16,Notification,349,607,1
LA-01769,Highway,Tamil Nadu,Madurai,14.52,46,58.31,51.15,60.12,1,2,2,99.26,63.48,58.05,60.23,Rehabilitation,461,513,1
LA-01770,Industrial,Maharashtra,Aurangabad,6.1,126,88.68,42.02,58.26,3,1,0,10.1,86.01,100.0,46.57,Possession,336,580,0
LA-01771,Power,Karnataka,Belagavi,7.32,105,66.3,85.6,79.47,3,1,2,89.7,56.24,73.96,72.39,Possession,89,464,0
LA-01772,Irrigation,Maharashtra,Nashik,5.0,106,81.35,95.53,96.69,3,1,3,41.75,85.67,79.75,87.48,Rehabilitation,308,533,0
LA-01773,Highway,Maharashtra,Aurangabad,20.68,64,70.2,94.53,48.82,2,5,2,67.71,28.48,83.85,70.68,Valuation,409,491,1
LA-01774,Irrigation,Maharashtra,Pune,9.71,68,85.07,39.91,93.15,1,2,3,87.15,66.03,70.57,86.3,Valuation,168,460,0
LA-01775,Irrigation,Maharashtra,Nashik,5.0,57,85.73,77.74,60.11,1,2,1,51.79,46.83,60.65,74.02,Rehabilitation,436,436,0
LA-01776,Railway,Madhya Pradesh,Ujjain,7.67,42,95.42,47.32,76.27,0,2,1,51.44,49.4,89.09,65.38,Notification,150,447,0
LA-01777,Irrigation,Telangana,Khammam,28.73,107,64.69,69.86,54.43,3,3,2,60.66,83.12,100.0,62.83,Valuation,231,527,0
LA-01778,Industrial,Tamil Nadu,Salem,15.08,178,62.35,87.89,53.02,4,1,1,61.25,65.5,98.05,68.36,Rehabilitation,496,692,0
LA-01779,Power,Gujarat,Rajkot,6.46,1,49.71,64.74,30.61,0,1,1,87.47,72.0,75.47,51.16,Valuation,400,410,1
LA-01780,Highway,Gujarat,Surat,5.07,16,56.15,40.9,100.0,0,3,1,100.0,33.96,67.94,68.6,Possession,289,396,0
LA-01781,Power,Tamil Nadu,Salem,11.94,108,49.12,38.81,61.11,1,2,3,70.71,62.45,65.9,68.21,Possession,302,529,1
LA-01782,Irrigation,Tamil Nadu,Salem,5.0,85,64.37,29.52,55.32,2,1,2,72.53,77.9,55.88,54.83,Possession,422,506,0
LA-01783,Power,Uttar Pradesh,Varanasi,10.39,71,100.0,53.43,73.14,0,3,1,39.88,99.08,48.56,66.16,Compensation,395,473,1
LA-01784,Urban Development,Rajasthan,Kota,5.0,48,94.23,78.52,49.56,1,2,2,84.97,78.15,50.79,59.61,Valuation,503,543,0
LA-01785,Irrigation,Madhya Pradesh,Gwalior,5.25,64,72.13,74.51,17.11,3,2,1,71.58,59.97,63.47,53.57,Compensation,460,496,0
LA-01786,Irrigation,Gujarat,Surat,12.09,10,100.0,53.02,70.62,1,4,0,44.03,74.2,65.84,63.7,Compensation,390,436,0
LA-01787,Irrigation,Uttar Pradesh,Kanpur,5.01,138,88.07,66.34,68.92,7,1,2,19.51,79.74,64.81,58.96,Possession,677,701,0
LA-01788,Railway,Karnataka,Mysuru,6.88,99,79.23,78.2,68.97,3,2,2,79.39,48.5,83.59,72.94,Valuation,385,562,1
LA-01789,Power,Rajasthan,Jodhpur,5.44,92,100.0,56.96,70.98,1,2,1,59.63,75.87,72.22,82.15,Valuation,480,568,0
LA-01790,Highway,Gujarat,Rajkot,9.15,77,79.16,88.54,64.38,2,3,2,56.38,79.18,62.91,68.4,Possession,424,454,1
LA-01791,Railway,Uttar Pradesh,Agra,5.13,33,86.25,86.96,58.6,1,1,0,100.0,66.23,74.46,74.1,Compensation,222,388,0
LA-01792,Railway,Madhya Pradesh,Ujjain,5.0,42,82.7,84.96,89.77,2,2,2,51.52,74.21,42.53,64.86,Notification,344,444,0
LA-01793,Power,Tamil Nadu,Madurai,5.0,98,71.44,70.58,62.98,3,3,2,77.87,71.38,70.44,71.78,Valuation,336,544,0
LA-01794,Irrigation,Uttar Pradesh,Prayagraj,10.41,121,82.25,77.24,57.86,2,2,1,52.13,78.49,69.57,72.24,Valuation,261,526,1
LA-01795,Urban Development,Karnataka,Bengaluru,7.23,125,52.42,79.53,24.92,3,2,1,66.4,55.83,75.09,61.77,Notification,393,484,0
LA-01796,Industrial,Uttar Pradesh,Kanpur,5.7,64,69.35,100.0,84.13,0,4,3,78.24,100.0,42.29,75.72,Rehabilitation,359,508,0
LA-01797,Irrigation,Rajasthan,Jaipur,6.89,1,55.71,89.5,58.62,0,2,1,64.55,58.45,100.0,66.12,Possession,374,485,0
LA-01798,Urban Development,Tamil Nadu,Madurai,5.0,40,62.9,79.36,70.6,0,3,2,80.71,75.75,69.92,56.7,Rehabilitation,339,501,1
LA-01799,Irrigation,Rajasthan,Ajmer,5.98,14,96.52,83.91,81.83,0,1,0,74.28,77.04,97.77,88.9,Rehabilitation,270,520,0
LA-01800,Irrigation,Maharashtra,Aurangabad,8.95,21,61.13,91.87,100.0,2,1,2,20.3,73.16,78.93,83.65,Notification,230,360,0
LA-01801,Railway,Maharashtra,Nagpur,5.48,59,94.35,83.86,26.97,1,3,0,43.37,53.36,69.97,62.12,Notification,238,452,1
LA-01802,Industrial,Madhya Pradesh,Gwalior,13.09,122,64.16,56.26,74.05,3,2,0,31.79,55.49,38.42,59.9,Compensation,533,577,0
LA-01803,Highway,Tamil Nadu,Chennai,5.0,49,68.6,90.38,34.65,2,1,2,59.93,70.6,78.68,66.19,Possession,436,433,0
LA-01804,Power,Madhya Pradesh,Ujjain,5.58,24,92.34,70.97,74.34,3,1,0,57.82,70.6,47.72,78.66,Possession,380,461,1
LA-01805,Railway,Karnataka,Mysuru,5.0,138,82.33,89.14,88.63,2,3,6,69.9,27.23,85.99,89.96,Notification,288,537,1
LA-01806,Highway,Uttar Pradesh,Lucknow,19.52,136,33.59,94.42,71.71,4,9,2,98.81,48.64,61.49,81.95,Possession,326,589,0
LA-01807,Industrial,Madhya Pradesh,Gwalior,15.19,28,66.52,98.97,38.59,3,0,0,71.48,75.77,61.13,51.92,Compensation,285,465,0
LA-01808,Urban Development,Gujarat,Rajkot,6.44,114,95.85,78.01,81.53,3,4,0,72.58,45.97,87.85,85.13,Rehabilitation,495,604,0
LA-01809,Railway,Telangana,Nizamabad,29.18,61,52.1,54.33,69.1,0,5,0,61.77,54.82,82.67,49.14,Rehabilitation,596,609,0
LA-01810,Irrigation,Gujarat,Rajkot,21.13,99,51.67,76.07,91.99,3,4,3,48.37,87.54,54.17,80.34,Compensation,315,569,0
LA-01811,Irrigation,Karnataka,Belagavi,5.0,119,75.58,54.22,66.91,3,1,1,52.83,55.84,72.88,61.31,Possession,216,510,1
LA-01812,Highway,Madhya Pradesh,Gwalior,15.9,64,77.74,40.9,76.76,1,6,2,99.86,96.58,85.88,85.07,Rehabilitation,277,353,0
LA-01813,Industrial,Karnataka,Mysuru,6.28,49,67.81,54.1,60.28,2,1,0,25.4,27.02,60.73,47.97,Rehabilitation,383,554,1
LA-01814,Power,Telangana,Warangal,18.79,67,63.96,79.16,30.43,0,3,2,60.83,51.85,87.44,49.67,Possession,470,538,0
LA-01815,Urban Development,Maharashtra,Nashik,6.9,65,63.77,55.29,76.47,2,5,0,41.62,65.67,31.49,54.68,Valuation,367,541,1
LA-01816,Irrigation,Uttar Pradesh,Prayagraj,6.65,61,83.85,76.82,80.24,2,2,0,83.69,100.0,50.61,83.35,Compensation,223,486,0
LA-01817,Highway,Telangana,Hyderabad,9.04,110,54.84,43.09,52.39,5,1,2,60.08,49.17,91.95,56.71,Notification,502,522,1
LA-01818,Industrial,Karnataka,Belagavi,11.53,56,89.09,82.37,58.51,5,0,0,100.0,99.23,78.25,81.33,Valuation,200,452,0
LA-01819,Urban Development,Uttar Pradesh,Prayagraj,15.83,59,78.98,55.98,59.26,2,3,0,58.34,64.0,59.03,53.91,Valuation,277,357,0
LA-01820,Railway,Rajasthan,Udaipur,5.81,105,65.29,29.58,6.7,0,2,1,50.36,70.56,76.61,36.42,Compensation,294,480,1
LA-01821,Urban Development,Uttar Pradesh,Lucknow,6.36,109,66.26,81.77,65.97,4,5,2,42.77,69.07,65.69,79.36,Compensation,453,577,1
LA-01822,Urban Development,Karnataka,Belagavi,6.89,19,100.0,52.77,82.79,1,5,0,39.26,80.37,51.37,57.86,Possession,337,552,0
LA-01823,Power,Uttar Pradesh,Kanpur,5.0,23,92.65,61.01,30.02,0,3,0,64.08,92.88,62.24,51.33,Notification,359,461,1
LA-01824,Highway,Rajasthan,Kota,19.67,107,61.45,100.0,51.45,1,1,4,68.85,61.41,72.66,53.06,Compensation,408,430,1
LA-01825,Power,Uttar Pradesh,Lucknow,5.33,115,77.24,39.52,42.35,1,3,1,41.58,41.32,58.67,32.84,Compensation,537,446,1
LA-01826,Industrial,Rajasthan,Udaipur,5.64,70,73.99,36.25,47.32,2,1,0,59.37,93.33,55.33,60.33,Valuation,510,570,0
LA-01827,Highway,Maharashtra,Nagpur,13.27,70,68.92,62.26,25.69,2,4,1,76.39,44.81,39.21,42.6,Rehabilitation,530,498,1
LA-01828,Highway,Tamil Nadu,Tiruchirappalli,5.0,75,72.31,38.43,49.97,1,0,0,44.76,80.67,63.03,47.61,Rehabilitation,547,620,0
LA-01829,Urban Development,Telangana,Nizamabad,10.9,41,62.15,50.95,29.46,1,3,2,57.73,44.75,64.37,41.6,Rehabilitation,394,536,0
LA-01830,Power,Maharashtra,Nagpur,13.73,95,78.94,87.46,84.47,1,2,1,60.86,33.27,66.46,73.95,Possession,289,524,0
LA-01831,Power,Gujarat,Rajkot,30.46,169,86.63,82.18,69.62,6,2,5,58.3,52.61,68.22,64.03,Valuation,450,562,1
LA-01832,Urban Development,Gujarat,Surat,5.0,100,63.76,81.33,61.33,4,2,1,25.62,95.17,56.41,57.12,Compensation,364,536,0
LA-01833,Industrial,Rajasthan,Kota,5.0,1,70.21,100.0,58.57,1,1,0,25.2,40.95,100.0,75.76,Valuation,460,558,0
LA-01834,Highway,Karnataka,Hubballi,10.02,48,85.65,63.05,72.2,1,1,0,48.56,76.43,100.0,65.4,Rehabilitation,299,518,0
LA-01835,Power,Tamil Nadu,Chennai,5.0,1,69.0,67.57,50.19,0,3,0,97.27,62.37,52.64,67.36,Compensation,195,385,1
LA-01836,Irrigation,Maharashtra,Thane,12.43,152,89.06,49.48,54.44,2,1,4,68.0,64.71,67.75,70.27,Valuation,394,497,1
LA-01837,Power,Rajasthan,Jaipur,5.93,164,82.2,52.56,42.16,3,4,6,100.0,56.9,100.0,65.72,Possession,491,526,1
LA-01838,Railway,Tamil Nadu,Madurai,6.94,78,92.04,65.93,77.15,4,1,2,65.64,74.34,67.22,73.43,Compensation,314,480,0
LA-01839,Irrigation,Tamil Nadu,Chennai,14.26,12,59.34,70.12,63.37,0,2,0,64.52,43.22,61.42,65.88,Possession,271,491,1
LA-01840,Urban Development,Tamil Nadu,Coimbatore,10.49,144,100.0,61.48,42.19,4,2,5,63.8,61.63,90.51,66.64,Notification,524,682,1
LA-01841,Railway,Karnataka,Hubballi,5.0,36,100.0,64.9,56.27,1,5,1,68.25,46.5,91.49,79.4,Rehabilitation,370,512,1
LA-01842,Industrial,Tamil Nadu,Coimbatore,54.65,132,50.57,75.84,71.74,3,1,0,95.91,67.57,73.16,73.14,Notification,518,642,0
LA-01843,Railway,Rajasthan,Ajmer,5.0,166,82.97,70.37,39.79,2,4,3,44.1,70.6,88.35,53.74,Valuation,426,567,1
LA-01844,Railway,Maharashtra,Aurangabad,8.74,96,50.26,73.73,48.84,3,2,1,63.63,86.1,67.81,61.44,Rehabilitation,432,598,0
LA-01845,Highway,Maharashtra,Nashik,7.53,88,71.22,57.98,55.88,3,2,1,73.57,68.88,80.82,67.34,Notification,161,349,0
LA-01846,Industrial,Tamil Nadu,Madurai,6.71,133,64.81,60.96,34.45,1,3,2,29.7,65.82,46.35,43.33,Compensation,561,627,1
LA-01847,Railway,Uttar Pradesh,Prayagraj,6.93,55,52.29,62.3,51.09,2,1,0,92.8,50.51,93.87,69.53,Possession,231,436,0
LA-01848,Irrigation,Rajasthan,Kota,10.08,56,71.33,93.11,78.71,1,1,1,96.97,81.8,91.21,76.15,Notification,420,400,0
LA-01849,Power,Maharashtra,Nashik,17.98,114,94.7,46.36,48.3,5,1,2,72.59,93.34,40.82,64.09,Valuation,315,548,0
LA-01850,Power,Rajasthan,Jodhpur,7.95,85,100.0,48.15,33.64,1,2,1,74.76,63.52,77.29,72.09,Compensation,327,604,1
LA-01851,Railway,Madhya Pradesh,Bhopal,8.25,142,68.57,54.91,79.3,2,2,1,89.02,73.67,91.92,76.58,Notification,414,496,0
LA-01852,Industrial,Maharashtra,Pune,5.0,99,81.89,88.28,71.64,2,2,4,58.72,71.73,59.74,68.84,Notification,418,549,0
LA-01853,Industrial,Telangana,Hyderabad,37.33,166,69.07,55.07,77.86,5,0,1,54.87,82.55,95.36,84.47,Valuation,495,611,1
LA-01854,Highway,Gujarat,Kutch,17.82,115,35.11,100.0,49.51,4,1,3,54.61,98.67,64.46,54.42,Possession,357,515,0
LA-01855,Highway,Uttar Pradesh,Lucknow,7.18,1,41.71,59.4,45.62,2,2,1,45.8,72.91,100.0,54.33,Compensation,546,602,0
LA-01856,Highway,Maharashtra,Nagpur,5.0,112,62.79,18.14,75.37,3,1,2,72.46,81.6,50.76,57.45,Notification,379,488,1
LA-01857,Highway,Maharashtra,Thane,13.68,20,84.65,71.69,29.88,0,1,3,24.15,67.05,100.0,61.15,Valuation,430,505,0
LA-01858,Urban Development,Madhya Pradesh,Bhopal,5.0,99,81.03,62.63,74.97,2,2,4,54.17,100.0,81.92,66.58,Compensation,292,454,1
LA-01859,Highway,Maharashtra,Nashik,5.0,1,61.64,55.58,89.17,1,3,1,20.09,42.21,75.08,76.19,Compensation,237,447,1
LA-01860,Urban Development,Tamil Nadu,Madurai,5.0,105,90.91,69.92,100.0,2,1,5,62.8,82.51,67.55,87.68,Valuation,418,543,0
LA-01861,Urban Development,Madhya Pradesh,Ujjain,5.53,1,76.76,33.17,80.62,0,4,0,54.5,72.56,41.48,66.92,Possession,305,398,0
LA-01862,Highway,Maharashtra,Thane,5.0,49,72.05,69.69,39.78,1,2,0,80.47,93.19,89.56,61.28,Notification,415,447,0
LA-01863,Urban Development,Madhya Pradesh,Bhopal,7.18,67,99.71,49.17,47.4,2,1,1,31.41,69.72,49.8,49.38,Compensation,305,442,1
LA-01864,Railway,Gujarat,Ahmedabad,16.83,195,87.24,61.72,56.31,4,3,7,100.0,74.14,80.5,64.33,Valuation,522,605,1
LA-01865,Urban Development,Uttar Pradesh,Agra,5.0,119,90.44,71.96,52.27,3,4,1,59.61,79.43,47.94,68.27,Possession,326,451,1
LA-01866,Railway,Uttar Pradesh,Lucknow,28.59,171,100.0,100.0,65.34,2,5,3,75.4,47.0,71.09,80.52,Valuation,431,584,1
LA-01867,Irrigation,Telangana,Karimnagar,36.59,128,94.54,97.62,74.82,0,4,1,39.22,44.82,63.81,68.94,Valuation,348,489,0
LA-01868,Urban Development,Madhya Pradesh,Gwalior,14.42,131,83.2,69.91,51.13,3,4,2,29.37,75.35,51.62,48.47,Notification,732,676,1
LA-01869,Irrigation,Maharashtra,Aurangabad,17.76,107,80.04,59.82,33.3,3,4,0,67.33,57.5,53.77,66.89,Notification,405,562,0
LA-01870,Urban Development,Rajasthan,Udaipur,6.19,22,71.31,90.93,35.34,0,2,0,100.0,67.19,53.87,74.38,Compensation,345,471,0
LA-01871,Power,Karnataka,Mangaluru,9.25,88,62.17,96.63,78.67,3,3,1,83.73,63.91,100.0,87.03,Notification,401,656,0
LA-01872,Highway,Tamil Nadu,Salem,6.64,134,49.98,52.46,60.49,3,4,1,47.26,78.52,61.26,58.22,Notification,490,514,1
LA-01873,Industrial,Karnataka,Belagavi,5.0,61,100.0,72.75,83.83,1,2,1,41.78,48.78,91.57,76.73,Possession,331,389,0
LA-01874,Power,Karnataka,Belagavi,5.0,84,100.0,77.68,66.36,1,0,3,45.33,20.3,68.08,86.47,Valuation,379,413,0
LA-01875,Urban Development,Telangana,Nizamabad,5.0,1,64.33,91.49,44.65,0,1,1,18.79,72.92,63.2,51.12,Rehabilitation,370,420,1
LA-01876,Railway,Maharashtra,Aurangabad,8.38,133,84.65,51.17,76.24,1,2,1,69.52,32.12,67.57,74.03,Compensation,464,638,0
LA-01877,Railway,Gujarat,Vadodara,5.0,113,79.32,65.63,72.23,2,4,2,63.95,89.24,66.18,73.25,Notification,442,499,0
LA-01878,Industrial,Uttar Pradesh,Prayagraj,21.37,57,82.74,50.14,40.39,0,2,0,25.51,52.51,77.93,55.4,Notification,337,463,1
LA-01879,Highway,Rajasthan,Udaipur,10.61,152,60.79,85.08,39.51,3,1,0,88.21,53.86,53.14,57.6,Rehabilitation,527,563,1
LA-01880,Power,Maharashtra,Nashik,5.0,124,73.65,55.32,70.55,2,3,2,70.94,85.53,63.73,68.13,Notification,322,482,1
LA-01881,Irrigation,Madhya Pradesh,Jabalpur,5.02,17,66.36,77.23,24.97,0,4,2,56.14,100.0,78.6,48.0,Valuation,478,551,1
LA-01882,Urban Development,Telangana,Hyderabad,20.61,230,77.99,93.56,63.65,7,4,5,40.42,100.0,56.25,70.14,Valuation,563,718,1
LA-01883,Industrial,Uttar Pradesh,Agra,5.0,82,55.83,66.28,38.33,1,1,0,71.6,48.32,89.81,68.8,Possession,406,585,0
LA-01884,Urban Development,Karnataka,Belagavi,8.19,154,78.54,41.99,63.72,4,2,5,48.44,74.8,50.47,67.33,Compensation,257,589,1
LA-01885,Industrial,Telangana,Karimnagar,9.34,66,100.0,39.82,100.0,2,2,1,93.13,49.78,87.03,80.27,Possession,356,542,0
LA-01886,Irrigation,Rajasthan,Udaipur,5.0,1,62.35,46.75,75.46,1,6,0,60.8,85.33,54.15,65.35,Notification,179,480,0
LA-01887,Highway,Karnataka,Belagavi,6.74,94,91.21,80.27,82.57,1,0,1,40.36,67.92,58.17,83.84,Rehabilitation,335,450,0
LA-01888,Railway,Rajasthan,Jaipur,19.65,114,54.86,95.56,83.33,2,0,1,59.55,73.76,72.74,76.7,Notification,340,628,0
LA-01889,Power,Gujarat,Ahmedabad,5.0,93,94.32,93.26,55.44,0,5,2,58.45,67.98,70.15,92.95,Rehabilitation,352,591,1
LA-01890,Power,Gujarat,Surat,12.38,130,82.82,42.58,100.0,3,2,3,36.24,100.0,44.66,65.0,Rehabilitation,537,532,0
LA-01891,Urban Development,Tamil Nadu,Coimbatore,5.0,24,77.16,76.99,87.3,0,4,0,95.42,75.31,100.0,78.84,Compensation,268,492,0
LA-01892,Urban Development,Maharashtra,Pune,9.21,22,92.67,76.82,81.7,0,3,1,53.32,87.7,69.32,88.59,Possession,266,360,0
LA-01893,Industrial,Uttar Pradesh,Kanpur,25.57,59,90.18,59.56,93.56,1,2,0,72.87,62.75,72.96,79.28,Compensation,371,513,0
LA-01894,Power,Uttar Pradesh,Varanasi,23.28,139,71.59,75.31,66.14,3,1,2,85.77,76.49,97.93,75.59,Possession,232,597,1
LA-01895,Irrigation,Tamil Nadu,Tiruchirappalli,7.58,23,48.09,37.84,75.67,1,2,1,17.39,45.05,38.91,55.75,Possession,368,455,1
LA-01896,Highway,Gujarat,Vadodara,8.25,53,79.87,58.58,51.29,3,3,1,71.68,47.81,71.76,49.3,Notification,427,518,0
LA-01897,Industrial,Uttar Pradesh,Agra,5.0,107,58.5,74.38,92.48,3,1,1,83.39,44.38,97.83,83.48,Rehabilitation,475,606,0
LA-01898,Industrial,Uttar Pradesh,Lucknow,5.41,1,63.2,51.39,46.89,1,0,0,53.84,78.33,92.34,49.87,Notification,341,440,1
LA-01899,Railway,Karnataka,Mysuru,5.0,114,95.56,100.0,73.55,2,4,3,51.86,71.64,63.38,72.4,Rehabilitation,415,526,1
LA-01900,Industrial,Rajasthan,Kota,5.25,123,76.51,68.0,58.93,6,4,2,64.56,84.14,46.62,40.04,Rehabilitation,406,628,1
LA-01901,Industrial,Maharashtra,Thane,21.41,127,77.29,88.69,81.46,4,5,3,38.66,73.68,87.37,79.87,Rehabilitation,485,630,1
LA-01902,Power,Uttar Pradesh,Varanasi,5.0,71,76.77,35.59,56.2,1,2,0,39.16,89.73,62.83,44.7,Possession,442,483,0
LA-01903,Railway,Gujarat,Vadodara,6.9,54,86.86,72.06,88.87,0,2,3,42.24,72.5,47.02,66.65,Compensation,319,475,0
LA-01904,Industrial,Telangana,Khammam,8.01,69,78.24,95.72,17.17,3,3,2,0.0,75.79,62.54,52.31,Compensation,529,605,1
LA-01905,Irrigation,Tamil Nadu,Chennai,13.4,93,72.17,71.88,82.54,1,2,3,64.84,73.0,62.76,85.88,Notification,390,597,0
LA-01906,Urban Development,Gujarat,Surat,5.0,75,76.11,41.11,23.2,1,4,1,23.02,85.25,77.22,42.72,Compensation,496,608,1
LA-01907,Irrigation,Gujarat,Rajkot,7.65,83,68.02,78.26,39.53,1,1,0,67.36,99.89,93.18,58.36,Rehabilitation,314,484,0
LA-01908,Highway,Telangana,Nizamabad,19.08,80,76.94,65.21,93.33,3,5,1,70.35,78.85,88.57,78.03,Compensation,382,560,0
LA-01909,Industrial,Tamil Nadu,Chennai,18.25,63,54.14,84.87,61.1,1,4,0,88.75,72.25,86.56,81.12,Valuation,267,483,0
LA-01910,Railway,Madhya Pradesh,Jabalpur,5.41,110,76.83,73.86,72.57,2,0,1,67.67,79.42,44.04,64.62,Possession,270,419,0
LA-01911,Highway,Maharashtra,Nagpur,11.54,1,85.65,64.5,72.95,1,0,1,31.69,79.94,55.85,61.09,Notification,523,471,0
LA-01912,Irrigation,Rajasthan,Jaipur,12.66,97,88.12,50.86,62.29,1,2,0,68.22,36.35,69.45,54.65,Possession,473,571,1
LA-01913,Irrigation,Gujarat,Vadodara,15.48,148,89.21,47.9,73.6,6,1,3,27.72,42.22,95.17,75.61,Rehabilitation,477,644,0
LA-01914,Urban Development,Telangana,Nizamabad,5.1,123,100.0,46.89,86.02,2,2,3,49.38,85.1,96.51,64.34,Notification,464,579,0
LA-01915,Power,Uttar Pradesh,Prayagraj,5.0,105,53.06,70.76,57.43,3,2,0,76.17,94.44,72.07,74.58,Notification,331,545,1
LA-01916,Irrigation,Telangana,Khammam,5.0,123,100.0,74.75,33.18,2,6,0,48.72,91.41,86.17,61.72,Rehabilitation,611,737,1
LA-01917,Irrigation,Maharashtra,Aurangabad,35.86,149,100.0,86.61,84.69,5,1,4,61.12,78.17,41.75,83.22,Notification,565,648,0
LA-01918,Power,Madhya Pradesh,Jabalpur,7.13,57,100.0,94.51,72.35,4,2,1,67.14,100.0,56.99,81.74,Rehabilitation,202,478,0
LA-01919,Urban Development,Tamil Nadu,Coimbatore,23.21,73,90.5,70.85,39.22,3,2,2,26.02,52.06,55.62,55.72,Possession,603,636,1
LA-01920,Irrigation,Tamil Nadu,Salem,5.0,91,41.64,59.05,48.16,6,3,0,49.74,58.63,66.66,62.7,Valuation,509,574,0
LA-01921,Industrial,Maharashtra,Thane,5.0,131,57.45,80.63,100.0,3,1,1,100.0,93.97,44.81,85.68,Valuation,466,546,0
LA-01922,Irrigation,Karnataka,Bengaluru,6.76,89,100.0,91.65,11.96,3,2,2,80.51,87.82,74.68,57.45,Compensation,420,443,1
LA-01923,Urban Development,Telangana,Warangal,5.37,92,63.53,55.78,46.61,0,2,1,71.82,100.0,64.8,79.63,Possession,524,542,0
LA-01924,Power,Maharashtra,Thane,5.0,128,99.25,96.07,42.42,2,2,3,58.77,55.17,55.25,72.75,Notification,387,592,1
LA-01925,Urban Development,Tamil Nadu,Madurai,30.34,80,83.15,90.09,43.48,2,3,1,64.27,53.19,53.36,57.34,Notification,246,530,0
LA-01926,Urban Development,Uttar Pradesh,Varanasi,5.0,1,54.19,74.52,66.21,0,3,2,45.9,100.0,89.01,61.74,Valuation,429,571,0
LA-01927,Irrigation,Maharashtra,Nagpur,5.0,8,62.33,66.8,94.55,2,2,0,48.37,63.53,91.08,60.26,Possession,423,482,1
LA-01928,Irrigation,Telangana,Khammam,8.22,165,87.07,63.1,94.22,7,2,4,29.43,70.83,71.96,68.83,Compensation,403,699,1
LA-01929,Railway,Telangana,Karimnagar,13.32,130,99.38,54.63,67.95,5,4,3,76.67,55.01,16.82,65.74,Compensation,322,492,0
LA-01930,Urban Development,Uttar Pradesh,Prayagraj,10.05,91,69.09,70.21,85.06,3,3,0,66.3,67.93,100.0,75.49,Valuation,254,545,1
LA-01931,Highway,Rajasthan,Ajmer,5.0,75,45.73,59.01,26.57,1,1,1,100.0,89.1,81.52,64.15,Rehabilitation,424,430,1
LA-01932,Railway,Uttar Pradesh,Agra,15.12,56,79.22,85.57,56.58,0,1,3,0.16,93.24,79.42,64.97,Possession,427,499,1
LA-01933,Urban Development,Telangana,Khammam,20.83,138,86.17,100.0,85.28,4,6,3,93.45,50.39,71.88,89.63,Notification,278,509,0
LA-01934,Urban Development,Madhya Pradesh,Jabalpur,6.08,39,78.72,64.14,25.67,1,5,0,62.12,79.6,65.27,53.55,Rehabilitation,418,606,0
LA-01935,Railway,Madhya Pradesh,Bhopal,5.0,82,40.79,80.96,78.43,0,5,1,20.82,58.37,59.83,68.4,Compensation,286,510,1
LA-01936,Industrial,Telangana,Nizamabad,6.44,27,64.84,93.71,94.91,0,2,0,66.19,78.64,69.12,76.97,Notification,246,449,0
LA-01937,Power,Madhya Pradesh,Gwalior,25.68,99,87.9,58.73,18.56,1,0,2,38.56,40.72,84.44,47.19,Compensation,524,656,1
LA-01938,Irrigation,Rajasthan,Kota,5.07,81,84.26,38.51,69.37,6,4,0,64.88,76.74,55.19,54.44,Possession,519,560,1
LA-01939,Railway,Telangana,Warangal,5.0,100,86.84,81.58,52.84,3,1,1,78.37,58.91,96.2,84.55,Notification,476,485,0
LA-01940,Railway,Madhya Pradesh,Indore,7.64,37,86.87,59.75,58.96,0,2,0,51.4,82.4,36.97,66.82,Valuation,280,370,1
LA-01941,Irrigation,Uttar Pradesh,Varanasi,6.91,117,67.62,50.67,57.14,4,3,1,83.45,47.33,63.7,56.37,Possession,487,586,1
LA-01942,Industrial,Telangana,Hyderabad,5.0,79,75.01,93.44,35.65,2,4,1,61.35,48.72,84.76,59.18,Valuation,442,442,1
LA-01943,Railway,Karnataka,Mysuru,14.6,114,91.97,68.35,45.62,0,4,3,88.09,83.77,100.0,87.9,Notification,242,560,0
LA-01944,Irrigation,Karnataka,Mangaluru,11.04,106,60.65,58.05,70.96,2,5,2,64.37,77.26,77.69,65.71,Valuation,464,491,1
LA-01945,Power,Gujarat,Vadodara,9.49,147,84.27,64.64,58.13,9,5,1,23.61,64.07,89.19,69.03,Notification,555,665,0
LA-01946,Highway,Maharashtra,Nagpur,6.55,49,82.79,93.32,67.04,3,2,2,56.77,54.09,64.13,68.05,Possession,494,633,1
LA-01947,Irrigation,Maharashtra,Aurangabad,11.66,96,86.59,94.56,62.84,1,3,1,69.04,74.63,67.68,77.24,Compensation,351,447,0
LA-01948,Power,Maharashtra,Aurangabad,9.31,99,96.86,87.82,77.67,1,3,4,66.59,56.37,51.77,83.96,Valuation,375,591,0
LA-01949,Railway,Maharashtra,Thane,7.82,111,82.64,58.59,59.89,3,3,2,88.31,93.44,56.0,65.22,Possession,500,516,1
LA-01950,Highway,Karnataka,Belagavi,5.0,40,100.0,66.39,40.96,1,1,1,54.83,74.99,42.84,58.61,Notification,299,458,0
LA-01951,Railway,Maharashtra,Nagpur,13.15,175,69.7,84.66,95.53,6,2,2,93.75,56.55,54.6,91.02,Compensation,569,624,0
LA-01952,Urban Development,Telangana,Warangal,6.26,75,62.88,80.85,80.72,2,1,4,55.88,73.11,89.79,74.23,Rehabilitation,476,540,0
LA-01953,Railway,Rajasthan,Jaipur,5.0,201,64.02,95.73,58.97,6,2,3,61.44,100.0,81.11,61.72,Valuation,477,715,1
LA-01954,Railway,Karnataka,Belagavi,5.0,81,81.37,53.66,38.73,3,4,3,30.19,87.78,78.44,63.7,Rehabilitation,478,558,1
LA-01955,Irrigation,Gujarat,Vadodara,5.0,74,100.0,61.53,50.56,3,0,1,55.57,89.45,81.12,80.99,Possession,177,407,0
LA-01956,Irrigation,Maharashtra,Nagpur,8.09,26,78.86,61.78,46.44,0,3,0,50.67,53.33,86.8,56.27,Possession,381,407,0
LA-01957,Industrial,Uttar Pradesh,Kanpur,5.0,57,74.26,52.56,87.18,0,3,4,55.15,53.84,76.43,57.53,Compensation,387,424,0
LA-01958,Railway,Tamil Nadu,Salem,6.42,92,100.0,53.85,40.55,2,1,1,72.02,52.86,77.22,51.67,Compensation,280,479,0
LA-01959,Irrigation,Gujarat,Kutch,6.85,148,100.0,51.83,47.72,4,2,3,64.08,39.38,68.61,55.49,Notification,418,676,1
LA-01960,Power,Gujarat,Surat,55.3,34,90.41,69.56,94.82,0,1,0,55.99,72.86,76.97,76.88,Compensation,599,509,0
LA-01961,Urban Development,Telangana,Nizamabad,5.0,73,75.25,96.35,83.26,4,6,0,65.58,67.7,85.99,85.65,Compensation,396,579,0
LA-01962,Power,Maharashtra,Thane,8.43,162,82.5,51.25,91.76,5,1,4,75.39,77.51,61.55,62.84,Valuation,397,696,1
LA-01963,Industrial,Telangana,Hyderabad,11.32,27,77.18,50.17,72.56,1,0,0,100.0,55.62,42.09,79.99,Rehabilitation,375,501,0
LA-01964,Irrigation,Karnataka,Bengaluru,5.97,112,53.8,71.53,93.48,2,4,1,71.96,63.05,61.35,68.78,Valuation,453,542,1
LA-01965,Irrigation,Madhya Pradesh,Bhopal,7.87,122,89.62,68.5,44.8,5,2,0,89.68,39.5,62.85,67.95,Rehabilitation,562,691,1
LA-01966,Power,Tamil Nadu,Salem,5.0,41,59.15,98.55,28.27,0,4,1,68.9,56.63,78.51,66.9,Notification,269,535,0
LA-01967,Irrigation,Maharashtra,Aurangabad,36.54,55,87.76,98.29,6.49,3,3,0,65.58,45.99,44.99,39.67,Rehabilitation,497,524,0
LA-01968,Power,Telangana,Nizamabad,5.4,22,81.15,55.42,88.0,0,2,1,45.33,68.73,77.12,64.89,Rehabilitation,275,592,0
LA-01969,Highway,Rajasthan,Kota,9.41,126,82.51,90.03,65.02,3,4,2,35.18,52.58,65.8,68.08,Possession,465,560,0
LA-01970,Highway,Tamil Nadu,Salem,5.0,1,74.52,90.24,27.05,1,1,1,55.9,72.01,48.59,59.76,Possession,177,319,0
LA-01971,Power,Tamil Nadu,Salem,20.31,65,68.28,75.37,56.59,0,2,1,68.68,57.83,51.61,56.83,Notification,265,416,1
LA-01972,Highway,Rajasthan,Udaipur,20.53,173,68.13,91.85,66.27,3,1,3,63.79,74.28,55.2,66.66,Valuation,535,558,0
LA-01973,Highway,Telangana,Warangal,10.53,40,100.0,49.21,72.44,1,3,0,97.43,89.89,50.8,67.57,Compensation,369,495,1
LA-01974,Irrigation,Maharashtra,Pune,7.53,96,74.45,73.79,47.7,0,2,2,31.16,68.51,50.97,60.76,Valuation,313,628,0
LA-01975,Railway,Rajasthan,Ajmer,19.98,156,45.35,87.01,53.18,7,3,2,69.19,53.54,65.86,54.84,Rehabilitation,458,673,1
LA-01976,Irrigation,Uttar Pradesh,Varanasi,8.32,69,72.36,81.6,70.93,0,1,1,63.87,100.0,44.92,59.65,Valuation,395,451,0
LA-01977,Irrigation,Rajasthan,Ajmer,8.51,38,68.41,87.2,74.63,2,1,0,82.14,78.13,74.55,80.19,Compensation,220,421,0
LA-01978,Irrigation,Madhya Pradesh,Indore,10.45,205,65.11,55.17,80.93,7,5,5,74.9,81.4,69.08,58.74,Rehabilitation,560,662,1
LA-01979,Irrigation,Rajasthan,Udaipur,5.48,28,95.11,73.05,70.04,0,1,0,40.26,53.92,65.18,72.77,Rehabilitation,213,454,0
LA-01980,Urban Development,Madhya Pradesh,Indore,5.0,40,94.93,95.97,100.0,0,3,2,35.25,92.59,58.92,85.61,Notification,294,442,1
LA-01981,Urban Development,Madhya Pradesh,Indore,5.0,117,59.61,44.66,58.45,5,4,1,51.06,100.0,81.89,47.86,Rehabilitation,487,514,1
LA-01982,Railway,Karnataka,Mysuru,6.24,128,100.0,61.04,78.19,1,3,1,57.72,85.61,66.47,65.99,Notification,404,670,0
LA-01983,Industrial,Telangana,Khammam,5.58,123,82.75,48.43,31.35,1,4,2,52.25,27.37,76.14,51.95,Compensation,422,469,1
LA-01984,Railway,Maharashtra,Nagpur,5.26,18,59.52,47.29,27.91,1,2,0,90.44,78.43,88.25,69.03,Valuation,517,402,0
LA-01985,Urban Development,Maharashtra,Pune,11.81,162,95.81,78.08,45.35,5,2,4,67.16,73.11,71.28,62.27,Possession,516,658,1
LA-01986,Industrial,Uttar Pradesh,Varanasi,5.0,40,93.02,76.78,24.77,0,1,0,74.33,67.03,47.18,56.01,Notification,427,451,0
LA-01987,Railway,Madhya Pradesh,Bhopal,5.0,92,76.64,89.91,72.85,4,2,0,48.5,73.72,50.02,61.88,Compensation,461,563,0
LA-01988,Irrigation,Uttar Pradesh,Varanasi,17.83,115,52.49,96.64,48.72,4,3,5,27.66,54.22,65.76,64.05,Valuation,416,543,1
LA-01989,Industrial,Madhya Pradesh,Ujjain,5.39,67,41.08,82.47,52.19,1,2,0,11.24,59.36,13.6,33.24,Valuation,541,538,1
LA-01990,Irrigation,Madhya Pradesh,Gwalior,10.49,118,90.37,97.31,64.63,0,0,3,61.39,84.38,80.76,66.21,Valuation,420,470,0
LA-01991,Industrial,Rajasthan,Jaipur,14.0,69,49.21,43.73,78.45,2,1,0,65.3,68.85,63.07,61.08,Compensation,235,546,1
LA-01992,Irrigation,Madhya Pradesh,Ujjain,26.84,158,54.95,100.0,73.51,4,1,4,85.17,52.16,73.55,75.92,Rehabilitation,551,742,1
LA-01993,Railway,Tamil Nadu,Tiruchirappalli,11.14,142,61.19,87.82,77.1,4,1,4,47.79,63.06,89.68,85.79,Rehabilitation,139,523,1
LA-01994,Highway,Gujarat,Vadodara,5.0,56,47.69,57.0,77.53,1,1,0,75.5,94.72,55.1,62.49,Valuation,365,485,0
LA-01995,Irrigation,Telangana,Warangal,5.0,99,90.28,65.5,83.12,4,0,2,79.12,85.52,66.46,73.72,Rehabilitation,391,497,0
LA-01996,Power,Telangana,Khammam,9.27,1,55.34,100.0,89.95,1,4,0,46.01,38.23,54.57,76.47,Compensation,218,393,0
LA-01997,Highway,Maharashtra,Thane,5.0,42,84.87,56.98,49.52,0,5,1,62.54,75.16,53.91,53.92,Notification,183,508,1
LA-01998,Highway,Tamil Nadu,Coimbatore,5.0,1,54.94,52.38,66.58,0,3,0,51.74,69.17,94.48,55.12,Rehabilitation,331,513,0
LA-01999,Irrigation,Gujarat,Ahmedabad,8.58,117,78.73,58.21,87.45,0,2,2,30.47,66.7,63.83,61.47,Compensation,521,472,0
LA-02000,Urban Development,Telangana,Nizamabad,23.08,201,98.03,63.48,72.61,2,1,4,43.61,74.38,50.29,64.33,Rehabilitation,408,594,0
LA-02001,Power,Tamil Nadu,Coimbatore,5.34,76,87.13,64.24,95.61,2,2,0,61.33,100.0,59.48,87.24,Possession,369,588,1
LA-02002,Highway,Rajasthan,Kota,7.52,154,77.83,82.21,82.12,1,1,2,16.49,65.75,100.0,82.43,Valuation,343,578,1
LA-02003,Urban Development,Uttar Pradesh,Agra,15.73,78,100.0,88.06,45.64,0,0,0,66.27,63.16,82.67,67.48,Rehabilitation,159,398,0
LA-02004,Railway,Maharashtra,Nagpur,25.54,114,23.23,70.06,81.32,3,3,3,5.37,68.66,68.27,58.7,Possession,568,628,1
LA-02005,Industrial,Rajasthan,Kota,6.52,55,100.0,96.41,50.36,3,2,1,41.63,100.0,87.71,58.56,Notification,405,527,0
LA-02006,Irrigation,Gujarat,Surat,14.03,17,48.38,63.52,73.19,0,2,1,27.33,71.57,46.73,57.11,Rehabilitation,288,393,0
LA-02007,Irrigation,Tamil Nadu,Salem,47.48,124,98.47,85.21,79.15,3,2,2,73.05,64.49,83.98,78.15,Compensation,319,522,0
LA-02008,Irrigation,Karnataka,Mangaluru,6.98,59,66.06,68.27,74.48,0,4,0,53.22,71.7,84.11,72.14,Compensation,460,472,1
LA-02009,Industrial,Rajasthan,Kota,20.9,108,100.0,34.4,74.61,2,5,3,0.0,84.18,81.04,65.09,Rehabilitation,419,496,1
LA-02010,Railway,Uttar Pradesh,Lucknow,5.0,81,97.91,50.67,69.3,2,5,0,48.18,70.19,96.9,73.23,Valuation,252,463,1
LA-02011,Railway,Gujarat,Surat,5.81,41,83.81,83.53,39.75,3,1,0,51.87,67.88,41.03,57.49,Valuation,109,481,0
LA-02012,Highway,Uttar Pradesh,Agra,6.78,119,56.25,51.66,35.36,2,1,1,62.13,86.5,42.26,48.35,Valuation,227,531,0
LA-02013,Power,Uttar Pradesh,Varanasi,5.0,1,76.64,46.81,54.09,1,4,0,31.94,60.43,99.84,72.98,Notification,310,409,1
LA-02014,Industrial,Gujarat,Vadodara,5.0,43,85.43,43.44,60.08,0,2,0,89.96,49.06,60.56,63.04,Compensation,335,492,0
LA-02015,Power,Uttar Pradesh,Varanasi,5.56,133,64.18,90.3,58.22,4,3,3,100.0,82.81,95.41,74.33,Rehabilitation,262,467,0
LA-02016,Highway,Rajasthan,Jaipur,14.96,79,75.12,81.19,57.74,1,1,1,92.14,59.92,87.64,68.89,Compensation,572,621,0
LA-02017,Highway,Madhya Pradesh,Jabalpur,16.55,43,66.84,66.93,44.48,0,4,0,38.33,67.05,95.94,69.86,Valuation,447,447,0
LA-02018,Railway,Karnataka,Mangaluru,7.97,53,64.12,59.7,75.3,1,6,0,84.48,62.47,50.96,74.79,Possession,414,425,0
LA-02019,Railway,Gujarat,Kutch,5.05,137,90.63,68.82,100.0,0,4,5,83.51,66.14,74.34,90.62,Possession,535,614,0
LA-02020,Railway,Telangana,Hyderabad,5.62,118,84.2,93.41,68.39,0,4,1,71.87,30.0,49.67,69.42,Valuation,367,528,0
LA-02021,Industrial,Maharashtra,Nagpur,26.71,115,58.84,61.93,22.7,5,2,1,21.08,45.81,64.85,37.28,Notification,547,638,1
LA-02022,Irrigation,Maharashtra,Aurangabad,21.09,83,47.04,73.95,52.18,4,4,4,68.3,50.9,68.34,59.66,Compensation,492,579,1
LA-02023,Urban Development,Maharashtra,Nagpur,44.25,146,94.72,57.06,52.92,3,1,2,54.97,86.57,82.63,66.49,Valuation,577,611,0
LA-02024,Highway,Maharashtra,Aurangabad,7.77,69,98.03,67.03,62.07,1,2,1,100.0,41.11,71.19,75.19,Rehabilitation,465,458,1
LA-02025,Industrial,Karnataka,Mangaluru,11.45,112,53.12,87.49,63.69,2,1,1,77.93,61.6,66.03,67.53,Notification,178,460,0
LA-02026,Irrigation,Gujarat,Kutch,8.03,101,48.59,36.71,89.24,1,1,0,85.98,80.72,48.26,58.94,Rehabilitation,460,529,1
LA-02027,Irrigation,Rajasthan,Jodhpur,5.0,134,62.95,39.27,85.72,5,1,3,54.75,94.34,62.21,70.59,Notification,312,522,1
LA-02028,Power,Karnataka,Hubballi,5.0,93,78.86,94.2,100.0,0,1,1,96.03,40.51,50.7,99.89,Notification,30,492,0
LA-02029,Power,Maharashtra,Thane,5.0,77,91.72,69.44,87.04,2,3,0,76.51,62.9,49.55,86.28,Possession,493,518,0
LA-02030,Industrial,Maharashtra,Aurangabad,5.0,86,68.34,61.64,31.02,4,1,1,84.18,52.01,73.78,69.59,Compensation,670,633,1
LA-02031,Railway,Madhya Pradesh,Gwalior,37.37,108,92.16,57.59,50.71,2,6,1,79.92,100.0,37.08,76.46,Notification,338,567,0
LA-02032,Highway,Madhya Pradesh,Bhopal,5.62,49,82.64,77.98,100.0,3,0,1,66.69,68.27,79.04,88.28,Rehabilitation,349,618,0
LA-02033,Industrial,Karnataka,Mysuru,24.86,146,53.95,76.71,85.07,4,3,3,35.37,61.2,45.76,68.24,Notification,305,477,0
LA-02034,Irrigation,Uttar Pradesh,Varanasi,5.78,184,78.38,79.07,50.03,2,3,3,59.59,77.25,64.32,82.09,Compensation,606,581,0
LA-02035,Power,Rajasthan,Kota,6.04,74,65.15,72.21,71.82,0,2,1,58.89,74.17,66.1,64.03,Notification,263,415,0
LA-02036,Irrigation,Madhya Pradesh,Gwalior,5.0,79,100.0,94.12,73.36,4,4,0,59.61,82.73,29.53,81.39,Rehabilitation,556,590,0
LA-02037,Industrial,Uttar Pradesh,Agra,5.68,64,91.99,61.73,54.42,2,3,0,62.75,79.73,51.81,60.75,Possession,365,412,0
LA-02038,Urban Development,Telangana,Hyderabad,8.63,50,90.92,94.33,84.88,1,3,1,60.4,84.04,100.0,73.97,Rehabilitation,295,481,0
LA-02039,Irrigation,Rajasthan,Udaipur,5.0,22,64.19,72.71,62.33,1,1,0,93.45,73.67,72.25,69.84,Rehabilitation,335,461,0
LA-02040,Highway,Gujarat,Kutch,5.53,161,100.0,63.32,88.4,2,3,2,57.66,59.48,86.24,88.75,Compensation,373,541,0
LA-02041,Industrial,Madhya Pradesh,Bhopal,9.08,83,88.23,59.76,61.2,4,2,0,77.88,68.19,66.58,73.81,Rehabilitation,498,552,0
LA-02042,Urban Development,Maharashtra,Nagpur,12.78,18,96.61,39.14,49.4,1,0,0,91.36,45.41,68.94,64.39,Rehabilitation,546,516,0
LA-02043,Industrial,Maharashtra,Aurangabad,11.51,1,63.42,22.23,69.7,0,3,1,97.77,76.18,70.7,62.46,Compensation,363,455,0
LA-02044,Railway,Rajasthan,Kota,5.0,116,57.92,58.97,76.17,5,1,1,61.06,76.93,74.12,72.44,Valuation,485,635,0
LA-02045,Urban Development,Telangana,Nizamabad,17.42,181,86.59,67.59,48.01,5,4,10,53.83,88.9,94.3,62.38,Possession,602,680,1
LA-02046,Highway,Maharashtra,Pune,5.41,128,64.14,87.36,53.75,5,3,2,19.23,25.99,61.3,61.38,Possession,561,628,0
LA-02047,Highway,Telangana,Karimnagar,12.39,110,72.72,73.08,100.0,3,5,1,53.24,100.0,90.27,93.52,Notification,613,641,0
LA-02048,Industrial,Karnataka,Hubballi,5.0,42,67.57,41.1,32.91,0,2,1,52.29,58.29,69.98,46.1,Compensation,316,391,1
LA-02049,Urban Development,Maharashtra,Thane,5.0,35,54.9,27.41,15.39,1,1,1,100.0,74.13,81.52,36.96,Notification,443,462,0
LA-02050,Highway,Uttar Pradesh,Kanpur,17.29,149,67.55,53.89,66.17,4,2,7,56.11,53.77,81.18,52.64,Valuation,584,553,1
LA-02051,Industrial,Gujarat,Ahmedabad,5.0,1,58.87,100.0,74.93,0,2,0,84.0,89.58,100.0,93.79,Rehabilitation,417,533,0
LA-02052,Power,Karnataka,Hubballi,5.99,67,54.3,76.9,71.68,1,2,0,46.19,66.07,96.21,86.84,Possession,404,476,0
LA-02053,Power,Uttar Pradesh,Varanasi,5.0,86,71.92,64.04,45.58,2,3,0,30.52,50.14,84.13,56.59,Possession,286,478,1
LA-02054,Irrigation,Tamil Nadu,Coimbatore,6.94,37,44.75,52.15,62.35,0,1,0,54.14,59.7,74.95,56.21,Valuation,423,446,0
LA-02055,Railway,Maharashtra,Thane,9.35,95,75.39,76.98,87.49,1,4,1,100.0,73.05,91.53,73.97,Compensation,369,595,0
LA-02056,Power,Maharashtra,Aurangabad,28.42,170,77.35,82.48,100.0,2,7,5,49.09,85.01,41.84,87.25,Possession,385,565,0
LA-02057,Highway,Gujarat,Vadodara,10.79,153,98.9,61.64,78.96,2,2,5,55.64,91.76,76.36,74.81,Notification,418,608,0
LA-02058,Highway,Rajasthan,Udaipur,17.98,79,91.96,100.0,51.73,0,3,3,57.89,48.19,55.13,67.14,Rehabilitation,443,504,0
LA-02059,Power,Telangana,Khammam,12.13,111,65.05,50.65,56.54,4,2,3,20.6,49.96,48.98,53.43,Rehabilitation,487,591,1
LA-02060,Irrigation,Tamil Nadu,Salem,13.62,145,69.16,60.55,79.32,5,2,3,30.15,74.64,84.02,58.95,Compensation,454,569,0
LA-02061,Highway,Rajasthan,Jodhpur,14.8,85,71.59,61.73,53.13,3,1,1,86.14,85.43,60.42,72.33,Notification,449,583,0
LA-02062,Railway,Maharashtra,Pune,16.49,102,93.71,38.38,65.51,2,2,1,87.08,65.67,29.11,60.56,Valuation,330,663,0
LA-02063,Highway,Madhya Pradesh,Gwalior,5.0,49,56.67,64.9,66.12,1,1,0,21.32,85.81,64.93,57.93,Valuation,438,526,1
LA-02064,Power,Madhya Pradesh,Gwalior,5.0,22,81.79,67.68,80.05,0,2,1,84.63,94.98,59.9,65.27,Possession,573,479,1
LA-02065,Railway,Maharashtra,Nagpur,17.94,54,66.41,74.98,74.19,2,1,2,55.24,74.66,92.32,68.98,Rehabilitation,458,536,0
LA-02066,Railway,Uttar Pradesh,Varanasi,5.0,21,84.51,56.58,61.76,1,2,0,22.51,54.42,76.28,62.61,Notification,202,412,0
LA-02067,Highway,Rajasthan,Jodhpur,8.61,87,89.45,100.0,83.37,1,3,1,67.11,59.29,31.8,74.63,Rehabilitation,400,508,0
LA-02068,Industrial,Uttar Pradesh,Lucknow,8.15,76,76.78,68.88,87.36,3,2,1,52.59,58.21,86.49,74.77,Rehabilitation,444,493,0
LA-02069,Urban Development,Madhya Pradesh,Bhopal,5.0,141,59.27,54.65,56.86,3,2,1,94.11,61.14,62.72,57.35,Compensation,327,489,0
LA-02070,Urban Development,Telangana,Hyderabad,8.44,100,99.94,57.89,40.55,4,3,2,52.84,94.75,53.75,70.14,Compensation,346,496,0
LA-02071,Highway,Maharashtra,Aurangabad,37.24,195,38.84,81.82,47.65,1,2,4,75.53,82.39,69.78,68.66,Rehabilitation,476,582,0
LA-02072,Industrial,Karnataka,Bengaluru,18.54,117,87.0,93.0,62.4,0,2,3,100.0,60.78,80.71,92.92,Rehabilitation,413,526,1
LA-02073,Industrial,Uttar Pradesh,Prayagraj,5.0,75,70.49,57.19,65.03,3,0,2,81.45,89.31,23.29,62.54,Possession,294,391,0
LA-02074,Power,Uttar Pradesh,Kanpur,14.58,89,67.15,71.77,61.35,4,0,4,54.26,59.05,83.37,71.4,Notification,490,544,1
LA-02075,Urban Development,Gujarat,Vadodara,16.0,37,62.62,82.5,18.23,2,2,0,23.87,71.35,82.17,58.99,Possession,383,575,0
LA-02076,Irrigation,Maharashtra,Nagpur,9.76,1,75.86,50.11,45.19,1,3,0,38.04,87.02,42.53,43.38,Rehabilitation,496,557,1
LA-02077,Industrial,Maharashtra,Aurangabad,7.86,104,97.66,68.61,55.32,2,3,5,51.28,65.25,32.61,73.01,Possession,351,475,1
LA-02078,Power,Tamil Nadu,Salem,5.21,102,79.78,70.13,40.71,2,2,1,58.95,100.0,65.6,49.76,Rehabilitation,489,537,0
LA-02079,Highway,Rajasthan,Kota,13.68,111,97.71,81.97,44.1,6,6,2,81.36,47.88,73.52,58.16,Valuation,440,560,0
LA-02080,Industrial,Tamil Nadu,Salem,10.45,139,77.54,67.51,61.79,4,3,4,29.01,62.99,54.13,58.21,Valuation,521,565,1
LA-02081,Urban Development,Madhya Pradesh,Ujjain,24.95,70,69.12,33.01,65.68,3,3,1,60.24,98.69,72.51,52.11,Compensation,497,630,0
LA-02082,Urban Development,Uttar Pradesh,Kanpur,15.44,113,69.58,88.79,91.14,6,5,1,20.95,42.08,50.67,62.8,Compensation,624,666,1
LA-02083,Power,Telangana,Karimnagar,12.38,49,94.67,31.23,74.39,0,1,1,30.09,35.44,58.7,56.15,Compensation,231,400,1
LA-02084,Industrial,Rajasthan,Ajmer,5.0,114,66.49,71.34,50.22,6,1,0,36.66,30.03,100.0,61.19,Valuation,486,620,0
LA-02085,Irrigation,Maharashtra,Aurangabad,5.0,1,79.61,85.9,43.23,2,3,0,64.12,76.08,100.0,69.12,Valuation,327,455,1
LA-02086,Railway,Madhya Pradesh,Bhopal,38.88,94,70.19,100.0,66.79,3,0,1,41.17,60.2,92.89,62.57,Possession,441,574,0
LA-02087,Industrial,Maharashtra,Aurangabad,5.15,89,89.24,43.27,48.94,1,1,4,70.74,70.5,74.43,44.61,Rehabilitation,416,480,1
LA-02088,Irrigation,Madhya Pradesh,Bhopal,13.43,27,74.81,100.0,78.56,1,2,0,89.54,88.27,86.84,80.72,Possession,174,563,0
LA-02089,Highway,Gujarat,Rajkot,35.22,27,63.56,100.0,49.1,1,2,0,54.24,66.13,59.59,70.26,Compensation,353,456,0
LA-02090,Irrigation,Rajasthan,Jodhpur,7.81,76,78.7,71.71,62.73,0,6,0,43.75,43.94,72.62,74.66,Possession,298,448,1
LA-02091,Highway,Maharashtra,Nagpur,6.48,86,100.0,71.47,71.03,1,1,1,68.4,65.86,81.28,69.33,Rehabilitation,377,479,0
LA-02092,Highway,Madhya Pradesh,Indore,5.0,129,84.2,63.62,60.1,3,2,1,79.27,78.81,100.0,86.33,Possession,460,562,0
LA-02093,Railway,Uttar Pradesh,Agra,5.43,104,63.46,46.38,29.57,6,2,4,76.31,80.8,96.46,67.52,Compensation,502,595,1
LA-02094,Irrigation,Gujarat,Kutch,5.0,47,63.13,96.5,61.51,2,1,0,100.0,41.13,92.44,73.86,Compensation,198,469,0
LA-02095,Railway,Maharashtra,Pune,7.66,88,100.0,71.12,70.45,3,3,2,100.0,23.38,97.86,89.5,Rehabilitation,408,617,1
LA-02096,Industrial,Maharashtra,Pune,5.0,13,48.03,64.27,71.0,1,4,0,32.93,78.53,87.74,63.24,Possession,297,466,1
LA-02097,Urban Development,Maharashtra,Thane,18.32,109,58.17,67.84,46.72,1,2,3,71.19,57.87,100.0,76.74,Notification,354,546,1
LA-02098,Urban Development,Maharashtra,Nashik,8.74,50,75.64,74.22,60.22,1,2,1,46.44,86.41,67.65,73.59,Notification,416,531,0
LA-02099,Railway,Tamil Nadu,Coimbatore,5.0,1,59.48,47.65,53.15,2,0,1,61.22,57.89,73.83,48.74,Compensation,411,588,1
LA-02100,Power,Uttar Pradesh,Prayagraj,5.0,62,75.03,93.91,41.63,1,5,2,71.61,69.73,42.93,56.35,Rehabilitation,237,423,1
LA-02101,Power,Maharashtra,Nashik,7.68,95,91.4,89.43,71.97,6,1,0,65.51,94.44,68.38,74.92,Compensation,413,545,0
LA-02102,Irrigation,Rajasthan,Jaipur,8.52,5,66.17,85.92,36.17,1,5,0,56.87,43.1,69.7,51.54,Valuation,356,416,1
LA-02103,Industrial,Telangana,Hyderabad,18.19,116,71.45,84.82,51.04,3,3,2,44.17,52.8,74.66,69.7,Valuation,392,664,0
LA-02104,Industrial,Tamil Nadu,Madurai,5.0,1,50.92,64.45,100.0,1,1,0,37.6,60.52,74.68,76.92,Possession,363,464,0
LA-02105,Railway,Maharashtra,Nagpur,19.4,94,67.18,64.39,94.24,2,4,1,63.06,64.33,64.69,72.05,Compensation,346,533,0
LA-02106,Power,Telangana,Nizamabad,11.53,140,78.51,84.91,68.29,4,3,6,53.92,69.37,68.67,68.86,Valuation,392,660,0
LA-02107,Railway,Telangana,Warangal,5.0,23,88.42,47.83,74.24,0,5,0,68.75,64.56,100.0,61.72,Valuation,362,328,0
LA-02108,Industrial,Telangana,Karimnagar,5.0,110,89.93,32.63,88.7,5,2,0,70.09,84.09,42.83,54.04,Rehabilitation,424,552,0
LA-02109,Urban Development,Tamil Nadu,Chennai,5.12,100,100.0,58.33,89.74,3,1,1,59.96,91.41,74.11,79.52,Rehabilitation,313,514,0
LA-02110,Railway,Gujarat,Kutch,5.0,40,73.37,22.39,47.58,0,2,2,82.87,74.48,55.16,42.93,Notification,502,507,0
LA-02111,Highway,Tamil Nadu,Madurai,6.26,138,62.62,61.42,45.0,4,2,0,82.95,50.56,61.25,66.25,Rehabilitation,331,511,1
LA-02112,Railway,Telangana,Hyderabad,7.56,133,81.13,66.76,45.97,3,2,2,44.81,50.18,85.06,53.6,Rehabilitation,371,555,1
LA-02113,Highway,Rajasthan,Ajmer,6.01,84,83.68,78.88,93.16,3,2,1,62.08,60.97,71.79,79.44,Notification,425,551,1
LA-02114,Power,Karnataka,Belagavi,18.37,62,99.35,80.23,80.16,1,2,2,98.13,81.84,42.94,81.25,Rehabilitation,328,449,0
LA-02115,Power,Karnataka,Hubballi,5.0,109,47.02,41.77,55.8,0,1,3,82.24,96.75,71.48,53.79,Compensation,279,403,0
LA-02116,Highway,Karnataka,Mangaluru,24.91,129,90.47,63.12,36.04,2,1,4,56.49,91.56,97.94,64.78,Possession,496,523,0
LA-02117,Railway,Telangana,Karimnagar,5.0,181,74.53,93.43,69.75,3,2,5,70.94,94.98,50.92,77.21,Valuation,436,552,1
LA-02118,Urban Development,Uttar Pradesh,Agra,11.43,83,95.04,100.0,98.09,4,4,1,82.67,100.0,66.19,79.62,Rehabilitation,99,529,0
LA-02119,Railway,Karnataka,Bengaluru,5.0,89,95.27,97.02,61.56,2,2,2,61.62,73.72,48.98,67.67,Notification,469,569,1
LA-02120,Urban Development,Tamil Nadu,Salem,11.7,74,67.03,90.26,89.03,2,2,0,63.09,77.01,70.39,80.03,Valuation,254,490,1
LA-02121,Urban Development,Karnataka,Mysuru,13.39,116,72.39,84.06,46.27,4,1,4,51.06,100.0,76.59,60.18,Notification,392,604,1
LA-02122,Urban Development,Karnataka,Mangaluru,6.33,113,58.89,75.07,47.21,3,1,2,26.91,51.73,71.18,61.89,Compensation,396,561,1
LA-02123,Power,Rajasthan,Jaipur,16.15,61,62.21,58.78,77.27,1,1,1,67.48,72.18,85.0,79.35,Notification,237,525,0
LA-02124,Urban Development,Karnataka,Mysuru,5.04,89,64.68,73.81,60.19,0,2,2,75.3,74.53,68.18,67.59,Compensation,396,474,0
LA-02125,Power,Telangana,Khammam,14.5,43,84.05,56.67,67.28,0,1,1,36.04,100.0,24.95,38.31,Notification,500,485,0
LA-02126,Power,Gujarat,Rajkot,6.49,95,66.42,68.48,23.14,3,2,3,47.74,63.09,60.14,47.61,Compensation,441,589,1
LA-02127,Power,Tamil Nadu,Chennai,5.54,100,85.2,98.22,82.42,0,3,1,69.8,72.19,73.54,80.29,Notification,352,499,0
LA-02128,Power,Maharashtra,Aurangabad,21.54,72,95.08,61.46,98.59,1,2,1,63.7,69.05,55.65,68.08,Compensation,390,546,1
LA-02129,Urban Development,Gujarat,Vadodara,7.78,101,87.62,83.01,79.23,2,3,2,66.61,31.54,60.84,75.76,Compensation,187,507,0
LA-02130,Railway,Madhya Pradesh,Jabalpur,10.93,63,69.22,80.44,96.52,1,5,0,41.67,49.75,76.11,77.71,Compensation,322,517,0
LA-02131,Irrigation,Rajasthan,Udaipur,14.09,42,76.18,94.47,45.2,1,1,0,73.78,47.22,28.71,59.34,Possession,442,497,0
LA-02132,Power,Madhya Pradesh,Indore,16.85,110,70.4,57.53,90.2,4,3,5,95.22,57.82,76.94,80.24,Compensation,288,550,0
LA-02133,Urban Development,Madhya Pradesh,Jabalpur,8.98,55,100.0,96.49,36.2,0,2,1,11.52,96.54,78.23,70.0,Rehabilitation,472,562,0
LA-02134,Highway,Rajasthan,Udaipur,5.0,101,100.0,85.54,58.65,3,2,0,57.98,56.73,89.33,90.66,Rehabilitation,290,497,0
LA-02135,Highway,Maharashtra,Pune,5.0,88,45.37,100.0,71.97,2,3,3,68.7,84.02,51.07,91.48,Rehabilitation,363,491,0
LA-02136,Railway,Uttar Pradesh,Kanpur,9.09,93,59.2,35.41,53.23,1,1,4,64.59,100.0,100.0,62.2,Rehabilitation,348,572,0
LA-02137,Highway,Tamil Nadu,Tiruchirappalli,26.7,135,100.0,19.26,67.12,5,3,2,59.38,80.77,56.44,60.31,Rehabilitation,413,646,1
LA-02138,Urban Development,Telangana,Nizamabad,7.84,82,75.24,88.08,64.17,2,2,3,66.08,62.27,72.59,49.27,Possession,351,462,1
LA-02139,Industrial,Telangana,Karimnagar,8.46,67,85.6,73.48,92.02,2,1,0,47.18,62.37,60.32,88.96,Rehabilitation,265,583,1
LA-02140,Power,Telangana,Warangal,9.58,130,94.79,42.01,79.59,4,0,1,67.03,68.19,36.94,69.48,Valuation,342,578,0
LA-02141,Urban Development,Rajasthan,Udaipur,5.0,58,57.26,100.0,23.98,0,4,2,49.9,41.06,79.01,58.26,Rehabilitation,407,486,1
LA-02142,Railway,Maharashtra,Nashik,17.72,72,65.77,44.56,33.85,0,1,0,26.4,74.29,49.45,40.84,Rehabilitation,466,504,1
LA-02143,Industrial,Gujarat,Surat,8.92,84,100.0,64.54,74.71,1,2,2,31.2,60.11,48.99,49.25,Possession,608,568,0
LA-02144,Irrigation,Maharashtra,Thane,5.0,78,70.59,100.0,81.01,2,4,1,88.21,59.57,49.56,86.66,Rehabilitation,346,641,0
LA-02145,Highway,Maharashtra,Nagpur,11.37,147,65.78,100.0,40.5,5,5,0,50.64,84.92,52.9,63.05,Possession,567,641,1
LA-02146,Irrigation,Gujarat,Kutch,9.31,109,70.55,100.0,11.32,0,2,0,49.29,75.23,55.71,59.7,Valuation,514,599,0
LA-02147,Highway,Tamil Nadu,Madurai,19.03,93,100.0,84.07,41.69,1,1,3,100.0,97.07,96.42,93.53,Compensation,317,479,0
LA-02148,Irrigation,Karnataka,Belagavi,6.34,89,57.13,75.38,93.57,4,1,1,19.86,50.01,53.39,64.7,Notification,376,562,0
LA-02149,Railway,Rajasthan,Ajmer,6.3,97,82.3,60.22,53.47,5,6,2,97.04,72.87,68.35,63.7,Rehabilitation,383,606,0
LA-02150,Highway,Karnataka,Hubballi,10.06,63,93.45,100.0,98.34,2,1,2,70.52,98.19,88.4,92.11,Valuation,367,530,0
LA-02151,Railway,Uttar Pradesh,Lucknow,7.42,49,41.27,55.1,57.87,0,2,0,50.4,64.96,80.12,69.46,Notification,319,492,0
LA-02152,Urban Development,Tamil Nadu,Chennai,11.01,53,57.41,56.39,73.82,0,1,5,53.92,53.5,71.06,71.11,Notification,272,511,1
LA-02153,Industrial,Uttar Pradesh,Prayagraj,19.79,80,96.1,54.88,60.92,0,5,2,45.97,27.78,100.0,65.5,Compensation,489,499,1
LA-02154,Urban Development,Uttar Pradesh,Agra,20.02,181,54.92,62.51,56.97,3,6,4,90.09,98.31,57.29,43.85,Rehabilitation,401,585,1
LA-02155,Industrial,Rajasthan,Jodhpur,5.0,74,88.24,50.84,70.19,0,6,2,39.55,21.39,33.04,69.86,Possession,337,555,0
LA-02156,Power,Uttar Pradesh,Varanasi,12.97,80,62.71,89.54,48.1,2,2,2,57.38,49.91,57.43,56.32,Rehabilitation,489,564,1
LA-02157,Railway,Tamil Nadu,Chennai,14.18,80,71.13,86.62,88.29,2,1,0,43.72,57.31,56.94,72.15,Possession,408,493,0
LA-02158,Power,Telangana,Karimnagar,6.97,54,95.75,79.23,58.96,1,3,0,72.17,86.31,28.37,83.8,Valuation,112,472,0
LA-02159,Industrial,Tamil Nadu,Tiruchirappalli,14.36,109,89.13,70.79,35.85,3,2,4,41.81,60.52,80.94,57.83,Notification,396,541,1
LA-02160,Power,Uttar Pradesh,Agra,6.47,12,83.89,93.03,46.02,0,4,0,61.96,24.99,50.38,55.89,Notification,595,481,0
LA-02161,Railway,Gujarat,Kutch,18.74,152,56.29,31.66,54.97,4,2,1,72.43,45.97,78.7,65.5,Compensation,586,565,0
LA-02162,Urban Development,Maharashtra,Thane,12.48,51,57.37,77.77,73.33,0,1,0,61.85,100.0,61.74,71.33,Notification,344,490,0
LA-02163,Railway,Gujarat,Kutch,5.0,114,67.65,86.48,47.89,5,2,1,69.05,49.23,46.6,53.68,Possession,468,617,1
LA-02164,Railway,Uttar Pradesh,Prayagraj,12.83,43,76.83,55.9,60.28,1,1,2,35.13,87.05,63.3,57.31,Notification,347,432,0
LA-02165,Highway,Rajasthan,Jaipur,19.29,90,92.55,54.65,20.73,1,2,2,20.43,71.58,76.27,70.96,Compensation,293,503,1
LA-02166,Railway,Madhya Pradesh,Ujjain,10.25,189,65.58,70.59,65.49,3,1,6,27.3,76.73,62.96,49.18,Rehabilitation,363,546,1
LA-02167,Highway,Tamil Nadu,Salem,5.26,49,83.77,85.66,92.66,0,3,0,55.25,45.78,68.58,84.21,Possession,460,569,0
LA-02168,Highway,Uttar Pradesh,Lucknow,10.67,128,67.7,65.42,100.0,1,2,6,51.9,92.31,100.0,99.1,Compensation,315,521,1
LA-02169,Industrial,Rajasthan,Udaipur,5.0,155,86.06,81.7,61.71,0,2,1,32.33,62.68,37.96,62.4,Notification,466,525,0
LA-02170,Urban Development,Tamil Nadu,Salem,11.0,65,52.78,100.0,69.92,3,4,0,64.37,72.08,75.25,81.41,Compensation,292,479,0
LA-02171,Highway,Maharashtra,Pune,30.01,133,100.0,82.66,69.25,2,3,2,45.5,45.62,79.63,83.39,Possession,447,567,0
LA-02172,Railway,Karnataka,Mysuru,17.63,43,68.02,43.08,65.73,1,3,1,56.65,77.55,63.15,72.58,Valuation,383,505,0
LA-02173,Irrigation,Maharashtra,Nashik,20.63,71,46.84,48.09,66.65,4,1,2,66.5,82.46,93.69,68.81,Compensation,491,579,1
LA-02174,Industrial,Rajasthan,Jaipur,5.0,11,96.6,62.1,83.94,0,2,0,58.19,31.12,69.36,70.34,Possession,409,412,0
LA-02175,Irrigation,Rajasthan,Jaipur,5.0,53,100.0,75.85,65.04,1,4,2,50.67,68.21,66.09,72.67,Notification,316,423,1
LA-02176,Irrigation,Telangana,Hyderabad,9.15,93,75.65,100.0,53.78,4,2,1,42.55,50.37,41.94,69.55,Compensation,384,610,1
LA-02177,Railway,Telangana,Nizamabad,8.56,72,71.44,90.18,75.99,1,3,2,18.3,45.6,61.77,75.5,Compensation,547,482,1
LA-02178,Industrial,Maharashtra,Pune,5.0,34,71.05,58.4,34.65,0,2,0,38.21,67.71,68.83,51.96,Valuation,285,334,0
LA-02179,Railway,Madhya Pradesh,Gwalior,25.36,39,54.23,93.3,86.03,1,3,0,45.19,84.71,87.31,70.96,Possession,371,472,0
LA-02180,Urban Development,Telangana,Hyderabad,9.94,49,85.16,39.4,40.4,1,2,2,73.5,66.59,80.67,57.86,Compensation,557,600,1
LA-02181,Highway,Tamil Nadu,Salem,9.19,136,90.21,84.09,41.44,7,2,3,71.83,83.38,100.0,76.99,Possession,400,608,1
LA-02182,Industrial,Maharashtra,Aurangabad,19.89,200,80.7,81.57,13.52,2,2,2,62.7,64.54,91.37,62.4,Notification,410,514,0
LA-02183,Industrial,Madhya Pradesh,Indore,8.47,113,65.65,48.4,62.03,1,1,1,97.21,65.39,67.34,43.22,Compensation,599,509,0
LA-02184,Urban Development,Maharashtra,Nashik,5.0,89,68.78,100.0,71.96,2,0,2,31.76,34.19,89.29,77.89,Possession,266,405,1
LA-02185,Power,Rajasthan,Kota,5.0,121,87.84,89.44,100.0,1,7,2,0.0,60.62,69.09,55.71,Possession,568,564,1
LA-02186,Industrial,Uttar Pradesh,Lucknow,15.49,145,72.39,96.24,88.6,4,6,0,42.96,45.84,79.61,57.03,Possession,337,479,1
LA-02187,Railway,Rajasthan,Kota,6.48,114,78.87,42.58,56.18,4,1,2,81.52,53.13,93.42,66.86,Possession,296,613,0
LA-02188,Railway,Madhya Pradesh,Ujjain,14.63,106,64.8,75.23,14.76,2,2,1,56.14,67.1,57.34,29.0,Rehabilitation,468,540,0
LA-02189,Urban Development,Uttar Pradesh,Lucknow,5.0,47,88.01,40.36,66.34,1,2,2,60.67,87.78,79.68,58.2,Notification,361,403,0
LA-02190,Industrial,Karnataka,Mysuru,8.68,69,79.47,100.0,86.53,1,4,2,81.41,64.9,59.73,87.67,Notification,243,436,0
LA-02191,Highway,Uttar Pradesh,Agra,10.2,87,100.0,40.84,90.75,1,3,3,36.52,67.95,60.66,51.68,Possession,321,445,0
LA-02192,Irrigation,Telangana,Nizamabad,5.0,77,71.12,90.56,46.27,4,3,0,90.19,65.66,64.64,78.73,Valuation,299,570,0
LA-02193,Urban Development,Karnataka,Bengaluru,5.0,97,64.91,65.18,87.72,1,1,2,54.69,75.0,86.93,60.39,Valuation,288,543,0
LA-02194,Power,Maharashtra,Nagpur,5.0,1,100.0,100.0,51.44,0,1,0,83.98,88.68,81.28,86.6,Notification,168,493,0
LA-02195,Industrial,Maharashtra,Nashik,7.61,95,88.45,32.8,31.04,3,2,1,83.39,58.41,66.38,47.92,Possession,325,541,1
LA-02196,Irrigation,Telangana,Warangal,5.0,103,100.0,77.61,30.86,3,5,2,63.65,71.69,68.52,68.79,Possession,448,508,0
LA-02197,Urban Development,Tamil Nadu,Madurai,5.51,1,65.15,99.66,98.87,0,3,0,42.81,88.64,98.49,69.05,Compensation,395,524,0
LA-02198,Power,Uttar Pradesh,Agra,5.0,111,66.37,50.22,62.85,1,0,0,100.0,62.88,76.93,74.97,Valuation,381,483,0
LA-02199,Power,Tamil Nadu,Madurai,50.05,202,76.48,45.6,64.85,3,3,2,91.61,76.86,82.05,74.26,Valuation,368,613,1
LA-02200,Industrial,Tamil Nadu,Chennai,6.01,28,60.86,71.36,38.32,0,1,1,93.9,39.8,52.35,62.92,Valuation,404,460,1
LA-02201,Power,Gujarat,Kutch,5.42,137,83.13,74.88,87.63,5,0,4,27.36,73.64,82.63,72.4,Rehabilitation,190,549,1
LA-02202,Highway,Gujarat,Surat,5.0,41,77.26,100.0,90.99,0,2,3,74.2,100.0,95.62,67.46,Rehabilitation,438,613,1
LA-02203,Urban Development,Uttar Pradesh,Varanasi,5.56,107,54.82,71.43,63.3,3,2,2,54.97,88.98,80.65,69.83,Possession,592,634,0
LA-02204,Highway,Maharashtra,Thane,29.11,80,99.13,61.97,42.38,6,2,1,38.47,92.63,58.34,74.63,Notification,444,628,1
LA-02205,Power,Uttar Pradesh,Lucknow,7.89,99,85.34,47.8,36.53,4,4,1,100.0,37.09,66.08,57.76,Compensation,372,439,1
LA-02206,Industrial,Tamil Nadu,Salem,7.4,56,58.33,81.26,87.86,0,4,1,22.94,65.51,89.21,76.6,Valuation,411,526,0
LA-02207,Power,Gujarat,Ahmedabad,6.67,115,36.45,18.15,50.85,4,1,6,51.76,80.1,40.03,47.47,Rehabilitation,364,526,1
LA-02208,Irrigation,Madhya Pradesh,Gwalior,16.41,87,82.55,82.09,69.85,4,2,2,39.6,78.43,72.23,64.88,Notification,407,582,1
LA-02209,Railway,Gujarat,Rajkot,12.46,195,100.0,99.84,82.39,5,1,2,38.54,87.12,75.72,78.4,Compensation,312,576,1
LA-02210,Railway,Maharashtra,Thane,6.04,71,44.92,64.02,65.75,0,3,1,17.86,47.85,65.41,40.29,Compensation,344,541,0
LA-02211,Power,Madhya Pradesh,Bhopal,7.36,56,58.88,85.09,29.35,0,3,0,72.58,67.83,52.74,51.37,Rehabilitation,389,477,1
LA-02212,Irrigation,Gujarat,Rajkot,11.48,1,57.27,69.14,62.25,1,3,0,40.49,47.57,83.89,55.96,Rehabilitation,422,576,0
LA-02213,Power,Madhya Pradesh,Indore,9.49,148,53.39,81.81,80.67,1,3,2,71.64,49.99,67.18,72.71,Valuation,408,479,1
LA-02214,Power,Telangana,Hyderabad,10.91,121,49.33,82.38,100.0,1,3,2,41.71,40.45,49.24,58.9,Compensation,329,614,1
LA-02215,Urban Development,Uttar Pradesh,Kanpur,9.92,12,74.63,82.52,70.84,0,4,1,49.52,76.27,64.62,81.28,Possession,362,479,1
LA-02216,Railway,Rajasthan,Jaipur,5.0,100,58.34,73.15,69.2,2,1,0,83.97,57.66,100.0,74.66,Possession,388,558,0
LA-02217,Railway,Maharashtra,Nashik,13.26,43,94.95,54.52,93.66,1,3,1,51.18,59.74,73.28,76.16,Compensation,480,588,0
LA-02218,Urban Development,Madhya Pradesh,Ujjain,7.06,145,80.01,60.49,62.06,3,2,1,63.78,11.11,73.31,63.45,Compensation,459,602,0
LA-02219,Railway,Gujarat,Kutch,5.41,28,78.4,70.83,21.49,0,1,1,42.56,29.75,60.71,52.36,Possession,322,561,1
LA-02220,Irrigation,Uttar Pradesh,Lucknow,8.41,35,72.53,82.97,66.15,0,3,0,84.48,100.0,60.06,54.97,Rehabilitation,303,456,0
LA-02221,Power,Gujarat,Rajkot,5.0,139,92.07,47.83,73.87,1,3,2,55.02,68.82,63.82,61.0,Rehabilitation,469,533,0
LA-02222,Industrial,Karnataka,Bengaluru,45.71,161,78.82,71.13,66.43,1,4,4,69.99,69.49,82.6,69.86,Possession,227,519,1
LA-02223,Industrial,Uttar Pradesh,Agra,11.41,80,78.82,68.66,64.78,4,2,4,26.7,42.86,88.42,78.51,Possession,321,552,1
LA-02224,Highway,Madhya Pradesh,Indore,5.0,1,85.49,65.59,65.63,0,4,0,63.15,52.76,84.47,65.41,Compensation,275,354,0
LA-02225,Industrial,Uttar Pradesh,Agra,5.79,91,23.59,100.0,59.91,4,6,1,64.38,44.39,89.57,62.12,Notification,339,456,1
LA-02226,Industrial,Madhya Pradesh,Jabalpur,12.0,150,55.84,75.84,75.28,3,2,3,76.61,62.94,74.53,68.34,Notification,353,553,0
LA-02227,Urban Development,Gujarat,Surat,11.47,82,48.7,88.17,43.42,2,3,3,100.0,68.65,48.09,65.62,Rehabilitation,340,616,0
LA-02228,Highway,Madhya Pradesh,Bhopal,7.2,12,90.01,40.95,85.72,1,2,0,79.46,50.74,84.87,68.29,Valuation,302,560,0
LA-02229,Irrigation,Karnataka,Bengaluru,6.39,60,73.6,89.98,34.33,1,2,0,61.52,80.65,72.27,76.24,Notification,268,468,0
LA-02230,Highway,Uttar Pradesh,Varanasi,5.31,49,94.5,92.74,34.98,1,4,1,64.64,62.4,83.67,79.86,Notification,328,470,0
LA-02231,Urban Development,Tamil Nadu,Madurai,5.66,95,69.84,35.16,27.41,3,4,2,63.75,77.43,75.02,41.33,Valuation,336,494,0
LA-02232,Highway,Uttar Pradesh,Kanpur,5.41,2,86.0,95.47,49.48,0,1,0,99.91,85.38,26.11,64.49,Compensation,485,422,0
LA-02233,Highway,Tamil Nadu,Tiruchirappalli,6.58,72,62.97,50.72,53.99,1,2,1,34.73,88.73,74.89,56.48,Valuation,179,463,1
LA-02234,Highway,Uttar Pradesh,Lucknow,5.0,132,62.15,66.86,73.26,0,2,6,61.61,49.5,77.0,70.52,Rehabilitation,488,514,1
LA-02235,Urban Development,Maharashtra,Pune,9.85,154,63.35,68.01,46.46,4,2,4,66.05,51.82,79.68,58.67,Notification,406,683,0
LA-02236,Highway,Telangana,Nizamabad,9.37,74,73.09,92.2,68.29,2,7,2,26.26,75.63,94.75,77.03,Notification,398,560,1
LA-02237,Railway,Gujarat,Vadodara,5.94,97,76.22,36.48,48.2,4,3,2,100.0,45.29,59.53,63.05,Notification,519,519,0
LA-02238,Irrigation,Telangana,Hyderabad,5.0,18,89.27,79.46,48.59,2,0,1,32.49,67.74,58.56,76.65,Notification,200,392,0
LA-02239,Power,Gujarat,Kutch,18.96,100,50.17,88.28,94.0,3,4,3,29.36,58.71,100.0,83.29,Notification,426,405,0
LA-02240,Irrigation,Telangana,Karimnagar,9.23,144,84.22,52.93,100.0,4,3,5,85.42,38.38,53.45,81.07,Notification,442,564,0
LA-02241,Urban Development,Telangana,Warangal,5.0,124,93.15,99.83,31.65,1,4,1,35.94,62.59,49.12,60.24,Possession,490,540,1
LA-02242,Power,Gujarat,Vadodara,5.0,13,84.33,83.91,71.54,1,4,0,86.37,55.35,50.86,71.15,Rehabilitation,241,455,1
LA-02243,Industrial,Telangana,Khammam,11.45,80,62.12,62.72,85.81,1,3,0,44.09,64.36,43.87,60.03,Possession,308,575,0
LA-02244,Highway,Tamil Nadu,Chennai,5.0,78,73.74,65.96,84.72,1,1,3,84.38,100.0,59.02,82.27,Rehabilitation,236,510,0
LA-02245,Urban Development,Tamil Nadu,Tiruchirappalli,5.0,1,71.55,42.05,100.0,0,3,1,59.49,87.97,60.78,70.2,Valuation,452,513,0
LA-02246,Highway,Maharashtra,Pune,10.52,81,98.13,80.26,35.06,0,1,4,24.47,24.17,93.92,55.38,Possession,364,483,0
LA-02247,Power,Maharashtra,Thane,5.56,64,64.86,81.94,85.97,3,2,0,100.0,75.31,71.38,75.46,Valuation,306,576,0
LA-02248,Urban Development,Rajasthan,Ajmer,10.42,105,56.73,91.28,65.96,1,2,1,8.59,51.15,65.48,70.9,Compensation,487,560,1
LA-02249,Irrigation,Telangana,Karimnagar,12.69,163,89.94,72.63,71.07,1,2,3,0.0,85.5,63.58,61.9,Possession,505,568,1
LA-02250,Industrial,Rajasthan,Jodhpur,22.0,126,70.55,100.0,26.63,3,1,1,51.71,59.24,100.0,66.72,Valuation,515,608,1
LA-02251,Highway,Gujarat,Surat,5.0,84,76.24,65.18,67.14,0,1,1,67.17,82.37,81.05,68.19,Compensation,427,536,0
LA-02252,Urban Development,Telangana,Khammam,7.69,74,80.2,72.85,61.71,2,5,0,90.92,59.16,68.44,73.01,Compensation,368,557,1
LA-02253,Irrigation,Rajasthan,Jodhpur,5.0,116,70.29,60.57,72.81,1,1,1,70.87,77.8,55.19,61.32,Rehabilitation,403,537,0
LA-02254,Irrigation,Tamil Nadu,Madurai,5.84,52,87.26,91.78,100.0,1,2,1,15.26,47.44,64.38,87.12,Compensation,279,316,0
LA-02255,Highway,Rajasthan,Jaipur,27.9,45,73.36,80.82,62.67,1,0,1,62.98,42.91,34.82,53.05,Valuation,437,551,0
LA-02256,Urban Development,Gujarat,Vadodara,5.7,66,100.0,61.66,65.27,1,2,1,62.86,84.94,71.57,54.97,Compensation,379,487,1
LA-02257,Railway,Madhya Pradesh,Bhopal,13.76,139,86.23,70.15,67.59,5,2,2,83.78,58.66,59.94,72.76,Notification,342,721,1
LA-02258,Irrigation,Madhya Pradesh,Gwalior,5.0,108,55.1,68.86,31.63,3,1,1,74.22,53.86,61.37,53.56,Rehabilitation,303,498,0
LA-02259,Urban Development,Tamil Nadu,Tiruchirappalli,6.92,120,68.49,77.39,47.07,4,1,0,51.72,61.35,62.32,68.08,Possession,468,660,1
LA-02260,Irrigation,Karnataka,Belagavi,6.85,30,90.98,84.82,85.66,1,2,0,80.11,89.74,66.54,82.25,Compensation,350,465,0
LA-02261,Railway,Maharashtra,Aurangabad,5.0,46,100.0,97.35,80.05,1,0,1,75.14,87.61,53.46,74.08,Notification,376,633,0
LA-02262,Industrial,Madhya Pradesh,Indore,5.18,103,74.53,84.26,71.45,2,0,4,89.65,62.7,86.67,76.28,Valuation,273,602,0
LA-02263,Power,Madhya Pradesh,Gwalior,5.0,58,100.0,10.09,56.68,0,0,1,51.63,65.04,57.94,53.82,Possession,459,575,0
LA-02264,Railway,Madhya Pradesh,Gwalior,5.59,101,91.01,62.15,64.61,0,2,0,49.21,89.94,95.35,72.39,Compensation,363,508,0
LA-02265,Power,Telangana,Warangal,9.31,168,93.03,65.75,45.21,5,1,1,30.81,68.94,100.0,64.1,Rehabilitation,308,550,0
LA-02266,Railway,Gujarat,Rajkot,11.14,181,76.36,71.25,62.43,2,2,5,63.61,92.71,81.44,75.52,Notification,308,540,0
LA-02267,Highway,Tamil Nadu,Chennai,5.0,76,68.71,94.81,49.72,1,3,0,96.21,99.99,83.04,77.58,Possession,358,468,0
LA-02268,Highway,Rajasthan,Kota,6.93,120,39.56,52.15,39.69,2,3,1,31.2,68.11,72.88,50.74,Rehabilitation,385,556,1
LA-02269,Railway,Tamil Nadu,Chennai,14.55,92,69.85,65.33,36.19,3,2,2,64.87,65.88,54.08,39.79,Notification,414,495,1
LA-02270,Railway,Madhya Pradesh,Jabalpur,5.0,122,68.64,62.3,46.95,5,4,3,14.88,61.79,75.87,51.5,Valuation,488,555,1
LA-02271,Railway,Karnataka,Mysuru,25.45,68,77.27,56.56,56.02,1,4,1,55.02,63.1,65.5,61.2,Compensation,422,447,1
LA-02272,Urban Development,Madhya Pradesh,Bhopal,9.51,79,89.65,46.78,50.38,1,2,2,32.68,53.61,80.66,60.62,Valuation,416,403,1
LA-02273,Highway,Rajasthan,Kota,5.0,55,64.75,66.19,40.93,0,1,1,24.41,52.28,52.67,50.79,Notification,485,546,0
LA-02274,Highway,Rajasthan,Udaipur,5.0,156,75.91,16.72,72.37,1,3,5,0.0,88.8,70.6,24.14,Notification,614,570,1
LA-02275,Irrigation,Madhya Pradesh,Jabalpur,5.09,73,79.13,53.05,38.44,1,2,1,29.03,74.97,90.84,49.53,Rehabilitation,258,523,0
LA-02276,Railway,Tamil Nadu,Madurai,8.5,141,71.28,72.69,74.8,2,6,1,92.56,56.82,35.7,80.07,Valuation,473,608,1
LA-02277,Urban Development,Telangana,Hyderabad,17.26,83,96.87,63.05,74.45,0,1,2,74.21,85.67,62.05,78.91,Notification,170,501,0
LA-02278,Railway,Rajasthan,Jodhpur,5.8,60,100.0,49.62,59.74,0,3,1,15.92,97.56,60.2,64.94,Valuation,359,466,1
LA-02279,Urban Development,Telangana,Nizamabad,5.34,101,30.18,44.54,65.15,5,1,0,42.75,73.23,100.0,68.72,Compensation,382,614,0
LA-02280,Urban Development,Telangana,Warangal,8.79,138,56.55,69.83,67.85,1,1,3,44.19,54.76,67.6,46.31,Notification,457,581,0
LA-02281,Urban Development,Madhya Pradesh,Ujjain,5.0,40,57.25,57.76,77.11,1,2,0,17.85,100.0,51.07,54.67,Compensation,373,417,1
LA-02282,Railway,Tamil Nadu,Coimbatore,14.54,106,92.38,86.51,87.66,3,2,2,29.98,84.14,78.89,81.78,Notification,468,571,1
LA-02283,Power,Karnataka,Mysuru,5.92,77,61.94,68.37,94.1,1,2,0,91.77,67.24,39.02,83.59,Possession,260,479,0
LA-02284,Urban Development,Uttar Pradesh,Kanpur,7.14,46,62.54,74.94,51.27,2,2,1,69.34,29.07,69.35,71.32,Notification,250,515,1
LA-02285,Industrial,Maharashtra,Nashik,19.24,105,77.68,67.39,87.76,3,2,1,84.35,83.7,90.2,80.38,Possession,223,504,0
LA-02286,Industrial,Tamil Nadu,Salem,11.42,95,74.58,100.0,43.72,1,3,2,56.5,77.84,73.7,75.39,Possession,255,473,0
LA-02287,Industrial,Rajasthan,Kota,13.62,100,57.64,87.38,100.0,1,3,3,62.79,57.51,70.98,78.36,Compensation,427,504,1
LA-02288,Urban Development,Uttar Pradesh,Varanasi,22.99,120,66.19,81.47,49.48,2,0,1,88.88,88.18,51.1,71.43,Rehabilitation,362,535,0
LA-02289,Irrigation,Telangana,Khammam,12.71,95,81.11,33.19,64.61,3,3,4,48.98,54.94,81.98,60.68,Notification,444,707,1
LA-02290,Railway,Madhya Pradesh,Bhopal,23.85,184,68.81,50.42,70.71,5,4,9,99.29,55.23,71.12,71.33,Rehabilitation,558,630,1
LA-02291,Railway,Telangana,Warangal,5.0,42,70.53,40.01,55.3,3,3,0,27.09,38.11,67.53,55.71,Compensation,426,496,0
LA-02292,Industrial,Telangana,Khammam,5.33,8,66.84,87.36,55.23,0,2,0,76.13,100.0,76.1,68.21,Valuation,397,513,0
LA-02293,Irrigation,Karnataka,Mangaluru,6.05,65,100.0,67.92,67.37,0,0,2,81.88,56.55,71.89,85.25,Notification,393,353,0
LA-02294,Railway,Maharashtra,Nagpur,5.0,43,49.88,29.97,53.52,0,4,0,77.07,40.2,62.49,57.49,Rehabilitation,369,408,1
LA-02295,Urban Development,Tamil Nadu,Coimbatore,8.76,79,81.84,83.27,100.0,1,2,1,75.66,57.55,60.95,80.53,Possession,328,378,0
LA-02296,Highway,Uttar Pradesh,Prayagraj,5.0,141,78.17,77.72,79.12,3,1,4,47.59,57.77,89.8,86.19,Possession,286,504,1
LA-02297,Irrigation,Telangana,Karimnagar,5.66,141,91.74,86.12,69.15,2,4,1,40.16,83.8,66.87,71.28,Rehabilitation,215,464,1
LA-02298,Industrial,Telangana,Nizamabad,6.0,34,84.0,45.75,84.51,0,4,2,49.03,61.46,67.85,67.68,Rehabilitation,280,433,0
LA-02299,Irrigation,Karnataka,Belagavi,5.0,20,79.41,64.26,81.95,1,1,0,37.98,36.08,64.65,69.75,Notification,510,461,0
LA-02300,Railway,Uttar Pradesh,Kanpur,5.0,102,68.2,57.33,100.0,1,2,2,51.05,71.56,62.58,68.06,Compensation,530,453,0
LA-02301,Power,Maharashtra,Nagpur,5.0,41,92.46,83.18,87.88,0,2,1,23.77,90.46,79.38,81.57,Notification,442,582,0
LA-02302,Irrigation,Maharashtra,Nagpur,28.97,96,58.64,84.02,81.85,1,4,3,58.16,75.26,63.36,79.81,Valuation,479,619,0
LA-02303,Highway,Maharashtra,Pune,9.39,112,83.07,88.83,89.78,3,2,5,43.32,57.47,31.45,66.16,Compensation,436,647,0
LA-02304,Highway,Madhya Pradesh,Jabalpur,5.0,15,61.73,64.34,97.47,0,0,1,45.63,57.4,80.11,58.1,Valuation,411,398,0
LA-02305,Power,Tamil Nadu,Madurai,5.0,156,70.43,81.84,68.45,0,1,1,81.9,20.59,64.39,70.94,Compensation,258,460,1
LA-02306,Power,Karnataka,Mysuru,5.0,114,73.88,39.95,18.94,3,2,0,63.9,54.69,49.48,31.85,Possession,489,629,1
LA-02307,Railway,Karnataka,Bengaluru,5.0,122,86.02,64.88,29.2,4,3,1,56.84,48.69,65.84,56.84,Compensation,299,525,1
LA-02308,Irrigation,Tamil Nadu,Salem,5.0,43,88.33,44.92,59.63,1,4,1,54.2,75.1,84.67,73.78,Rehabilitation,416,432,1
LA-02309,Urban Development,Gujarat,Vadodara,8.02,71,85.79,86.43,43.85,1,2,1,42.15,100.0,61.94,68.51,Possession,483,571,0
LA-02310,Railway,Telangana,Warangal,11.36,22,65.12,68.24,46.9,1,2,1,100.0,71.14,51.94,55.72,Valuation,503,504,0
LA-02311,Power,Madhya Pradesh,Gwalior,5.0,1,20.46,70.96,35.0,0,0,0,78.37,77.54,50.37,47.63,Valuation,507,437,0
LA-02312,Urban Development,Uttar Pradesh,Varanasi,26.26,102,73.66,60.64,43.46,4,3,1,69.26,51.17,67.81,67.6,Compensation,428,586,1
LA-02313,Highway,Tamil Nadu,Coimbatore,11.68,121,88.26,94.57,53.6,3,5,3,100.0,48.94,61.02,78.57,Rehabilitation,395,555,0
LA-02314,Power,Telangana,Warangal,6.1,158,75.64,24.76,84.51,4,2,4,59.73,64.59,75.3,72.36,Rehabilitation,598,643,0
LA-02315,Industrial,Gujarat,Rajkot,5.49,93,100.0,74.08,91.94,2,6,3,88.59,71.99,100.0,86.28,Valuation,357,563,1
LA-02316,Urban Development,Rajasthan,Kota,5.0,48,87.9,61.0,52.61,1,3,1,76.92,45.79,50.99,78.75,Notification,314,496,0
LA-02317,Industrial,Tamil Nadu,Madurai,5.0,111,67.0,67.93,60.21,6,1,4,62.79,47.21,100.0,82.78,Valuation,447,741,0
LA-02318,Industrial,Telangana,Karimnagar,17.93,109,78.22,90.41,93.53,2,2,1,48.82,55.31,86.16,79.62,Possession,370,476,0
LA-02319,Irrigation,Tamil Nadu,Tiruchirappalli,5.0,102,53.98,83.6,35.57,2,4,2,53.03,39.24,54.94,47.3,Notification,486,574,1
LA-02320,Urban Development,Gujarat,Surat,14.98,105,100.0,61.46,100.0,0,1,1,73.05,73.89,75.12,72.51,Valuation,167,517,0
LA-02321,Irrigation,Telangana,Karimnagar,5.0,68,55.76,73.25,60.47,1,2,0,50.35,49.73,77.57,56.22,Valuation,405,441,1
LA-02322,Industrial,Maharashtra,Thane,5.0,22,71.1,71.79,59.83,0,0,0,75.7,87.09,79.71,70.15,Rehabilitation,184,509,1
LA-02323,Railway,Uttar Pradesh,Lucknow,5.0,146,100.0,100.0,43.74,3,5,4,75.75,60.96,63.87,69.05,Compensation,705,619,0
LA-02324,Urban Development,Uttar Pradesh,Agra,9.36,1,93.25,60.19,64.61,0,1,0,43.43,41.69,66.41,61.72,Notification,270,370,0
LA-02325,Railway,Maharashtra,Thane,5.0,120,73.4,50.95,21.81,3,4,3,35.69,69.96,53.58,47.07,Valuation,416,559,1
LA-02326,Highway,Uttar Pradesh,Lucknow,5.0,70,91.18,44.51,95.29,1,1,1,91.15,36.51,44.12,71.6,Valuation,335,534,0
LA-02327,Railway,Maharashtra,Aurangabad,9.19,16,62.45,87.13,90.92,1,3,0,37.66,68.5,78.31,71.92,Compensation,382,496,1
LA-02328,Railway,Madhya Pradesh,Jabalpur,5.0,108,92.0,10.25,50.62,1,2,3,46.92,67.14,60.48,41.14,Possession,343,381,0
LA-02329,Highway,Uttar Pradesh,Lucknow,9.82,49,82.79,87.14,27.16,2,2,2,62.96,57.33,80.53,69.0,Compensation,507,473,1
LA-02330,Urban Development,Gujarat,Surat,8.68,11,85.58,100.0,68.54,0,3,1,68.22,67.14,90.3,90.86,Compensation,284,430,0
LA-02331,Industrial,Telangana,Warangal,5.4,83,81.42,100.0,52.74,0,4,2,45.33,39.32,37.5,65.29,Notification,393,572,0
LA-02332,Railway,Telangana,Karimnagar,6.56,1,83.83,84.52,66.62,1,2,0,12.78,40.82,51.34,70.3,Notification,332,511,1
LA-02333,Industrial,Madhya Pradesh,Bhopal,5.0,7,56.22,88.21,50.72,2,1,1,89.85,38.14,41.23,60.22,Valuation,248,428,1
LA-02334,Irrigation,Telangana,Karimnagar,5.92,43,53.04,82.83,47.33,1,2,0,100.0,59.82,75.29,68.5,Valuation,454,527,1
LA-02335,Urban Development,Karnataka,Mangaluru,5.0,86,72.63,79.22,49.41,4,3,1,22.11,75.03,69.44,60.76,Valuation,509,592,1
LA-02336,Urban Development,Uttar Pradesh,Agra,7.49,1,91.81,100.0,70.3,0,3,3,78.81,90.19,55.49,76.74,Valuation,301,431,0
LA-02337,Highway,Rajasthan,Udaipur,5.0,93,73.08,100.0,84.07,1,3,2,68.18,78.89,44.44,79.85,Notification,202,432,0
LA-02338,Industrial,Madhya Pradesh,Ujjain,21.07,118,74.88,70.02,50.72,2,3,3,22.12,86.39,60.97,42.37,Compensation,613,605,1
LA-02339,Urban Development,Uttar Pradesh,Varanasi,5.0,103,70.8,41.77,67.16,4,3,1,48.98,89.62,58.09,63.92,Rehabilitation,520,624,0
LA-02340,Urban Development,Gujarat,Ahmedabad,10.31,124,100.0,51.08,66.16,0,4,0,34.48,63.79,40.26,51.88,Compensation,282,571,0
LA-02341,Power,Uttar Pradesh,Agra,32.82,74,71.45,63.01,50.11,1,2,0,52.69,100.0,79.81,48.96,Compensation,312,477,0
LA-02342,Industrial,Rajasthan,Udaipur,14.17,128,70.16,67.74,69.47,3,1,0,81.42,47.24,69.78,65.59,Valuation,617,554,0
LA-02343,Railway,Telangana,Karimnagar,5.0,94,75.01,86.24,50.46,3,3,0,71.87,47.07,48.27,69.09,Rehabilitation,223,500,1
LA-02344,Power,Rajasthan,Ajmer,30.88,114,100.0,78.48,59.24,2,2,4,58.81,88.25,92.29,78.26,Notification,479,544,0
LA-02345,Industrial,Gujarat,Surat,7.49,86,77.55,83.77,84.57,2,2,0,90.35,77.1,63.89,76.85,Valuation,271,487,0
LA-02346,Irrigation,Karnataka,Bengaluru,11.07,36,76.49,94.26,75.81,1,2,0,62.17,60.47,89.2,77.74,Valuation,471,607,0
LA-02347,Industrial,Telangana,Khammam,5.0,124,90.97,100.0,50.29,4,1,6,6.32,95.64,59.18,54.19,Notification,543,639,0
LA-02348,Irrigation,Maharashtra,Pune,5.0,63,75.45,69.57,32.38,0,5,1,87.91,90.08,74.69,66.3,Possession,349,445,0
LA-02349,Irrigation,Telangana,Karimnagar,5.76,97,81.46,85.06,78.16,3,0,1,65.93,74.27,60.38,81.52,Valuation,449,538,1
LA-02350,Irrigation,Madhya Pradesh,Ujjain,6.32,47,76.28,65.08,100.0,1,4,0,38.25,79.67,64.53,79.77,Notification,393,437,1
LA-02351,Industrial,Gujarat,Ahmedabad,5.81,121,85.83,77.3,25.8,3,3,0,73.74,78.78,81.76,79.76,Rehabilitation,393,552,0
LA-02352,Industrial,Tamil Nadu,Salem,5.67,45,97.33,90.98,80.01,1,1,0,65.32,71.76,67.84,88.17,Valuation,377,513,0
LA-02353,Industrial,Gujarat,Ahmedabad,13.39,95,79.91,85.13,38.77,1,3,1,37.16,26.86,100.0,50.34,Compensation,390,488,1
LA-02354,Highway,Rajasthan,Kota,5.0,39,64.09,54.08,43.97,0,3,1,73.05,61.28,72.45,57.76,Rehabilitation,256,463,1
LA-02355,Industrial,Uttar Pradesh,Lucknow,5.0,81,48.28,62.47,93.38,4,2,1,84.61,73.57,76.94,88.63,Notification,363,560,0
LA-02356,Urban Development,Madhya Pradesh,Gwalior,6.48,82,62.75,100.0,71.32,1,5,2,80.08,59.74,51.86,70.95,Valuation,247,423,0
LA-02357,Industrial,Karnataka,Mysuru,13.0,50,92.7,100.0,55.65,1,0,0,55.29,70.74,70.37,73.98,Valuation,416,445,0
LA-02358,Highway,Maharashtra,Nashik,11.92,174,59.14,72.32,84.14,5,1,2,20.81,89.29,82.7,61.66,Compensation,573,621,0
LA-02359,Highway,Telangana,Warangal,8.17,128,99.2,92.9,70.68,1,3,2,69.93,79.13,80.97,87.37,Notification,209,462,0
LA-02360,Power,Gujarat,Rajkot,5.0,109,79.38,56.13,71.81,3,1,1,45.7,76.76,69.89,60.41,Valuation,515,606,0
LA-02361,Industrial,Tamil Nadu,Coimbatore,5.0,99,99.7,47.64,27.49,1,0,2,91.05,100.0,100.0,61.78,Valuation,631,671,0
LA-02362,Power,Gujarat,Kutch,5.0,101,64.26,95.55,61.72,3,1,1,20.81,52.09,92.02,67.92,Valuation,423,570,0
LA-02363,Industrial,Gujarat,Kutch,7.69,44,91.09,66.87,99.82,1,3,0,21.4,72.19,66.71,66.37,Notification,412,374,0
LA-02364,Industrial,Karnataka,Belagavi,6.79,96,81.83,66.12,53.07,2,2,1,38.3,96.57,73.93,68.23,Notification,335,668,0
LA-02365,Urban Development,Gujarat,Ahmedabad,7.98,139,70.38,77.85,65.61,2,1,1,54.42,73.99,72.98,69.04,Rehabilitation,627,611,0
LA-02366,Railway,Madhya Pradesh,Jabalpur,17.57,51,100.0,72.77,67.05,2,5,0,50.09,59.82,75.34,71.26,Valuation,202,490,0
LA-02367,Railway,Maharashtra,Pune,5.0,42,90.52,79.95,36.0,2,3,0,27.25,79.92,74.51,56.72,Rehabilitation,434,531,0
LA-02368,Highway,Gujarat,Rajkot,17.99,102,82.83,77.34,50.27,2,2,3,51.11,76.05,48.31,47.25,Valuation,474,549,1
LA-02369,Power,Maharashtra,Nashik,19.79,118,76.57,78.62,54.98,1,3,0,81.38,53.61,52.28,60.36,Notification,482,492,0
LA-02370,Power,Rajasthan,Jodhpur,7.16,87,76.6,71.13,45.32,3,6,1,46.43,37.89,60.83,56.56,Notification,345,572,1
LA-02371,Industrial,Maharashtra,Nagpur,6.85,115,40.9,69.32,63.74,2,3,0,40.93,85.19,74.4,62.69,Compensation,420,578,1
LA-02372,Urban Development,Madhya Pradesh,Ujjain,13.47,93,71.22,100.0,78.68,3,3,2,49.19,100.0,76.35,83.96,Valuation,394,484,0
LA-02373,Urban Development,Telangana,Karimnagar,5.0,89,53.22,91.22,51.43,5,2,2,56.06,84.5,48.69,80.27,Notification,385,546,0
LA-02374,Railway,Madhya Pradesh,Indore,5.0,66,100.0,100.0,32.98,4,4,0,100.0,64.42,82.26,76.37,Compensation,292,489,0
LA-02375,Irrigation,Rajasthan,Jaipur,28.06,78,72.14,74.66,72.17,0,2,0,56.72,69.68,58.59,82.49,Rehabilitation,350,541,0
LA-02376,Power,Tamil Nadu,Chennai,10.99,130,82.73,52.16,79.26,4,2,0,83.47,54.13,66.21,78.27,Rehabilitation,386,593,0
LA-02377,Railway,Uttar Pradesh,Kanpur,21.01,127,100.0,97.99,81.38,3,4,1,78.24,46.36,53.99,86.37,Notification,102,483,1
LA-02378,Power,Karnataka,Mangaluru,6.33,56,64.31,75.86,65.78,2,2,2,80.82,54.35,100.0,74.28,Compensation,507,602,0
LA-02379,Highway,Maharashtra,Nashik,5.1,44,81.94,82.26,81.3,1,3,2,58.04,81.24,42.36,56.18,Rehabilitation,358,564,1
LA-02380,Irrigation,Uttar Pradesh,Lucknow,6.37,40,78.87,69.71,47.37,0,3,2,21.25,76.16,68.13,68.68,Possession,278,526,1
LA-02381,Urban Development,Rajasthan,Kota,8.81,54,85.5,49.66,58.74,1,5,2,69.76,62.16,60.2,65.96,Notification,283,454,0
LA-02382,Urban Development,Tamil Nadu,Salem,22.91,98,88.85,57.68,84.92,2,2,3,46.93,73.83,61.67,81.96,Valuation,576,694,1
LA-02383,Irrigation,Rajasthan,Kota,5.38,43,44.8,65.44,70.07,0,5,2,74.68,33.81,60.83,64.61,Rehabilitation,198,449,1
LA-02384,Highway,Tamil Nadu,Chennai,5.0,21,77.3,77.22,61.43,0,0,0,83.89,33.29,40.6,78.66,Possession,263,497,0
LA-02385,Urban Development,Uttar Pradesh,Varanasi,5.0,69,78.34,94.65,68.39,2,3,1,69.18,53.27,55.15,65.52,Possession,436,617,1
LA-02386,Power,Madhya Pradesh,Ujjain,12.66,125,99.28,47.59,61.87,2,6,4,65.39,74.5,68.58,68.93,Possession,505,518,0
LA-02387,Power,Gujarat,Surat,7.8,127,80.84,65.55,82.37,2,1,2,50.83,66.56,42.08,46.98,Notification,492,568,0
LA-02388,Urban Development,Maharashtra,Nagpur,10.46,1,65.77,58.21,78.49,1,5,0,100.0,30.68,77.18,67.85,Valuation,326,537,1
LA-02389,Power,Telangana,Warangal,39.36,167,47.94,63.92,65.45,10,3,4,55.44,43.57,55.51,44.32,Possession,721,660,1
LA-02390,Highway,Gujarat,Surat,44.4,135,96.19,65.34,43.12,0,3,1,46.3,71.51,99.1,56.07,Compensation,299,508,0
LA-02391,Industrial,Karnataka,Mysuru,5.0,38,60.95,74.13,76.01,2,2,1,63.68,73.93,57.7,61.9,Valuation,453,539,0
LA-02392,Industrial,Madhya Pradesh,Indore,5.0,137,77.07,72.79,61.18,2,4,1,55.74,66.58,37.36,60.12,Valuation,424,512,1
LA-02393,Power,Uttar Pradesh,Agra,5.86,1,55.14,26.84,65.49,0,1,0,59.88,87.12,71.35,46.75,Valuation,351,430,0
LA-02394,Irrigation,Tamil Nadu,Chennai,16.0,37,100.0,43.33,66.69,1,1,2,100.0,85.65,80.42,84.81,Possession,451,553,0
LA-02395,Industrial,Karnataka,Bengaluru,5.0,107,100.0,100.0,82.43,0,0,3,73.8,65.21,53.35,71.64,Valuation,478,452,0
LA-02396,Power,Tamil Nadu,Madurai,6.88,74,80.89,32.84,71.15,1,1,0,49.21,21.54,49.84,60.69,Valuation,416,614,0
LA-02397,Railway,Gujarat,Surat,5.0,58,74.12,87.48,90.37,0,6,0,49.1,17.25,82.24,82.74,Valuation,379,435,0
LA-02398,Urban Development,Telangana,Khammam,17.57,100,67.78,81.28,27.78,3,2,2,43.87,90.1,64.49,67.62,Compensation,396,599,0
LA-02399,Railway,Uttar Pradesh,Lucknow,5.0,59,97.92,47.02,76.15,0,3,2,70.16,59.66,65.8,73.5,Notification,251,399,0
LA-02400,Industrial,Maharashtra,Nashik,15.15,111,78.49,79.9,28.16,0,2,2,30.37,30.5,64.36,41.82,Notification,514,544,1
LA-02401,Power,Rajasthan,Jodhpur,7.84,30,82.63,62.47,94.28,1,1,0,62.19,45.77,83.33,86.02,Valuation,270,425,0
LA-02402,Highway,Rajasthan,Ajmer,10.48,67,100.0,98.87,80.35,2,6,2,85.07,54.09,72.86,95.62,Possession,350,609,1
LA-02403,Railway,Madhya Pradesh,Ujjain,5.0,97,67.38,59.29,81.46,2,1,1,38.51,72.87,74.16,63.76,Notification,427,496,1
LA-02404,Industrial,Uttar Pradesh,Agra,5.0,66,88.16,48.28,75.27,5,1,2,87.34,51.53,92.77,76.61,Valuation,426,571,0
LA-02405,Power,Madhya Pradesh,Bhopal,9.14,72,100.0,19.9,64.9,4,3,2,70.4,18.3,71.02,60.46,Rehabilitation,470,580,1
LA-02406,Railway,Madhya Pradesh,Jabalpur,7.02,136,87.0,91.54,82.62,2,4,1,63.67,53.48,36.81,60.07,Compensation,442,518,0
LA-02407,Urban Development,Uttar Pradesh,Kanpur,5.0,35,63.88,54.78,72.78,0,0,0,12.96,65.13,75.99,59.36,Compensation,419,426,0
LA-02408,Industrial,Maharashtra,Nagpur,29.34,38,90.0,63.25,42.32,1,1,0,53.22,55.63,68.27,56.65,Rehabilitation,281,424,1
LA-02409,Industrial,Rajasthan,Udaipur,5.17,15,60.54,100.0,56.14,0,1,0,50.19,87.22,80.72,77.05,Rehabilitation,153,389,1
LA-02410,Industrial,Telangana,Warangal,6.01,24,100.0,98.9,50.09,1,3,0,57.65,32.15,84.22,75.84,Rehabilitation,602,549,1
LA-02411,Highway,Telangana,Karimnagar,9.92,116,96.14,27.52,87.43,1,3,4,31.19,64.02,76.5,67.56,Notification,388,459,0
LA-02412,Irrigation,Rajasthan,Ajmer,6.57,198,100.0,92.18,55.71,6,2,2,79.22,67.9,88.72,89.15,Valuation,268,519,0
LA-02413,Irrigation,Telangana,Karimnagar,5.0,110,100.0,65.34,80.35,1,3,2,82.18,36.27,66.08,63.75,Compensation,541,590,0
LA-02414,Industrial,Karnataka,Belagavi,5.0,102,59.3,70.14,1.31,1,3,1,52.14,74.4,65.68,57.81,Possession,271,435,1
LA-02415,Urban Development,Uttar Pradesh,Lucknow,26.32,15,81.41,71.81,51.64,1,3,1,67.79,71.61,50.24,50.19,Compensation,383,493,0
LA-02416,Railway,Uttar Pradesh,Kanpur,8.05,1,98.31,76.56,97.91,0,4,0,52.82,73.3,43.07,81.31,Valuation,321,458,0
LA-02417,Railway,Gujarat,Ahmedabad,7.35,30,100.0,63.22,42.66,0,2,2,94.91,39.78,76.16,82.56,Possession,168,482,0
LA-02418,Power,Tamil Nadu,Salem,6.16,40,91.89,96.09,76.13,1,2,1,95.05,74.48,66.02,74.07,Rehabilitation,326,547,0
LA-02419,Industrial,Telangana,Nizamabad,18.24,53,63.34,58.76,88.62,2,3,1,43.89,93.28,62.12,65.66,Rehabilitation,372,531,0
LA-02420,Industrial,Karnataka,Mangaluru,6.75,36,67.62,68.7,37.87,0,3,2,53.94,53.6,82.62,60.82,Notification,365,580,1
LA-02421,Industrial,Gujarat,Ahmedabad,7.5,124,59.93,100.0,69.1,0,0,1,75.8,48.64,91.16,69.45,Rehabilitation,340,521,0
LA-02422,Urban Development,Rajasthan,Jodhpur,10.59,101,72.35,60.9,100.0,1,1,1,63.67,81.56,71.81,75.37,Rehabilitation,357,542,1
LA-02423,Irrigation,Tamil Nadu,Tiruchirappalli,8.65,98,74.97,100.0,100.0,2,1,1,7.11,61.62,61.87,71.09,Rehabilitation,362,465,1
LA-02424,Power,Tamil Nadu,Chennai,26.38,136,65.95,24.85,22.0,6,4,1,6.71,98.8,40.69,36.51,Rehabilitation,437,682,1
LA-02425,Industrial,Madhya Pradesh,Bhopal,5.0,87,75.1,62.86,49.54,6,2,2,44.98,79.97,79.72,56.17,Rehabilitation,289,514,1
LA-02426,Highway,Tamil Nadu,Chennai,32.22,91,42.35,63.04,12.97,0,3,0,63.06,79.82,60.15,31.21,Valuation,485,482,1
LA-02427,Irrigation,Uttar Pradesh,Kanpur,13.75,84,92.26,84.52,52.73,1,2,1,42.31,97.93,68.02,71.63,Compensation,377,477,1
LA-02428,Railway,Rajasthan,Jaipur,11.21,1,61.97,50.88,75.12,0,2,0,100.0,79.62,56.3,64.06,Notification,380,497,0
LA-02429,Highway,Telangana,Karimnagar,7.13,83,70.07,95.31,28.67,1,1,0,90.8,76.12,67.79,70.75,Possession,390,515,0
LA-02430,Highway,Madhya Pradesh,Gwalior,17.01,57,71.97,87.76,36.72,0,0,1,79.03,60.68,57.4,59.64,Valuation,361,453,0
LA-02431,Industrial,Karnataka,Hubballi,8.94,139,57.47,73.62,39.49,2,2,2,53.44,38.75,94.5,69.59,Possession,475,528,1
LA-02432,Urban Development,Telangana,Khammam,8.49,89,99.69,60.21,76.29,1,5,0,100.0,92.68,40.96,59.43,Compensation,438,448,0
LA-02433,Power,Telangana,Hyderabad,5.06,143,93.23,89.87,79.46,3,2,3,70.54,61.48,65.89,83.13,Notification,403,483,1
LA-02434,Power,Tamil Nadu,Coimbatore,6.26,98,78.69,98.28,51.15,7,2,1,63.09,49.96,81.85,67.89,Compensation,614,683,1
LA-02435,Power,Madhya Pradesh,Gwalior,5.0,19,90.23,59.77,80.82,1,1,1,94.37,57.1,57.87,73.98,Compensation,287,517,0
LA-02436,Highway,Rajasthan,Udaipur,5.0,1,45.33,53.88,31.23,0,3,1,100.0,51.95,70.93,66.27,Notification,491,546,0
LA-02437,Highway,Maharashtra,Aurangabad,10.21,155,77.34,9.71,29.71,3,1,0,85.99,55.14,73.26,45.81,Possession,394,529,1
LA-02438,Industrial,Karnataka,Belagavi,6.52,1,80.18,74.74,52.02,0,3,0,27.15,76.14,68.73,57.56,Valuation,434,452,1
LA-02439,Railway,Tamil Nadu,Coimbatore,11.37,8,63.5,86.83,18.65,0,2,1,67.13,70.78,81.08,58.52,Valuation,196,383,0
LA-02440,Railway,Uttar Pradesh,Kanpur,8.61,68,88.12,65.13,28.42,1,1,3,96.65,39.0,78.83,54.86,Possession,291,347,0
LA-02441,Highway,Uttar Pradesh,Prayagraj,9.63,65,87.74,100.0,49.75,2,3,1,71.17,52.98,79.4,73.62,Valuation,354,565,0
LA-02442,Railway,Madhya Pradesh,Indore,6.81,7,81.31,29.2,60.7,0,6,1,80.6,65.83,95.1,59.76,Valuation,351,489,0
LA-02443,Railway,Karnataka,Belagavi,11.21,25,96.21,61.39,93.59,0,3,0,97.03,100.0,71.11,80.88,Rehabilitation,157,400,0
LA-02444,Power,Maharashtra,Nashik,5.0,138,93.06,93.62,70.31,2,5,4,71.42,78.5,53.83,85.55,Notification,277,511,0
LA-02445,Irrigation,Maharashtra,Aurangabad,14.86,71,70.95,91.03,76.5,1,2,1,46.46,71.24,70.51,83.16,Notification,203,589,0
LA-02446,Irrigation,Maharashtra,Nagpur,9.19,120,73.5,84.95,55.4,5,6,5,91.82,30.68,69.92,70.43,Notification,455,559,1
LA-02447,Urban Development,Madhya Pradesh,Gwalior,5.44,67,38.2,100.0,66.3,1,3,0,92.03,52.37,71.67,71.14,Rehabilitation,365,509,0
LA-02448,Power,Maharashtra,Pune,10.7,64,75.91,47.77,67.58,3,7,1,77.32,74.28,58.79,66.27,Notification,409,541,0
LA-02449,Irrigation,Gujarat,Kutch,10.26,40,69.73,78.69,92.88,0,3,0,69.65,79.85,62.8,72.93,Notification,458,427,0
LA-02450,Highway,Madhya Pradesh,Ujjain,38.31,150,82.38,58.52,67.67,3,3,6,81.54,100.0,50.7,71.86,Notification,448,609,0
LA-02451,Industrial,Karnataka,Belagavi,21.06,60,58.83,52.46,70.74,0,4,1,83.35,75.8,100.0,73.88,Rehabilitation,343,472,0
LA-02452,Irrigation,Telangana,Nizamabad,20.08,18,100.0,55.35,56.75,0,5,1,27.63,95.85,100.0,56.59,Compensation,198,416,1
LA-02453,Power,Tamil Nadu,Madurai,5.0,39,79.72,56.07,64.71,0,2,1,34.08,56.96,86.97,39.74,Valuation,229,472,1
LA-02454,Irrigation,Telangana,Karimnagar,7.18,130,94.75,66.14,100.0,4,0,6,66.18,81.8,99.12,89.83,Possession,184,532,0
LA-02455,Highway,Tamil Nadu,Madurai,5.0,37,60.11,71.72,95.8,2,2,2,45.86,69.17,44.5,72.57,Notification,266,482,0
LA-02456,Highway,Uttar Pradesh,Varanasi,9.06,30,64.4,24.62,55.29,2,1,0,45.75,46.1,84.94,57.34,Valuation,439,563,1
LA-02457,Highway,Maharashtra,Thane,11.75,56,74.38,80.94,73.83,3,2,0,25.9,49.26,77.87,77.71,Compensation,337,591,0
LA-02458,Power,Madhya Pradesh,Jabalpur,24.18,162,86.05,17.68,40.45,3,2,3,83.9,56.86,63.97,43.98,Rehabilitation,389,560,1
LA-02459,Urban Development,Uttar Pradesh,Prayagraj,21.74,91,78.57,75.72,100.0,1,3,2,35.76,91.27,100.0,78.78,Rehabilitation,385,415,0
LA-02460,Power,Madhya Pradesh,Indore,5.0,27,56.88,70.39,66.32,1,6,0,67.08,97.59,90.72,68.23,Compensation,333,596,1
LA-02461,Highway,Tamil Nadu,Chennai,24.89,182,100.0,54.83,89.16,4,3,1,45.76,53.96,65.35,81.17,Compensation,207,607,0
LA-02462,Power,Uttar Pradesh,Kanpur,5.0,163,100.0,60.21,34.18,5,2,1,96.5,76.02,72.52,84.91,Possession,444,756,1
LA-02463,Industrial,Telangana,Khammam,12.08,158,59.57,69.21,42.79,4,2,2,34.94,66.97,58.56,50.81,Notification,740,684,1
LA-02464,Irrigation,Telangana,Karimnagar,7.14,77,66.12,68.01,65.0,2,2,1,60.96,70.23,92.45,70.32,Notification,325,528,0
LA-02465,Power,Telangana,Nizamabad,14.19,92,83.63,40.59,45.73,6,2,0,62.04,64.45,51.16,53.15,Possession,416,538,1
LA-02466,Railway,Rajasthan,Ajmer,5.0,62,67.35,75.79,72.26,2,0,1,58.82,79.38,69.24,61.94,Possession,458,464,0
LA-02467,Power,Gujarat,Surat,14.59,77,82.33,79.85,59.94,1,4,3,82.83,68.51,71.45,71.35,Rehabilitation,361,506,0
LA-02468,Highway,Karnataka,Mangaluru,5.0,75,88.87,99.02,62.34,2,3,0,30.09,59.04,60.4,68.7,Rehabilitation,330,554,1
LA-02469,Railway,Uttar Pradesh,Lucknow,7.15,51,97.87,56.72,80.63,0,2,1,61.63,44.05,67.27,75.63,Rehabilitation,366,438,0
LA-02470,Power,Madhya Pradesh,Bhopal,5.0,78,83.62,56.76,47.79,0,1,4,96.8,70.32,72.41,57.4,Valuation,375,519,0
LA-02471,Railway,Maharashtra,Pune,8.85,164,52.14,47.11,69.09,1,1,5,87.05,67.31,38.51,58.08,Rehabilitation,518,512,1
LA-02472,Power,Gujarat,Surat,9.08,87,100.0,77.65,64.61,4,1,0,27.5,62.45,25.92,57.98,Compensation,629,610,0
LA-02473,Industrial,Karnataka,Mysuru,13.4,134,62.24,67.13,65.69,3,3,1,86.09,64.05,31.19,72.38,Compensation,332,577,0
LA-02474,Power,Uttar Pradesh,Lucknow,5.0,94,85.77,79.19,48.74,3,1,2,100.0,86.42,60.11,67.59,Valuation,430,556,0
LA-02475,Urban Development,Uttar Pradesh,Lucknow,5.17,11,76.91,62.51,75.62,0,4,0,56.73,63.13,55.56,71.93,Compensation,375,515,0
LA-02476,Railway,Maharashtra,Nagpur,7.14,110,92.54,88.91,49.56,1,7,6,62.7,81.55,49.34,60.97,Rehabilitation,478,392,0
LA-02477,Power,Telangana,Khammam,17.37,116,100.0,80.37,71.79,3,0,1,52.14,100.0,96.65,70.22,Rehabilitation,409,662,1
LA-02478,Railway,Madhya Pradesh,Jabalpur,41.69,134,75.98,73.86,43.93,3,2,7,31.17,67.0,56.17,59.45,Notification,522,617,1
LA-02479,Irrigation,Maharashtra,Pune,5.0,111,71.18,66.19,38.85,3,3,2,63.27,67.32,41.2,43.05,Notification,260,485,1
LA-02480,Irrigation,Madhya Pradesh,Indore,5.0,69,82.44,100.0,22.09,1,0,3,64.6,90.89,93.91,87.93,Possession,379,563,0
LA-02481,Irrigation,Rajasthan,Kota,6.72,1,64.65,100.0,45.73,1,1,1,52.87,97.44,39.54,59.85,Rehabilitation,287,461,0
LA-02482,Urban Development,Gujarat,Rajkot,8.88,118,71.62,70.01,10.04,4,3,1,43.92,71.51,79.74,52.51,Notification,411,573,1
LA-02483,Urban Development,Madhya Pradesh,Gwalior,6.59,161,79.36,86.44,72.62,3,5,0,48.32,73.71,73.8,70.65,Rehabilitation,475,717,1
LA-02484,Irrigation,Tamil Nadu,Coimbatore,5.0,32,87.92,51.93,25.22,0,1,1,46.13,71.68,78.01,48.37,Possession,392,413,0
LA-02485,Power,Madhya Pradesh,Indore,26.87,153,56.6,67.18,74.04,5,1,2,39.6,87.55,83.93,62.7,Rehabilitation,375,599,1
LA-02486,Highway,Uttar Pradesh,Agra,15.41,77,79.05,35.77,52.49,2,0,1,100.0,32.38,95.48,67.99,Valuation,271,589,0
LA-02487,Irrigation,Madhya Pradesh,Gwalior,5.0,138,100.0,35.92,65.79,1,4,1,66.48,82.72,80.18,65.05,Rehabilitation,259,543,0
LA-02488,Railway,Karnataka,Mysuru,5.0,137,87.74,66.15,65.84,3,3,2,28.15,64.11,72.48,75.23,Notification,275,538,1
LA-02489,Urban Development,Tamil Nadu,Madurai,9.56,66,67.49,28.02,100.0,3,2,1,52.46,47.36,68.64,77.34,Possession,313,511,0
LA-02490,Power,Maharashtra,Nagpur,11.58,118,100.0,97.23,64.55,3,2,0,82.96,78.88,80.38,88.79,Possession,247,406,0
LA-02491,Industrial,Madhya Pradesh,Gwalior,7.62,139,100.0,73.12,48.02,4,4,2,76.27,45.62,60.72,73.12,Compensation,357,629,1
LA-02492,Power,Telangana,Hyderabad,5.0,79,74.02,59.91,73.29,1,7,1,81.46,17.24,85.7,83.4,Compensation,318,541,1
LA-02493,Railway,Madhya Pradesh,Bhopal,5.5,56,82.29,77.03,49.87,2,5,0,41.72,37.5,86.28,59.58,Notification,527,536,1
LA-02494,Railway,Uttar Pradesh,Varanasi,14.26,55,93.74,93.44,84.38,1,1,1,43.74,63.31,71.91,74.28,Compensation,421,501,0
LA-02495,Power,Rajasthan,Jaipur,14.08,51,91.42,67.37,95.77,3,2,0,100.0,45.32,65.01,82.15,Possession,179,531,0
LA-02496,Industrial,Tamil Nadu,Salem,5.0,31,85.62,85.33,63.96,1,3,2,30.38,17.07,72.4,69.44,Rehabilitation,364,515,0
LA-02497,Irrigation,Telangana,Karimnagar,18.78,24,67.81,68.11,82.89,0,3,0,38.91,28.81,56.91,73.13,Notification,510,654,0
LA-02498,Urban Development,Karnataka,Hubballi,5.0,48,100.0,83.67,84.32,0,3,1,80.27,63.07,43.56,70.81,Valuation,271,470,0
LA-02499,Power,Telangana,Hyderabad,7.46,99,76.05,60.55,67.12,3,1,1,63.74,72.51,93.95,87.12,Valuation,382,543,0
LA-02500,Irrigation,Gujarat,Rajkot,20.58,38,74.48,36.89,40.63,1,2,1,98.86,45.99,64.53,65.76,Rehabilitation,299,541,0
